osm_id,name,operator,telecom,building,addr:housenumber,addr:street,addr:city,addr:state,addr:postcode,source_layer,lat,lon,geometry
1825907839,Southwest Cyberport,,,,,,,,,points,35.1032925,-106.5893487,POINT (-106.5893487 35.1032925)
2590601520,FCR,,,,,,,,,points,42.4378824,-123.32862990000001,POINT (-123.32862990000001 42.4378824)
2607827436,SDSU Computer Room,,,,,,,,,points,32.7750252,-117.070888,POINT (-117.070888 32.7750252)
3468203102,Center for Computation & Technology (CCT),,,,,,,,,points,30.407446,-91.1725454,POINT (-91.1725454 30.407446)
3732415309,The Pittock Internet Exchange,,,,,,,,,points,45.5214248,-122.680562,POINT (-122.680562 45.5214248)
4880873533,365 Data Centers,,,,,,,,,points,37.3383763,-121.91055510000001,POINT (-121.91055510000001 37.3383763)
5146323411,Open Computing Facility,,,,,,,,,points,37.8698521,-122.2598231,POINT (-122.2598231 37.8698521)
5225685660,Lumos Networks,,,,,,,,,points,37.415688,-79.1427063,POINT (-79.1427063 37.415688)
6685432442,Switch TAHOE RENO - The Citadel Campus,,,,,,,,,points,39.5157415,-119.4713452,POINT (-119.4713452 39.5157415)
6793837329,Morgan Wireless,,,,,,,,,points,39.6309851,-78.2253196,POINT (-78.2253196 39.6309851)
6808047613,Choctaw Nation of Oklahoma Data Center,,,,,,,,,points,33.971688,-96.4028494,POINT (-96.4028494 33.971688)
6856057098,VIRTBIZ,,,,,,,,,points,32.7825463,-96.7828145,POINT (-96.7828145 32.7825463)
7259975451,,,,,,,,,,points,49.2743926,-122.91231180000001,POINT (-122.91231180000001 49.2743926)
7264976228,Learning GIS!,,,,,,,,,points,40.42179,-86.9141546,POINT (-86.9141546 40.42179)
7264976991,Agricultural and Biological Engineering,,,,,,,,,points,40.4218543,-86.9165454,POINT (-86.9165454 40.4218543)
7324132050,Windstream Communications,,,,,,,,,points,35.881397,-78.851552,POINT (-78.851552 35.881397)
7324132051,Level 3 Communications,,,,,,,,,points,35.881364,-78.85157260000001,POINT (-78.85157260000001 35.881364)
7423864291,,,,,,,,,,points,18.8523464,-99.2000785,POINT (-99.2000785 18.8523464)
7557854384,OptimumHQ,,,,,,,,,points,33.3804766,-111.75275370000001,POINT (-111.75275370000001 33.3804766)
7557868585,The Chatfield Group,,,,,,,,,points,33.3805965,-111.7528274,POINT (-111.7528274 33.3805965)
7578821329,All About Serving Process Server,,,,,,,,,points,33.3199157,-111.8096862,POINT (-111.8096862 33.3199157)
7683756060,Centre de données d'Hydro-Québec,,,,,,,,,points,45.8839047,-72.5278877,POINT (-72.5278877 45.8839047)
7727446947,Data Doctors,,,,,,,,,points,33.3769975,-111.8432453,POINT (-111.8432453 33.3769975)
7737996606,Emailage,,,,,,,,,points,33.302965,-111.8405386,POINT (-111.8405386 33.302965)
7821940847,Alliance Technology,,,,,,,,,points,33.3799963,-111.72830730000001,POINT (-111.72830730000001 33.3799963)
7852403847,,,,,,,,,,points,49.2647975,-123.10376280000001,POINT (-123.10376280000001 49.2647975)
7985753364,8100 Boone Boulevard,,,,,,,,,points,38.9137236,-77.22588250000001,POINT (-77.22588250000001 38.9137236)
8017899486,HiPerGator,,,,,,,,,points,29.6728187,-82.2997617,POINT (-82.2997617 29.6728187)
8165754026,Data Holdings Data Center,,,,,,,,,points,43.0439341,-87.9541008,POINT (-87.9541008 43.0439341)
8238715059,,,,,,,,,,points,37.4027449,-121.8910517,POINT (-121.8910517 37.4027449)
8238715061,,,,,,,,,,points,37.4026341,-121.89105710000001,POINT (-121.89105710000001 37.4026341)
1701662,"OVHcloud, Centre de données de Beauharnois",,,data_center,,,,,,polygons,45.30844845,-73.89389494826217,"MULTIPOLYGON (((-73.8941334 45.307663, -73.8941927 45.3079526, -73.8939229 45.3079799, -73.8939496 45.3081106, -73.892489 45.3082584, -73.8924636 45.3081343, -73.8920311 45.3081781, -73.8918006 45.3082014, -73.8918551 45.3084678, -73.8915072 45.308503, -73.8915431 45.3086784, -73.8921624 45.3086158, -73.8922026 45.3088121, -73.8916548 45.3088675, -73.8917206 45.3091895, -73.8920694 45.3091543, -73.8920968 45.3092879, -73.8926595 45.309231, -73.892645 45.30916, -73.8933544 45.3090882, -73.8933969 45.3092958, -73.8945034 45.3091838, -73.8945205 45.3092672, -73.8950797 45.3092106, -73.8950273 45.3089542, -73.8962517 45.3088303, -73.8960677 45.3079305, -73.8947235 45.3080665, -73.8946307 45.3076127, -73.8941334 45.307663), (-73.8960444 45.3085755, -73.896062 45.3086708, -73.892665 45.3089823, -73.8926473 45.3088871, -73.8960444 45.3085755), (-73.8959621 45.3083362, -73.8959795 45.3084291, -73.8928564 45.3087182, -73.892839 45.3086253, -73.8959621 45.3083362), (-73.895949 45.3080862, -73.8959668 45.3081834, -73.8927528 45.3084745, -73.892735 45.3083773, -73.895949 45.3080862)))"
9892863,QTS Richmond Data Center,,,yes,,,,,,polygons,37.4888273,-77.24748997136237,"MULTIPOLYGON (((-77.2471184 37.4883098, -77.2470355 37.4884019, -77.247162 37.4884724, -77.2472571 37.4885249, -77.2473676 37.4884028, -77.2475052 37.4884818, -77.2474788 37.4885092, -77.2475187 37.4885312, -77.247523 37.4885267, -77.2484094 37.4890454, -77.2476416 37.4899127, -77.2474559 37.4898213, -77.247431 37.4898467, -77.2474191 37.4898405, -77.2469022 37.4895432, -77.2467305 37.4894563, -77.2467626 37.4894122, -77.2464588 37.4892437, -77.2463372 37.4891762, -77.2463047 37.4892094, -77.2461868 37.4891422, -77.2461062 37.4892199, -77.2464969 37.4894507, -77.2463989 37.4895477, -77.2463235 37.4896051, -77.2462156 37.4896692, -77.2459429 37.4893426, -77.24586 37.4894272, -77.24609 37.489695, -77.2461088 37.4896838, -77.2465659 37.4902206, -77.2465472 37.4902284, -77.2467274 37.4904451, -77.246345 37.4906563, -77.246145 37.4904257, -77.2461248 37.4904369, -77.2456046 37.48983, -77.2456277 37.4898154, -77.2455278 37.489703, -77.2455781 37.489679, -77.2455559 37.4896537, -77.2454237 37.4897015, -77.24539 37.4897046, -77.2453667 37.4896964, -77.245343 37.4896648, -77.2453392 37.4896517, -77.2453703 37.4896187, -77.2451164 37.4894749, -77.2451046 37.4894882, -77.2442039 37.4889644, -77.2442702 37.4889007, -77.243975 37.4887539, -77.2443014 37.4883931, -77.2446802 37.4886061, -77.244601 37.488692, -77.2454201 37.4891661, -77.2453829 37.4892101, -77.2454563 37.4892559, -77.2457056 37.4893913, -77.2460236 37.4890489, -77.2453999 37.4886869, -77.2454152 37.4886688, -77.2451158 37.4884919, -77.2450938 37.4885188, -77.244975 37.4884472, -77.2449444 37.4884811, -77.2441351 37.4880163, -77.244162 37.4879865, -77.2440383 37.4879155, -77.2440974 37.4878503, -77.2440692 37.4878351, -77.2443564 37.4875103, -77.2443876 37.4875279, -77.2444363 37.4874731, -77.2444068 37.4874564, -77.2447093 37.4871165, -77.2447376 37.4871294, -77.2447895 37.4870688, -77.2450523 37.4872143, -77.2453136 37.4873663, -77.2453861 37.4872865, -77.2454647 37.4873318, -77.245392 37.4874119, -77.245857 37.4876824, -77.2458329 37.487709, -77.2466539 37.4881821, -77.246732 37.4880963, -77.2467725 37.4881196, -77.2468016 37.4880876, -77.2469131 37.4881518, -77.2468892 37.4881781, -77.2471184 37.4883098), (-77.2463676 37.4891345, -77.2464919 37.4892073, -77.2466249 37.4892853, -77.2466973 37.4892046, -77.2466693 37.4891887, -77.2466959 37.489159, -77.2466628 37.4891402, -77.247171 37.4885732, -77.2472301 37.4886069, -77.2472523 37.4885821, -77.2471288 37.4885082, -77.2470019 37.4884322, -77.2463676 37.4891345), (-77.2457892 37.4877947, -77.2452197 37.4884126, -77.2452056 37.4884039, -77.2451582 37.4884527, -77.2454582 37.4886248, -77.2460949 37.4879153, -77.2458863 37.4877988, -77.2458545 37.4878319, -77.2457892 37.4877947)))"
,Equinix SV1,,,data_center,,,,,,polygons,37.241577649999996,-121.78334986138165,"MULTIPOLYGON (((-121.7834603 37.2422761, -121.7826381 37.2418062, -121.7824531 37.2417006, -121.7824533 37.241696, -121.7832129 37.2409013, -121.783226 37.2409091, -121.7837125 37.241199, -121.7837645 37.24123, -121.7842116 37.2414964, -121.784055 37.2416589, -121.7837 37.2420273, -121.7836817 37.2420464, -121.7834603 37.2422761)))"
,Equinix SV2,,,data_center,,,,,,polygons,37.3786047,-121.9549478926224,"MULTIPOLYGON (((-121.9552865 37.3790548, -121.9545913 37.3789048, -121.9545999 37.3778749, -121.9552951 37.3778749, -121.9553037 37.3780181, -121.9554325 37.3780113, -121.955441 37.3783046, -121.9553123 37.3783046, -121.9552865 37.3790548)))"
,,,,data_center,,,,,,polygons,37.3780464,-121.954127675,"MULTIPOLYGON (((-121.9544151 37.378254, -121.9540031 37.3782539, -121.9540031 37.3782987, -121.9539348 37.3782987, -121.9539348 37.3782566, -121.9538941 37.3782566, -121.9538811 37.3782566, -121.953881 37.3780778, -121.9538403 37.3780778, -121.9538402 37.378015, -121.9538845 37.378015, -121.9538844 37.3778393, -121.9542571 37.3778393, -121.9542571 37.3777762, -121.9544151 37.3777762, -121.9544151 37.378254)))"
,2820 Northwestern Parkway,,,data_center,,,,,,polygons,37.372569299999995,-121.97365893917444,"MULTIPOLYGON (((-121.9741996 37.3728786, -121.9737195 37.3728781, -121.9737193 37.3730163, -121.9731546 37.3730158, -121.9731545 37.3730353, -121.9730933 37.3730352, -121.9730936 37.3728772, -121.9731173 37.3728773, -121.973119 37.3717801, -121.9740344 37.371781, -121.9740343 37.3718545, -121.9740984 37.3718546, -121.9740978 37.3722613, -121.9742006 37.3722614, -121.9741996 37.3728786)))"
,,,,data_center,,,,,,polygons,37.37145735,-121.96968428399869,"MULTIPOLYGON (((-121.9700015 37.3710209, -121.9700037 37.3711466, -121.9703086 37.3711487, -121.9703116 37.3715923, -121.9703132 37.3718297, -121.9696969 37.3718308, -121.9696972 37.3719206, -121.9691735 37.3719217, -121.9691732 37.3718318, -121.9691552 37.3718318, -121.969052 37.3718318, -121.96906 37.3713224, -121.9690922 37.3713021, -121.9691392 37.3713117, -121.9691955 37.3713117, -121.9692491 37.3712968, -121.9692934 37.3712776, -121.9693283 37.371251, -121.9693564 37.3712169, -121.9693685 37.3711796, -121.9693765 37.3711423, -121.9699285 37.3711461, -121.9699264 37.371022, -121.9700015 37.3710209)))"
,,,,data_center,,,,,,polygons,37.373562449999994,-121.97277134982627,"MULTIPOLYGON (((-121.9733204 37.3738239, -121.972226 37.3738287, -121.9722223 37.373301, -121.9733167 37.3732963, -121.9733204 37.3738239)))"
,Paypal,,,yes,,,,,,polygons,40.5861023,-111.96973252502387,"MULTIPOLYGON (((-111.9708127 40.5855493, -111.9708196 40.5866475, -111.9686523 40.5866554, -111.9686455 40.5855571, -111.9708127 40.5855493)))"
,,,,data_center,,,,,,polygons,38.79048435,-77.54111083173377,"MULTIPOLYGON (((-77.5414689 38.7913122, -77.5407501 38.7913122, -77.5407608 38.7896565, -77.5414635 38.7896482, -77.5414689 38.7913122)))"
,,,,data_center,,,,,,polygons,38.790348449999996,-77.5400060399839,"MULTIPOLYGON (((-77.5402458 38.7907394, -77.539865 38.7907603, -77.5397738 38.7899575, -77.5401386 38.7899324, -77.5402458 38.7907394)))"
,,,,data_center,,,,,,polygons,38.7912098,-77.53826854781123,"MULTIPOLYGON (((-77.5394144 38.7913624, -77.5371774 38.7915129, -77.5371184 38.7910572, -77.5393661 38.7908857, -77.5394144 38.7913624)))"
,CyrusOne,,,yes,,,,,,polygons,39.10273685,-84.51789008960614,"MULTIPOLYGON (((-84.5182292 39.102892, -84.518206 39.1028036, -84.5181821 39.1028074, -84.5180973 39.1024849, -84.5181216 39.102481, -84.5180985 39.1023934, -84.5175453 39.1024813, -84.5175999 39.1026701, -84.5176589 39.1029055, -84.5175434 39.1029229, -84.5175628 39.1030005, -84.5176588 39.1029855, -84.5176626 39.1029999, -84.5177628 39.1029841, -84.5177533 39.1029482, -84.5180329 39.102904, -84.5180377 39.1029223, -84.5182292 39.102892)))"
,,,,data_center,,,,,,polygons,39.021675849999994,-77.43279770706803,"MULTIPOLYGON (((-77.4332131 39.0222458, -77.4323629 39.0222369, -77.4323823 39.0211083, -77.4332231 39.021117, -77.4332208 39.0212532, -77.4335731 39.0212568, -77.4335659 39.0216776, -77.4332229 39.0216741, -77.4332131 39.0222458)))"
,,,,data_center,,,,,,polygons,39.02157365,-77.43479150003337,"MULTIPOLYGON (((-77.435002 39.0219858, -77.4345799 39.0219854, -77.434581 39.0211616, -77.4350031 39.0211619, -77.435002 39.0219858)))"
,,,,data_center,,,,,,polygons,39.0238739,-77.41487266052007,"MULTIPOLYGON (((-77.415959 39.0243739, -77.4142909 39.0238905, -77.4145183 39.0233834, -77.4149543 39.0234972, -77.4148453 39.0237104, -77.4156652 39.0239332, -77.4157742 39.0237341, -77.4162054 39.0238573, -77.415959 39.0243739)))"
,,,,data_center,,,,,,polygons,39.02330535,-77.41323750040996,"MULTIPOLYGON (((-77.4139498 39.0238108, -77.412273 39.0233207, -77.412523 39.0228045, -77.4129476 39.0229286, -77.4128961 39.023035, -77.4137221 39.0232764, -77.4137758 39.0231654, -77.414202 39.02329, -77.4139498 39.0238108)))"
,,,,data_center,,,,,,polygons,39.0250092,-77.41244596009363,"MULTIPOLYGON (((-77.4128557 39.0255518, -77.4132578 39.024676, -77.4115061 39.0241692, -77.4111812 39.0248412, -77.412393 39.0251772, -77.4122938 39.0253921, -77.4128557 39.0255518)))"
,,,,yes,,,,,,polygons,39.00465535,-77.4416634069238,"MULTIPOLYGON (((-77.4419426 39.0055301, -77.4407043 39.0045274, -77.4411525 39.0041931, -77.4411342 39.0041783, -77.4411791 39.0041448, -77.4411996 39.0041614, -77.4416267 39.0038429, -77.4424507 39.0045101, -77.4423645 39.0045744, -77.4425645 39.0047363, -77.4425435 39.0047519, -77.4426491 39.0048374, -77.442543 39.0049165, -77.442771 39.0051011, -77.4426596 39.0051842, -77.4426359 39.005165, -77.44253 39.005244, -77.4424675 39.0051934, -77.4424238 39.0052261, -77.4423885 39.0051975, -77.4419426 39.0055301)))"
,DFT VA3,,,data_center,,,,,,polygons,38.948406250000005,-77.32732208603068,"MULTIPOLYGON (((-77.3277995 38.9487272, -77.3277365 38.9486144, -77.3279824 38.9485314, -77.3278256 38.9482503, -77.3277327 38.9482811, -77.3276207 38.9480728, -77.3275819 38.9480855, -77.3275154 38.947962, -77.3274507 38.9479146, -77.3273036 38.9479642, -77.3272558 38.9478786, -77.3269167 38.9479931, -77.3269698 38.9480882, -77.32662 38.9482063, -77.327105 38.9490754, -77.3275318 38.9489313, -77.3274784 38.9488356, -77.3277995 38.9487272)))"
,Rogers Calgary Data Centre 2,,,yes,,,,,,polygons,51.0438235,-114.09215929913671,"MULTIPOLYGON (((-114.0917097 51.0439829, -114.0922549 51.0439992, -114.0922537 51.0440348, -114.0924345 51.044041, -114.0924349 51.0440032, -114.092504 51.044007, -114.0925075 51.0439177, -114.0925933 51.0439177, -114.0926054 51.0437293, -114.0917267 51.0436991, -114.0917097 51.0439829)))"
,Equinix NY7 Data Center,,,data_center,,,,,,polygons,40.79686485,-74.03114034212405,"MULTIPOLYGON (((-74.031732 40.7964859, -74.031175 40.7962663, -74.0305486 40.7972438, -74.0311087 40.7974589, -74.031732 40.7964859)))"
,Equinix SV4,,,data_center,,,,,,polygons,37.41460445,-122.01455581751013,"MULTIPOLYGON (((-122.0150287 37.4137845, -122.0149503 37.4140226, -122.0144294 37.4139144, -122.0143758 37.4140772, -122.0145736 37.4141182, -122.0145441 37.4142078, -122.0141962 37.4141354, -122.0139493 37.4148843, -122.013896 37.4150477, -122.014036 37.4150765, -122.0140193 37.4151278, -122.014551 37.4152373, -122.0146102 37.4150558, -122.0149031 37.4151161, -122.0151614 37.4143246, -122.0150576 37.4143032, -122.0150783 37.4142398, -122.0151818 37.4142611, -122.0152114 37.4141709, -122.0151093 37.4141497, -122.0152166 37.4138235, -122.0150287 37.4137845)))"
,Aureon,,,yes,,,,,,polygons,41.5879894,-93.63100683162563,"MULTIPOLYGON (((-93.6311986 41.5881429, -93.6308955 41.588179, -93.6308097 41.5879523, -93.6308338 41.5879443, -93.6308016 41.587862, -93.6310672 41.5878038, -93.6311101 41.5879021, -93.631153 41.5878921, -93.631204 41.5880265, -93.6311771 41.5880365, -93.6311879 41.5880646, -93.6311691 41.5880686, -93.6311986 41.5881429)))"
,Intergate Manhattan,,,data_center,,,,,,polygons,40.71087935,-74.00118711356961,"MULTIPOLYGON (((-74.0014018 40.7105866, -74.0012116 40.7105069, -74.0010367 40.7107429, -74.0009867 40.7107217, -74.0008416 40.7109192, -74.0008915 40.7109404, -74.0008226 40.7110341, -74.0010232 40.7111195, -74.0009874 40.7111682, -74.0011771 40.7112489, -74.0012565 40.7111408, -74.0013409 40.7111763, -74.001545 40.7108968, -74.0014617 40.7108619, -74.0015683 40.7107222, -74.001365 40.710637, -74.0014018 40.7105866)))"
,Equinix SV8,,,data_center,,,,,,polygons,37.44591575,-122.16074213472186,"MULTIPOLYGON (((-122.1606755 37.4458734, -122.1609444 37.4456064, -122.161101 37.4457058, -122.160957 37.4458487, -122.1609338 37.445834, -122.1608088 37.4459581, -122.1608339 37.445974, -122.1606191 37.4461872, -122.1604735 37.4460948, -122.1604606 37.4460866, -122.1606755 37.4458734)))"
,Telegraph Building,,,yes,,,,,,polygons,41.87611225,-87.63150881250675,"MULTIPOLYGON (((-87.6316943 41.8764371, -87.6316772 41.8757654, -87.6314026 41.8757678, -87.6314014 41.875787, -87.6313167 41.8757874, -87.6313466 41.8764395, -87.6316943 41.8764371)))"
,,,,data_center,,,,,,polygons,38.91371305,-77.22583323152261,"MULTIPOLYGON (((-77.2255572 38.9137509, -77.2259183 38.913958, -77.2259944 38.9139487, -77.2261027 38.9138369, -77.2260898 38.9137807, -77.2261159 38.9137411, -77.2261055 38.913685, -77.2260551 38.9136621, -77.2260536 38.9135995, -77.2257857 38.9134459, -77.2257127 38.9134519, -77.2255525 38.9136271, -77.2255572 38.9137509)))"
,Equinix SV5,,,data_center,,,,,,polygons,37.24189425,-121.78159761972707,"MULTIPOLYGON (((-121.7831041 37.242353, -121.7826585 37.242832, -121.7826397 37.242821, -121.7822139 37.2425705, -121.7819163 37.2423954, -121.7818405 37.2424763, -121.7804664 37.2416587, -121.780557 37.2415621, -121.7805971 37.241586, -121.7806737 37.2416316, -121.7807491 37.2415512, -121.7807611 37.2415385, -121.7808848 37.2414067, -121.7810116 37.2414822, -121.7811716 37.2413118, -121.7813101 37.2413942, -121.7813367 37.2413659, -121.7818082 37.2416468, -121.7819114 37.2417083, -121.7819505 37.2416667, -121.7819579 37.2416711, -121.7826455 37.2420802, -121.7830405 37.2423152, -121.7831041 37.242353)))"
,Colosseum Online Inc.,,,yes,,,,,,polygons,43.77945175,-79.48981970940896,"MULTIPOLYGON (((-79.4899936 43.7796936, -79.4897827 43.7797399, -79.4897905 43.7797584, -79.4895181 43.7798182, -79.4895385 43.7798668, -79.4893722 43.7799033, -79.4892447 43.7796004, -79.4895876 43.7795252, -79.4896021 43.7795595, -79.4896865 43.779541, -79.4897021 43.7795779, -79.489798 43.7795569, -79.4897684 43.7794865, -79.4897107 43.7794992, -79.4896334 43.7793155, -79.4896834 43.7793045, -79.4896498 43.7792247, -79.489557 43.779245, -79.4895778 43.7792945, -79.4894896 43.7793138, -79.4895009 43.7793406, -79.4891523 43.779417, -79.4890285 43.7791227, -79.4891841 43.7790885, -79.4892095 43.779149, -79.4896902 43.7790435, -79.4897771 43.7790664, -79.4900342 43.7796438, -79.4899936 43.7796936)))"
,,,,yes,,,,,,polygons,35.89826565,-81.54737429595463,"MULTIPOLYGON (((-81.5464023 35.8983718, -81.546604 35.8979596, -81.5465616 35.8979468, -81.5466201 35.8978249, -81.5466684 35.8978379, -81.5467218 35.8977126, -81.5483206 35.8981986, -81.5482681 35.8983327, -81.5485256 35.8984065, -81.5482573 35.898941, -81.5472102 35.8986158, -81.5471941 35.8986549, -81.5471083 35.8986288, -81.5471265 35.8985938, -81.5464023 35.8983718)))"
,,,,yes,,,,,,polygons,41.221485599999994,-95.86382197398765,"MULTIPOLYGON (((-95.865882 41.2217721, -95.8617567 41.2217498, -95.861762 41.2211991, -95.8658872 41.2212214, -95.865882 41.2217721)))"
,360 Spear Street Data Center,,,data_center,,,,,,polygons,37.78899165,-122.39013668645539,"MULTIPOLYGON (((-122.3906265 37.7891359, -122.3903153 37.7893799, -122.3896469 37.7888474, -122.389958 37.7886034, -122.3906265 37.7891359)))"
,Equinix NY5 Data Center,,,yes,,,,,,polygons,40.77862955,-74.07229969299424,"MULTIPOLYGON (((-74.072894 40.7793526, -74.0723689 40.7791931, -74.072328 40.7792704, -74.0714598 40.7790066, -74.0715025 40.7789261, -74.0712119 40.7788378, -74.0714326 40.7784213, -74.0712869 40.778377, -74.0713364 40.7782835, -74.0714797 40.7783271, -74.0717503 40.7778164, -74.0734365 40.7783288, -74.072894 40.7793526)))"
,Equinix NY4 Data Center,,,yes,,,,,,polygons,40.77642805000001,-74.06977591147162,"MULTIPOLYGON (((-74.0685732 40.7775067, -74.0698896 40.775019, -74.0709786 40.7753494, -74.0696622 40.7778372, -74.0685732 40.7775067)))"
,Equinix NY2 Data Center,,,data_center,,,,,,polygons,40.777582249999995,-74.07594031554937,"MULTIPOLYGON (((-74.0771766 40.7784334, -74.0756717 40.7788311, -74.074704 40.7767311, -74.0748618 40.7766895, -74.0755237 40.7765145, -74.075255 40.7759314, -74.0759403 40.7757503, -74.0771766 40.7784334)))"
,,,,data_center,,,,,,polygons,40.549213449999996,-74.45820960795598,"MULTIPOLYGON (((-74.4579504 40.5496127, -74.4576322 40.5491379, -74.4584689 40.5488142, -74.458787 40.549289, -74.4579504 40.5496127)))"
,,,,data_center,,,,,,polygons,40.55304865,-74.45922721301082,"MULTIPOLYGON (((-74.4599068 40.5528661, -74.4603316 40.5536027, -74.4590132 40.5540416, -74.4587962 40.5536652, -74.4585789 40.5532839, -74.4585483 40.5532312, -74.4581729 40.5525844, -74.4580808 40.5524246, -74.4593922 40.5519881, -74.4593886 40.5519819, -74.4598874 40.551815, -74.4601511 40.5522699, -74.4602843 40.5524997, -74.4599696 40.5526051, -74.4600832 40.5528095, -74.4599068 40.5528661)))"
,,,,data_center,,,,,,polygons,40.553791149999995,-74.45706791394755,"MULTIPOLYGON (((-74.4577366 40.5537968, -74.457683 40.5538146, -74.4576423 40.5537435, -74.4577948 40.553693, -74.4577167 40.5535567, -74.4578253 40.5535208, -74.4577401 40.5533722, -74.4576305 40.5534084, -74.4575533 40.5532738, -74.4571296 40.553414, -74.4570733 40.5533158, -74.4570533 40.5533224, -74.4568121 40.5534023, -74.4567746 40.5534147, -74.4568344 40.5535189, -74.4564108 40.5536591, -74.4564833 40.5537855, -74.4563795 40.5538199, -74.4563958 40.5538483, -74.4564745 40.5539856, -74.4565795 40.5539508, -74.4566505 40.5540745, -74.4568711 40.5540015, -74.4569131 40.5540747, -74.4568862 40.5540835, -74.4569622 40.554216, -74.4569832 40.554209, -74.4570676 40.5541811, -74.4571429 40.5543124, -74.4577787 40.5541019, -74.4577881 40.5540988, -74.457714 40.5539694, -74.4578161 40.5539356, -74.457748 40.5538168, -74.4577366 40.5537968)))"
,Intergate Seattle East Building 2,,,data_center,,,,,,polygons,47.4950309,-122.29056965,"MULTIPOLYGON (((-122.2896919 47.495363, -122.2897095 47.4946784, -122.2914474 47.4946988, -122.2914298 47.4953834, -122.2896919 47.495363)))"
,Intergate Seattle East Building 1,,,data_center,,,,,,polygons,47.4948596,-122.28819430066527,"MULTIPOLYGON (((-122.2870173 47.4950761, -122.2870305 47.4946127, -122.2893713 47.4946431, -122.2893581 47.4951066, -122.2870173 47.4950761)))"
,,,,data_center,,,,,,polygons,37.376959850000006,-121.95205927956067,"MULTIPOLYGON (((-121.9523621 37.3772653, -121.9521423 37.3772635, -121.952141 37.3771978, -121.9519697 37.377195, -121.9519678 37.3771367, -121.9517819 37.3771338, -121.9517557 37.3771155, -121.9517571 37.376801, -121.9519638 37.3768021, -121.9523622 37.3768042, -121.9523621 37.3772653)))"
,1100 Space Park Drive,,,data_center,,,,,,polygons,37.375795249999996,-121.9533356186873,"MULTIPOLYGON (((-121.9528396 37.3759221, -121.9528401 37.3757095, -121.9528423 37.3755491, -121.9538306 37.3755524, -121.9538316 37.375881, -121.9538317 37.3759002, -121.9538322 37.3760948, -121.9528402 37.3760947, -121.9528401 37.3760593, -121.95284 37.376027, -121.9528396 37.3759221)))"
,3105 Alfred Street,,,data_center,,,,,,polygons,37.37827855,-121.95808945412804,"MULTIPOLYGON (((-121.9584291 37.3786543, -121.957792 37.3786539, -121.9577927 37.3779205, -121.9584193 37.3779209, -121.9584191 37.3782157, -121.9583866 37.3782157, -121.9583865 37.3783414, -121.9584293 37.3783415, -121.9584291 37.3786543)))"
,1201 Comstock Street,,,data_center,,,,,,polygons,37.374996550000006,-121.95407689999999,"MULTIPOLYGON (((-121.9543441 37.3752142, -121.9538104 37.3752148, -121.9538097 37.3747789, -121.9543434 37.3747783, -121.9543441 37.3752142)))"
,1525 Comstock Street,,,data_center,,,,,,polygons,37.37488095,-121.9559990878378,"MULTIPOLYGON (((-121.9564445 37.3751249, -121.9554556 37.3751201, -121.9554585 37.3747399, -121.9565418 37.3747451, -121.9565397 37.3750172, -121.9564453 37.3750168, -121.9564445 37.3751249)))"
,1725 Comstock Street,,,data_center,,,,,,polygons,37.3750232,-121.9580962,"MULTIPOLYGON (((-121.9585021 37.3752573, -121.957692 37.3752591, -121.9576903 37.3747891, -121.9585004 37.3747873, -121.9585021 37.3752573)))"
,1500 Space Park Drive,,,data_center,,,,,,polygons,37.37576825,-121.95518440075934,"MULTIPOLYGON (((-121.9554908 37.3760318, -121.9553298 37.3760302, -121.9553308 37.3759694, -121.9548704 37.3759646, -121.954877 37.3755654, -121.9554984 37.3755719, -121.9554908 37.3760318)))"
,,,,data_center,,,,,,polygons,37.37642765,-121.94847572664037,"MULTIPOLYGON (((-121.9487561 37.3765814, -121.9481103 37.3765802, -121.9479497 37.3761521, -121.9491802 37.3761549, -121.949178 37.3763599, -121.9488976 37.3763539, -121.9488991 37.3764954, -121.9487584 37.3764976, -121.9487561 37.3765814)))"
,,,,data_center,,,,,,polygons,37.3775848,-121.95068207556457,"MULTIPOLYGON (((-121.9509434 37.3777297, -121.9504153 37.3777233, -121.9504207 37.3774399, -121.9509489 37.3774463, -121.9509434 37.3777297)))"
,2805 Lafayette Street,,,data_center,,,,,,polygons,37.37234705,-121.9482597108543,"MULTIPOLYGON (((-121.9483445 37.3726063, -121.9473326 37.3725935, -121.9473425 37.3720993, -121.9474458 37.3721006, -121.9474497 37.3719043, -121.9486012 37.3719188, -121.9486042 37.3717673, -121.9491479 37.3717742, -121.9491471 37.3718137, -121.9491925 37.3718143, -121.9491754 37.3726725, -121.949009 37.3726704, -121.9490097 37.3726394, -121.9488414 37.3726373, -121.9488406 37.3726753, -121.9483432 37.372669, -121.9483445 37.3726063)))"
,QTS Chicago,,,yes,,,,,,polygons,41.8422259,-87.66904013824958,"MULTIPOLYGON (((-87.6706171 41.8419677, -87.6706657 41.8419667, -87.6706629 41.8418952, -87.6703209 41.8419026, -87.6687086 41.8419375, -87.6686938 41.8415585, -87.667473 41.8415849, -87.6674833 41.8418499, -87.6673663 41.8418525, -87.6673736 41.8420379, -87.6672486 41.8420406, -87.6672511 41.8421046, -87.6673143 41.8421032, -87.667334 41.8426073, -87.6674326 41.8426051, -87.6674339 41.8426397, -87.6675069 41.8426381, -87.6674945 41.8423187, -87.6688577 41.8422972, -87.6688518 41.8426516, -87.6686997 41.8426621, -87.6686989 41.8428458, -87.6688777 41.8428413, -87.668886 41.8427696, -87.6701482 41.8427279, -87.6701529 41.8428292, -87.6707702 41.8428205, -87.6707601 41.8421546, -87.6707215 41.8421026, -87.6706209 41.8420968, -87.6706171 41.8419677)))"
,Forsyth,,,university,,,,,,polygons,35.3107228,-83.18142869948841,"MULTIPOLYGON (((-83.1816822 35.3109497, -83.1813923 35.3110006, -83.1813119 35.3110147, -83.1812633 35.3108302, -83.1812513 35.3107849, -83.1811934 35.310565, -83.1811887 35.3105473, -83.1815591 35.3104823, -83.1815964 35.310624, -83.1816156 35.3106968, -83.1816293 35.3107488, -83.1816384 35.3107833, -83.1816414 35.3107948, -83.181645 35.3108085, -83.1816822 35.3109497)))"
,Westin Building,,,commercial,,,,,,polygons,47.614354750000004,-122.33886395303819,"MULTIPOLYGON (((-122.3389753 47.6145232, -122.3389054 47.614577, -122.3385355 47.6143566, -122.3388251 47.6141341, -122.3391924 47.6143529, -122.3391393 47.6143938, -122.3389753 47.6145232)))"
,SV Colo,,,data_center,,,,,,polygons,37.364383950000004,-121.95878704121219,"MULTIPOLYGON (((-121.9591924 37.364652, -121.9583754 37.3646459, -121.9583816 37.3641207, -121.9585577 37.364122, -121.9585602 37.3639088, -121.9589542 37.3639117, -121.9589532 37.3639947, -121.9592002 37.3639966, -121.9591924 37.364652)))"
,,,,data_center,,,,,,polygons,37.362156299999995,-121.9471274662601,"MULTIPOLYGON (((-121.9463993 37.3625423, -121.9456799 37.3627329, -121.9452894 37.3618017, -121.9460128 37.3616101, -121.9460879 37.3617892, -121.9472836 37.3614724, -121.9476279 37.3622935, -121.9468307 37.3625047, -121.9465823 37.3619125, -121.9461799 37.3620191, -121.9463993 37.3625423)))"
,,,,yes,,,,,,polygons,45.632440599999995,-121.20229835,"MULTIPOLYGON (((-121.2027101 45.6330793, -121.2026972 45.6317979, -121.2018866 45.6318019, -121.2018995 45.6330833, -121.2027101 45.6330793)))"
,,,,yes,,,,,,polygons,45.6315394,-121.1994137,"MULTIPOLYGON (((-121.1998187 45.6321752, -121.1998187 45.6309036, -121.1990087 45.6309036, -121.1990087 45.6321752, -121.1998187 45.6321752)))"
,Equinix DC2,,,data_center,,,,,,polygons,39.01632875,-77.45875338599487,"MULTIPOLYGON (((-77.4603886 39.0170144, -77.4605442 39.0167872, -77.4583877 39.0158911, -77.4578059 39.0156497, -77.457594 39.0159518, -77.4576099 39.0159911, -77.4578164 39.0160807, -77.4577467 39.0161933, -77.458385 39.0164642, -77.4582965 39.0165996, -77.4584843 39.0167101, -77.4586294 39.0167854, -77.4587662 39.0168438, -77.4589432 39.0169126, -77.4591283 39.0169667, -77.4592782 39.0169998, -77.459364 39.0168768, -77.459989 39.017129, -77.4600614 39.0170164, -77.4602814 39.0171061, -77.4603323 39.0170998, -77.4603886 39.0170144)))"
,,,,data_center,,,,,,polygons,39.0138447,-77.45158488481512,"MULTIPOLYGON (((-77.4519182 39.0142926, -77.4510441 39.0141512, -77.4512479 39.013401, -77.4521274 39.0135382, -77.4519182 39.0142926)))"
,,,,data_center,,,,,,polygons,38.910168549999995,-77.4726592218739,"MULTIPOLYGON (((-77.4734396 38.9106674, -77.473622 38.910371, -77.471605 38.9095654, -77.4715621 38.9096197, -77.4717016 38.9099661, -77.4734396 38.9106674)))"
,,,,data_center,,,,,,polygons,29.44666085,-98.6406842862971,"MULTIPOLYGON (((-98.6404863 29.4470848, -98.6414408 29.4470027, -98.6414121 29.4467501, -98.6413555 29.4462513, -98.6413515 29.4462162, -98.6413328 29.4462178, -98.6407509 29.4462678, -98.6405706 29.4462834, -98.6405682 29.4462624, -98.6402724 29.4462879, -98.6402749 29.4463105, -98.6401157 29.4463242, -98.6401364 29.4465065, -98.6401521 29.4466449, -98.6397811 29.4466768, -98.6397185 29.4466822, -98.6397482 29.4469438, -98.6401824 29.4469065, -98.6402054 29.447109, -98.6404863 29.4470848)))"
,,,,data_center,,,,,,polygons,29.448063949999998,-98.64110058411646,"MULTIPOLYGON (((-98.6407356 29.4473838, -98.6414754 29.4473084, -98.6416397 29.4472943, -98.6416603 29.4474761, -98.6417625 29.4483765, -98.6417355 29.4483789, -98.6408338 29.4484564, -98.6405217 29.4484833, -98.6404387 29.4477514, -98.6407741 29.4477225, -98.6407356 29.4473838)))"
,,,,data_center,,,,,,polygons,29.4472034,-98.64100212801765,"MULTIPOLYGON (((-98.6404863 29.4470848, -98.6414408 29.4470027, -98.6414585 29.4470212, -98.6414674 29.4470367, -98.641483 29.4470754, -98.6414986 29.44712, -98.6415045 29.4471517, -98.641506 29.4471782, -98.641503 29.4472286, -98.6414941 29.4472641, -98.6414852 29.4472886, -98.6414754 29.4473084, -98.6407356 29.4473838, -98.6405223 29.4474021, -98.6404863 29.4470848)))"
,,,,yes,,,,,,polygons,33.09597865,-96.6815422131298,"MULTIPOLYGON (((-96.6814733 33.0962203, -96.6809677 33.0962286, -96.6809688 33.0962724, -96.6808822 33.0962738, -96.6808843 33.0963671, -96.6808151 33.0963682, -96.6808163 33.0964207, -96.6806882 33.0964228, -96.6806726 33.0957524, -96.6811574 33.0957444, -96.6811562 33.095689, -96.6816479 33.095681, -96.6816466 33.0956256, -96.6823981 33.0956132, -96.6824118 33.0962049, -96.6823148 33.0962065, -96.6823186 33.0963698, -96.6821455 33.0963726, -96.6821417 33.0962123, -96.6816015 33.0962212, -96.6816023 33.0962561, -96.6817997 33.0962529, -96.6818028 33.0963841, -96.6812175 33.0963937, -96.6812144 33.0962596, -96.6814741 33.0962553, -96.6814733 33.0962203)))"
,,,,yes,,,,,,polygons,33.0951879,-96.68356465653412,"MULTIPOLYGON (((-96.6845868 33.0945801, -96.684784 33.0950379, -96.6839439 33.0952942, -96.683958 33.0953271, -96.6838408 33.0953629, -96.683829 33.0953355, -96.6830084 33.0955859, -96.6827912 33.0950816, -96.6832536 33.0949405, -96.6832288 33.0948829, -96.6839094 33.0946752, -96.6839519 33.0947739, -96.6845868 33.0945801)))"
,,,,data_center,,,,,,polygons,38.899537699999996,-77.45352935410324,"MULTIPOLYGON (((-77.4531123 38.9004171, -77.4528619 38.900368, -77.4532786 38.8990795, -77.453485 38.89912, -77.453514 38.8990301, -77.4538508 38.8990961, -77.4538187 38.8991954, -77.4540259 38.899236, -77.4538223 38.8998653, -77.4536901 38.8998394, -77.4536194 38.900058, -77.4533819 38.9000115, -77.4533118 38.9002283, -77.4531816 38.9002028, -77.4531123 38.9004171)))"
,,,,data_center,,,,,,polygons,38.8978367,-77.45408242058997,"MULTIPOLYGON (((-77.4542926 38.8984495, -77.4540696 38.8984063, -77.4540394 38.8985007, -77.4537075 38.8984364, -77.4537386 38.8983392, -77.4535286 38.8982986, -77.4538713 38.8972266, -77.4546363 38.8973748, -77.4542926 38.8984495)))"
,,,,data_center,,,,,,polygons,38.90930145,-77.47229479037868,"MULTIPOLYGON (((-77.472709 38.9096308, -77.4716507 38.9092096, -77.471892 38.9088425, -77.4722294 38.9089767, -77.4721936 38.9090313, -77.47257 38.909181, -77.4725358 38.9092329, -77.4728804 38.90937, -77.472709 38.9096308)))"
,,,,data_center,,,,,,polygons,38.909781699999996,-77.47339808786435,"MULTIPOLYGON (((-77.4739152 38.9101199, -77.472815 38.9096826, -77.4729531 38.9094722, -77.4738096 38.9098126, -77.4738502 38.9097508, -77.4740939 38.9098477, -77.4739152 38.9101199)))"
,Cyxtera (Digital Realty Trust) Citibank Data Center,,,data_center,,,,,,polygons,40.7607439,-74.02575041373707,"MULTIPOLYGON (((-74.0260159 40.7611748, -74.026364 40.7606343, -74.0256455 40.7603688, -74.0256036 40.7604429, -74.0255331 40.7604186, -74.0254464 40.7604623, -74.0253631 40.7606178, -74.0252989 40.7605984, -74.0251385 40.7608535, -74.0252974 40.7609092, -74.0260159 40.7611748)))"
,Digital Realty Trust,,,data_center,,,,,,polygons,40.76184015,-74.025027622146,"MULTIPOLYGON (((-74.0258627 40.7615293, -74.02538 40.762286, -74.0251114 40.7624872, -74.0241934 40.762151, -74.0248302 40.7611484, -74.0258627 40.7615293)))"
,,,,yes,,,,,,polygons,47.2462143,-119.81322689026244,"MULTIPOLYGON (((-119.8144227 47.2465602, -119.8120286 47.2465657, -119.8120343 47.2458684, -119.8144219 47.2458542, -119.8144227 47.2465602)))"
,,,,yes,,,,,,polygons,47.24765395,-119.81318500045936,"MULTIPOLYGON (((-119.8119895 47.247967, -119.8119945 47.2473527, -119.8143834 47.2473355, -119.8143728 47.2479552, -119.8119895 47.247967)))"
,,,,yes,,,,,,polygons,47.24616795,-119.81575602503622,"MULTIPOLYGON (((-119.8162038 47.245341, -119.815302 47.2453386, -119.8153083 47.2469949, -119.81621 47.2469973, -119.8162038 47.245341)))"
,,,,yes,,,,,,polygons,47.25257379999999,-119.81966487512187,"MULTIPOLYGON (((-119.820581 47.2533189, -119.8187618 47.2533262, -119.8187488 47.2518287, -119.8205679 47.2518214, -119.820581 47.2533189)))"
,,,,yes,,,,,,polygons,47.24673555,-119.82886592547283,"MULTIPOLYGON (((-119.8300395 47.2470857, -119.8277013 47.2470992, -119.8276924 47.2463854, -119.8284999 47.2463807, -119.828838 47.2463788, -119.8300305 47.2463719, -119.8300395 47.2470857)))"
,,,,yes,,,,,,polygons,47.24599145,-119.82979117508273,"MULTIPOLYGON (((-119.8300787 47.246337, -119.8295074 47.2463384, -119.8295036 47.2456459, -119.830075 47.2456444, -119.8300787 47.246337)))"
,,,,yes,,,,,,polygons,47.2459894,-119.8291703,"MULTIPOLYGON (((-119.8294574 47.2463347, -119.8288832 47.2463347, -119.8288832 47.2456441, -119.8294574 47.2456441, -119.8294574 47.2463347)))"
,,,,yes,,,,,,polygons,47.2459894,-119.82815880027485,"MULTIPOLYGON (((-119.8284337 47.2463323, -119.8284261 47.2456437, -119.8278839 47.2456465, -119.8278915 47.246335, -119.8284337 47.2463323)))"
,,,,yes,,,,,,polygons,47.2460033,-119.8275415,"MULTIPOLYGON (((-119.8278269 47.2463398, -119.8272826 47.2463495, -119.8272561 47.2456668, -119.8278004 47.2456571, -119.8278269 47.2463398)))"
,,,,yes,,,,,,polygons,47.24606535,-119.82866164116174,"MULTIPOLYGON (((-119.8288205 47.2457519, -119.8284882 47.2457519, -119.8284999 47.2463807, -119.828838 47.2463788, -119.8288205 47.2457519)))"
,,,,yes,,,,,,polygons,47.24017805,-119.86331705104223,"MULTIPOLYGON (((-119.8654141 47.2407385, -119.8612884 47.2410115, -119.8611913 47.2403357, -119.8613219 47.240327, -119.8612464 47.2398012, -119.8614068 47.2397906, -119.8613761 47.2395766, -119.8631561 47.239459, -119.86318 47.2396254, -119.865099 47.2394986, -119.865175 47.2400291, -119.8653109 47.2400201, -119.8654141 47.2407385)))"
,200 Paul Avenue Data Center,,,data_center,,,,,,polygons,37.72345945,-122.3979578117962,"MULTIPOLYGON (((-122.3982713 37.7238817, -122.3981959 37.7241793, -122.3982358 37.724186, -122.3982056 37.7242993, -122.3981014 37.7242824, -122.3981063 37.7242521, -122.397481 37.7241486, -122.3975724 37.7237714, -122.397447 37.7237527, -122.3974392 37.7237854, -122.3973845 37.7237769, -122.3976478 37.722955, -122.3983675 37.7231245, -122.3983661 37.7231289, -122.3985241 37.7231662, -122.3982923 37.7238842, -122.3982713 37.7238817)))"
,Intergate Seattle East Building 5,,,data_center,,,,,,polygons,47.4917772,-122.2896655066284,"MULTIPOLYGON (((-122.2906714 47.4914256, -122.2906414 47.4925463, -122.290639 47.4926335, -122.2896225 47.4926208, -122.2896308 47.4923095, -122.2887131 47.4922982, -122.2887176 47.4921295, -122.2886596 47.4921288, -122.288679 47.4914051, -122.2887703 47.4913384, -122.2905614 47.4913549, -122.2906714 47.4914256)))"
,Intergate Seattle East Building 3,,,data_center,,,,,,polygons,47.49351345,-122.29014394754505,"MULTIPOLYGON (((-122.2896225 47.4926208, -122.290639 47.4926335, -122.2907143 47.4926345, -122.2906908 47.4936722, -122.2911628 47.4936838, -122.2914485 47.4940499, -122.2914338 47.4942868, -122.2907736 47.4942837, -122.2907686 47.4943389, -122.2905387 47.4943308, -122.2905406 47.4942812, -122.2895909 47.4942637, -122.2896018 47.4937527, -122.2894809 47.4937454, -122.2894945 47.4935626, -122.2895932 47.4935606, -122.2895938 47.4934663, -122.2894833 47.4934591, -122.2894945 47.4933235, -122.2896014 47.4933213, -122.2896225 47.4926208)))"
,Intergate Seattle East Building 4,,,data_center,,,,,,polygons,47.493320600000004,-122.28886403470332,"MULTIPOLYGON (((-122.2892638 47.4929122, -122.2892306 47.4942097, -122.288812 47.4942031, -122.2883784 47.4941962, -122.2883965 47.4937278, -122.2884657 47.4937286, -122.2884903 47.4926158, -122.288787 47.4926195, -122.2887881 47.4925966, -122.2892672 47.4926013, -122.2892628 47.4927443, -122.2893822 47.4927481, -122.2893728 47.4929134, -122.2892638 47.4929122)))"
,DFT ACC4,,,data_center,,,,,,polygons,39.0178945,-77.46254181169382,"MULTIPOLYGON (((-77.4616884 39.0192197, -77.4616555 39.0192573, -77.4610459 39.0189329, -77.4617184 39.0181639, -77.4617559 39.0181839, -77.4625928 39.0172268, -77.462564 39.0172115, -77.4632339 39.0164454, -77.4638562 39.0167766, -77.4638196 39.0168184, -77.4639074 39.0168652, -77.4637518 39.0170432, -77.4637968 39.0170672, -77.463036 39.0179388, -77.4630934 39.0179727, -77.4632997 39.0177414, -77.4635263 39.0178502, -77.4633079 39.0180851, -77.4632345 39.0180486, -77.4631078 39.0181889, -77.4631322 39.0182018, -77.4629838 39.0183716, -77.4627512 39.0182478, -77.4619904 39.0191178, -77.4619339 39.0190877, -77.4617771 39.0192669, -77.4616884 39.0192197)))"
,,,,data_center,,,,,,polygons,39.015528450000005,-77.46034102573952,"MULTIPOLYGON (((-77.4605121 39.0149158, -77.4597471 39.0160111, -77.460209 39.0161995, -77.4603431 39.0160015, -77.4602867 39.0159765, -77.460909 39.0150804, -77.4605121 39.0149158)))"
,,,,data_center,,,,,,polygons,39.01625185,-77.46149484761415,"MULTIPOLYGON (((-77.4626739 39.0158286, -77.4619921 39.0167989, -77.4619363 39.0167747, -77.4616273 39.0172073, -77.4615308 39.0172303, -77.4612416 39.0171081, -77.4614884 39.0167205, -77.4612599 39.0166217, -77.4612389 39.0166497, -77.4605442 39.0163516, -77.4606822 39.0161521, -77.4606215 39.0161216, -77.4607749 39.0159015, -77.4609037 39.0159599, -77.461365 39.0152826, -77.4617596 39.0154472, -77.4616486 39.0155874, -77.4619008 39.0156948, -77.461976 39.0155874, -77.4620768 39.0155795, -77.4626739 39.0158286)))"
,,,,data_center,,,,,,polygons,39.01501915,-77.45907293688111,"MULTIPOLYGON (((-77.4590598 39.0143977, -77.4591247 39.014304, -77.4587627 39.0141526, -77.4579765 39.0152875, -77.4586796 39.0155815, -77.458717 39.0155275, -77.4589181 39.0156117, -77.4588741 39.0156751, -77.4590853 39.0157634, -77.4591237 39.0157081, -77.4592739 39.0157709, -77.459258 39.0157939, -77.4593685 39.0158402, -77.4594209 39.0157647, -77.4594566 39.0157796, -77.4601694 39.0147508, -77.459689 39.0145499, -77.4596293 39.014636, -77.4590598 39.0143977)))"
,Equinix DC3,,,data_center,,,,,,polygons,39.0220753,-77.46078439252335,"MULTIPOLYGON (((-77.4607001 39.0222223, -77.4605287 39.0224624, -77.4601451 39.0222958, -77.4603624 39.0219915, -77.4600456 39.0218539, -77.4598287 39.0221577, -77.4594495 39.0219929, -77.4596202 39.0217539, -77.4588843 39.0214341, -77.4587144 39.021672, -77.4583321 39.0215059, -77.4586761 39.0210242, -77.4586855 39.0210283, -77.4587186 39.0209819, -77.4587779 39.0210076, -77.4587852 39.0209973, -77.4601434 39.0215875, -77.4601363 39.0215974, -77.4601977 39.0216241, -77.4601663 39.021668, -77.4605012 39.0218135, -77.4605335 39.0217683, -77.460593 39.0217942, -77.4605992 39.0217855, -77.4620801 39.0224289, -77.4620754 39.0224355, -77.4621378 39.0224626, -77.4621047 39.022509, -77.4621159 39.0225139, -77.4617338 39.0230489, -77.4613531 39.0228834, -77.4615588 39.0225954, -77.4607001 39.0222223)))"
,DFT ACC3,,,data_center,,,,,,polygons,39.019760250000004,-77.4600525764217,"MULTIPOLYGON (((-77.4598227 39.0206425, -77.4598495 39.0206071, -77.4598924 39.02063, -77.4599165 39.0205925, -77.4599655 39.0206159, -77.4599896 39.0205763, -77.4600292 39.0205987, -77.4607532 39.0195797, -77.4596946 39.0191176, -77.4594793 39.019413, -77.4596698 39.0195005, -77.4592922 39.0200179, -77.4591072 39.0199408, -77.458898 39.0202377, -77.4588534 39.0203011, -77.4589622 39.0203483, -77.4589885 39.0203202, -77.4591622 39.0203969, -77.4591294 39.02045, -77.4593856 39.0205598, -77.4594157 39.0205199, -77.459454 39.0205344, -77.45948 39.0204943, -77.4598227 39.0206425)))"
,,,,yes,,,,,,polygons,37.405682999999996,-121.91626034891233,"MULTIPOLYGON (((-121.9158256 37.4062039, -121.9170462 37.4057135, -121.9168663 37.405431, -121.9167923 37.4054607, -121.9166056 37.4051675, -121.9156202 37.4055634, -121.9156357 37.4055877, -121.9154745 37.4056525, -121.9158256 37.4062039)))"
,,,,data_center,,,,,,polygons,38.9937788,-77.45050896757957,"MULTIPOLYGON (((-77.451336 38.9941864, -77.4506631 38.9930271, -77.4496819 38.9933712, -77.4503549 38.9945305, -77.451336 38.9941864)))"
,,,,data_center,,,,,,polygons,38.98872075,-77.44764947322571,"MULTIPOLYGON (((-77.446983 38.9901015, -77.4487564 38.987523, -77.448316 38.98734, -77.4465425 38.9899185, -77.446983 38.9901015)))"
,,,,data_center,,,,,,polygons,38.9946291,-77.44788650000001,"MULTIPOLYGON (((-77.4479762 38.9948107, -77.4481168 38.9945529, -77.4477968 38.9944475, -77.4476562 38.9947053, -77.4479762 38.9948107)))"
,DFT ACC5,,,data_center,,,,,,polygons,39.020072,-77.463232977303,"MULTIPOLYGON (((-77.4613949 39.0202331, -77.4613846 39.0202097, -77.4614209 39.0202, -77.4614083 39.0201688, -77.4626839 39.0198268, -77.4625931 39.0196207, -77.4628513 39.0195515, -77.4628602 39.0195718, -77.4630726 39.0195149, -77.4631536 39.0196987, -77.4644349 39.0193551, -77.4644485 39.0193858, -77.4644814 39.019377, -77.4644865 39.0193886, -77.4647153 39.0193272, -77.4647503 39.0194065, -77.4648011 39.019393, -77.4650576 39.0199752, -77.4638978 39.0202862, -77.463882 39.0202503, -77.462537 39.0206109, -77.4625524 39.0206458, -77.4613949 39.0209562, -77.4611383 39.0203739, -77.4611991 39.0203576, -77.4611707 39.0202932, -77.4613949 39.0202331)))"
,DFT ACC6,,,data_center,,,,,,polygons,39.021026500000005,-77.46357334235407,"MULTIPOLYGON (((-77.4623174 39.0216644, -77.4623352 39.0216597, -77.4620668 39.0210533, -77.4620909 39.0210468, -77.4620841 39.0210316, -77.4621337 39.0210184, -77.4621409 39.0210347, -77.4627697 39.0208668, -77.4627656 39.0208575, -77.4628161 39.020844, -77.4628223 39.0208581, -77.4628452 39.020852, -77.4628575 39.0208799, -77.4638194 39.0206229, -77.4638035 39.0205871, -77.4646977 39.0203482, -77.4646917 39.0203347, -77.4647465 39.0203201, -77.464753 39.0203348, -77.4647674 39.020331, -77.4650246 39.0209122, -77.4650003 39.0209186, -77.4650351 39.0209973, -77.464989 39.0210096, -77.4649942 39.0210214, -77.4649552 39.0210318, -77.4649689 39.0210628, -77.4640515 39.0213079, -77.4641423 39.021513, -77.4637615 39.0216147, -77.4637527 39.0215949, -77.4636429 39.0216242, -77.4635613 39.0214398, -77.4625953 39.0216978, -77.4625826 39.0216693, -77.4625033 39.0216905, -77.4623474 39.0217322, -77.4623174 39.0216644)))"
,,,,data_center,,,,,,polygons,39.0221022,-77.45366304363566,"MULTIPOLYGON (((-77.4536971 39.0214202, -77.4538299 39.0215023, -77.4539353 39.0214012, -77.4541183 39.0213813, -77.4544801 39.0216146, -77.4542253 39.0218587, -77.4542473 39.0218727, -77.4541551 39.021961, -77.4541338 39.0219475, -77.4538249 39.0222434, -77.4538411 39.0222537, -77.4537507 39.0223403, -77.4537345 39.02233, -77.4534236 39.0226279, -77.4534369 39.0226363, -77.4533469 39.0227225, -77.4533312 39.0227126, -77.4530788 39.0229544, -77.4527092 39.0227197, -77.4538611 39.0216162, -77.4537701 39.0215584, -77.4538072 39.0215229, -77.453675 39.021439, -77.4536971 39.0214202)))"
,RagingWire Data Center VA1,,,data_center,,,,,,polygons,39.022754899999995,-77.45482557908068,"MULTIPOLYGON (((-77.4540736 39.0235411, -77.4540614 39.0235532, -77.4539897 39.0235094, -77.4541166 39.023383, -77.4540159 39.0233215, -77.4541525 39.0231854, -77.4541038 39.0231556, -77.4542276 39.0230323, -77.4543235 39.0230909, -77.454465 39.02295, -77.4543004 39.0228494, -77.4545603 39.0225906, -77.4546745 39.0226604, -77.4549422 39.0223938, -77.4547115 39.0222528, -77.4549695 39.021996, -77.4550975 39.0220742, -77.4552165 39.0219558, -77.4551478 39.0219138, -77.4553655 39.0217031, -77.4557344 39.0221429, -77.4557926 39.0222367, -77.4555383 39.0223382, -77.4555933 39.0223718, -77.4553309 39.0226331, -77.4553602 39.022651, -77.4551014 39.0229087, -77.4551545 39.0229412, -77.4548919 39.0232026, -77.4549481 39.0232369, -77.4546889 39.023495, -77.4547339 39.0235225, -77.4544712 39.0237841, -77.4540736 39.0235411)))"
,,,,data_center,,,,,,polygons,39.0125258,-77.47540581107314,"MULTIPOLYGON (((-77.4746751 39.013077, -77.4764212 39.0126102, -77.4761932 39.0120725, -77.4759303 39.0121434, -77.4758901 39.0120475, -77.4743881 39.0124414, -77.4746751 39.013077)))"
,Building D,,,data_center,,,,,,polygons,39.0033282,-77.48706964132313,"MULTIPOLYGON (((-77.4875695 39.0039597, -77.4880084 39.0031956, -77.4865697 39.0026967, -77.4861309 39.0034608, -77.4875695 39.0039597)))"
,Building C,,,data_center,,,,,,polygons,39.00274695,-77.48540306030714,"MULTIPOLYGON (((-77.4858245 39.0033479, -77.4862605 39.0025909, -77.4849817 39.002146, -77.4845456 39.002903, -77.4858245 39.0033479)))"
,Building B,,,data_center,,,,,,polygons,39.0020083,-77.4833639,"MULTIPOLYGON (((-77.4841037 39.0027307, -77.4845506 39.0019642, -77.4826241 39.0012859, -77.4821772 39.0020524, -77.4841037 39.0027307)))"
,Building A,,,data_center,,,,,,polygons,39.002769799999996,-77.48198655,"MULTIPOLYGON (((-77.4824281 39.0034075, -77.4828957 39.0026107, -77.481545 39.0021321, -77.4810774 39.0029289, -77.4824281 39.0034075)))"
,Building F,,,data_center,,,,,,polygons,39.0043373,-77.48429995017938,"MULTIPOLYGON (((-77.4852912 39.0041315, -77.4851987 39.0040539, -77.4850964 39.0041193, -77.4846029 39.003665, -77.4843338 39.0038416, -77.4842436 39.0037586, -77.4836416 39.0041534, -77.4837509 39.004254, -77.4834969 39.0044206, -77.4840577 39.0049369, -77.4840958 39.004912, -77.4852912 39.0041315)))"
,,,,data_center,,,,,,polygons,39.01562475,-77.48168087863198,"MULTIPOLYGON (((-77.482063 39.0162236, -77.4820705 39.0162027, -77.4821643 39.0162239, -77.4826233 39.014961, -77.4825197 39.0149355, -77.4825976 39.0147215, -77.4830317 39.0148147, -77.4830197 39.0148508, -77.4830465 39.0148557, -77.4829224 39.0152119, -77.4828949 39.0152073, -77.482569 39.0161206, -77.4825961 39.0161262, -77.4825081 39.0163674, -77.4820397 39.0164285, -77.4819926 39.0164186, -77.4819964 39.016408, -77.481722 39.0163477, -77.4817177 39.0163594, -77.4812807 39.0162634, -77.4812931 39.0162289, -77.4812645 39.0162226, -77.4813936 39.0158652, -77.4814209 39.0158712, -77.4814451 39.0158042, -77.4814319 39.0158013, -77.4815604 39.0154455, -77.4815726 39.0154482, -77.4815965 39.0153819, -77.4815826 39.0153789, -77.4817114 39.0150223, -77.4817241 39.0150251, -77.4817483 39.0149581, -77.4817191 39.0149517, -77.4818479 39.0145952, -77.4818526 39.0145962, -77.4818701 39.0145478, -77.4819706 39.0145699, -77.4819669 39.0145802, -77.4823265 39.0146592, -77.4822477 39.0148773, -77.4821357 39.0148529, -77.4817032 39.0160911, -77.481841 39.0161214, -77.4818231 39.0161709, -77.482063 39.0162236)))"
,Apple Data Center,,,industrial,,,,,,polygons,33.346856450000004,-111.60398881408415,"MULTIPOLYGON (((-111.6054686 33.3491387, -111.6028144 33.3491573, -111.6028057 33.3482871, -111.6025464 33.3482889, -111.6025379 33.3474469, -111.6025203 33.3456891, -111.60278 33.3456873, -111.6027724 33.344928, -111.6054259 33.3449094, -111.6054351 33.3458248, -111.6057589 33.3458225, -111.6057634 33.3462637, -111.6054397 33.346266, -111.6054686 33.3491387)))"
,Digital Loudoun Plaza,,,,,,,,,polygons,39.00097665,-77.47933356332678,"MULTIPOLYGON (((-77.4829242 39.0007432, -77.4821184 39.0002663, -77.4814103 38.9999161, -77.4808417 38.9997243, -77.4776461 38.9988422, -77.4774514 38.9988655, -77.477233 38.9991403, -77.4763141 39.0003747, -77.4759295 39.0012101, -77.4800907 39.0029927, -77.4815369 39.0018446, -77.4829242 39.0007432)))"
,,,,yes,,,,,,polygons,42.216814049999996,-87.9529301872179,"MULTIPOLYGON (((-87.9529033 42.2164571, -87.9524442 42.2164585, -87.9524265 42.2164586, -87.9523712 42.2164589, -87.9523677 42.2170881, -87.9529068 42.2170955, -87.9529033 42.2169079, -87.9529745 42.2169053, -87.952978 42.2169235, -87.9533703 42.2169269, -87.9533703 42.2169433, -87.953431 42.2169381, -87.9534684 42.2169174, -87.9534894 42.216888, -87.9534929 42.2167401, -87.9534084 42.2167367, -87.953382 42.2167356, -87.953375 42.216509, -87.9529421 42.2165075, -87.9529244 42.2165074, -87.9529033 42.2165073, -87.9529033 42.2164571)))"
,"Facebook Prineville Data Center, phase1",,,data_center,,,,,,polygons,44.29621485,-120.88724096811181,"MULTIPOLYGON (((-120.8870288 44.297112, -120.8872866 44.2970605, -120.8873159 44.2971357, -120.8881008 44.296979, -120.887505 44.2954507, -120.887677 44.2954164, -120.8872531 44.294329, -120.8870228 44.294375, -120.8869577 44.2942081, -120.8862337 44.2943527, -120.8863133 44.2945568, -120.8860529 44.2946088, -120.8870288 44.297112)))"
,Intergate Seattle West Building C,,,yes,,,,,,polygons,47.494135,-122.2944103304907,"MULTIPOLYGON (((-122.2944489 47.4944657, -122.2940294 47.4938676, -122.2940784 47.4938522, -122.294116 47.4939047, -122.2941912 47.4938805, -122.2942429 47.4938639, -122.2941979 47.4938021, -122.2942677 47.4937804, -122.2943119 47.4938417, -122.2943824 47.493819, -122.294765 47.4943653, -122.2944489 47.4944657)))"
,Intergate Seattle West Building B,,,yes,,,,,,polygons,47.49308525,-122.29368542116308,"MULTIPOLYGON (((-122.2940355 47.4933074, -122.293837 47.493372, -122.2937781 47.4933912, -122.293727 47.493316, -122.2936627 47.4933372, -122.2933318 47.4928631, -122.2934498 47.4928253, -122.2936606 47.4927577, -122.2940355 47.4933074)))"
,Intergate Seattle West Building A,,,data_center,,,,,,polygons,47.4920054,-122.29325950687618,"MULTIPOLYGON (((-122.2936511 47.4924373, -122.2936944 47.4926643, -122.2935437 47.492688, -122.2934691 47.4924844, -122.2931875 47.4925249, -122.2929166 47.4917299, -122.2932377 47.4916786, -122.2932572 47.4917385, -122.2933233 47.4917293, -122.2933431 47.4917849, -122.2934335 47.491771, -122.2935845 47.4922427, -122.2936923 47.4922259, -122.2937186 47.4923106, -122.2936155 47.4923274, -122.2936511 47.4924373)))"
,,,,yes,,,,,,polygons,47.25016455,-119.81449029999999,"MULTIPOLYGON (((-119.8147711 47.2510109, -119.8133845 47.2497295, -119.8142095 47.2493182, -119.8155961 47.2505996, -119.8147711 47.2510109)))"
,,,,yes,,,,,,polygons,47.2435881,-119.86559589876578,"MULTIPOLYGON (((-119.8664488 47.2441036, -119.8653506 47.2441014, -119.8653523 47.2437154, -119.865046 47.2437148, -119.8650485 47.2431529, -119.8653374 47.2431535, -119.8653378 47.243056, -119.8661292 47.2430576, -119.866128 47.2433257, -119.8662238 47.2433259, -119.8662232 47.2434614, -119.8661458 47.2434612, -119.8661443 47.2437974, -119.8664501 47.2437981, -119.8664488 47.2441036)))"
,,,,yes,,,,,,polygons,47.2388186,-119.85935927482828,"MULTIPOLYGON (((-119.8598557 47.2390644, -119.8588666 47.2390678, -119.8588628 47.2385728, -119.859852 47.2385694, -119.8598557 47.2390644)))"
,,,,yes,,,,,,polygons,47.23826235,-119.85936634995791,"MULTIPOLYGON (((-119.8588679 47.2384398, -119.8588685 47.2380841, -119.8598648 47.2380849, -119.8598642 47.2384405, -119.8588679 47.2384398)))"
,Geneseo Communications Inc,,,yes,,,,,,polygons,41.55026945,-90.48240922544755,"MULTIPOLYGON (((-90.4828935 41.5505509, -90.481915 41.550541, -90.4819249 41.549988, -90.4829035 41.5499979, -90.4828935 41.5505509)))"
,,,,data_center,,,,,,polygons,37.36167785000001,-121.94383063443405,"MULTIPOLYGON (((-121.9451097 37.362911, -121.9446405 37.3620343, -121.9445824 37.362054, -121.9440417 37.3610433, -121.9440846 37.3610177, -121.9436186 37.3601465, -121.9429428 37.3603749, -121.9429666 37.3604193, -121.942847 37.3604597, -121.9429499 37.3606518, -121.9428862 37.3606734, -121.9434022 37.3616365, -121.943158 37.3617192, -121.943348 37.3620738, -121.9435914 37.3619913, -121.9441226 37.3629825, -121.9441769 37.3629641, -121.9442659 37.3631304, -121.944381 37.3630914, -121.9444109 37.3631473, -121.9451097 37.362911)))"
,Equinix SE3 Data Center,,,data_center,,,,,,polygons,47.6144218,-122.33974278213995,"MULTIPOLYGON (((-122.3398267 47.6146048, -122.3397852 47.6146408, -122.3394198 47.6144237, -122.3396693 47.6142356, -122.3397031 47.6142051, -122.3400657 47.6144199, -122.3398267 47.6146048)))"
,QTS Piscataway,,,data_center,,,,,,polygons,40.5574623,-74.48445497022735,"MULTIPOLYGON (((-74.4848599 40.55863, -74.4855426 40.5582836, -74.4855086 40.5582449, -74.4855935 40.5582019, -74.4854525 40.5580413, -74.4854636 40.5580357, -74.4854413 40.5580102, -74.4854764 40.5579925, -74.4847112 40.557115, -74.4849394 40.5570001, -74.4847926 40.5568318, -74.4847643 40.5568461, -74.4846348 40.556698, -74.4844226 40.5568051, -74.4836554 40.5559279, -74.4836186 40.5559465, -74.4835966 40.5559214, -74.4835846 40.5559274, -74.4834475 40.5557716, -74.4833551 40.5558186, -74.4833231 40.5557822, -74.4826573 40.5561208, -74.483352 40.5569094, -74.4833915 40.5568893, -74.4842016 40.5578096, -74.4841582 40.5578317, -74.4848599 40.55863)))"
,,,,data_center,,,,,,polygons,29.4782474,-98.69068968333296,"MULTIPOLYGON (((-98.6898112 29.4782832, -98.689645 29.4781922, -98.6896968 29.4781206, -98.689863 29.4782116, -98.6902168 29.4777224, -98.6900669 29.4776403, -98.6902049 29.4774495, -98.6903548 29.4775316, -98.6904454 29.4774062, -98.6908499 29.4776279, -98.6910484 29.4773535, -98.6916679 29.477693, -98.6914694 29.4779674, -98.6916652 29.4780747, -98.6915668 29.4782108, -98.6917293 29.4782999, -98.6915899 29.4784926, -98.6914274 29.4784035, -98.6908612 29.4791865, -98.6896414 29.478518, -98.6898112 29.4782832)))"
,,,,data_center,,,,,,polygons,29.4798727,-98.69275447677299,"MULTIPOLYGON (((-98.6938705 29.4792586, -98.694072 29.479369, -98.6938996 29.4796074, -98.6939609 29.4796409, -98.6938789 29.4797543, -98.6938176 29.4797207, -98.6937411 29.4798265, -98.693661 29.4799373, -98.6936275 29.4799189, -98.6933037 29.4803666, -98.6931357 29.4802745, -98.6923275 29.4813921, -98.6918112 29.4811091, -98.6917637 29.4811748, -98.6909953 29.4807536, -98.6911823 29.480495, -98.6913032 29.4805613, -98.692648 29.478702, -98.6925303 29.4786375, -98.6927238 29.4783699, -98.6935014 29.4787961, -98.6934448 29.4788744, -98.6939486 29.4791505, -98.6938705 29.4792586)))"
,,,,data_center,,,,,,polygons,29.48105375,-98.69662770704156,"MULTIPOLYGON (((-98.6960181 29.4813899, -98.6958847 29.4817474, -98.6956539 29.4816821, -98.6957873 29.4813247, -98.6956177 29.4812767, -98.695705 29.4810428, -98.6957827 29.4810647, -98.6960209 29.4804264, -98.6960978 29.4804482, -98.6961309 29.4803596, -98.6963134 29.4804112, -98.6963234 29.4803843, -98.6971895 29.4806292, -98.6971275 29.4807956, -98.6975232 29.4809075, -98.6972167 29.4817289, -98.6960181 29.4813899)))"
,,,,industrial,,,,,,polygons,33.13589335,-96.66096508093065,"MULTIPOLYGON (((-96.6614833 33.1355743, -96.6617608 33.1355771, -96.6617518 33.1362096, -96.6618179 33.1362103, -96.6618169 33.1362802, -96.6617512 33.1362796, -96.6617488 33.1364461, -96.6601662 33.1364303, -96.6601798 33.1354772, -96.6608297 33.1354837, -96.6608288 33.1355447, -96.6613312 33.1355497, -96.6613317 33.1355175, -96.6614841 33.135519, -96.6614833 33.1355743)))"
,"Facebook Prineville Data Center, phase 2",,,data_center,,,,,,polygons,44.29560965,-120.88422366159185,"MULTIPOLYGON (((-120.8849696 44.2963157, -120.8843275 44.2949036, -120.8845897 44.2948897, -120.8840651 44.2937362, -120.8838215 44.293793, -120.8836875 44.2934984, -120.8829201 44.2936772, -120.8842012 44.2964947, -120.8849696 44.2963157)))"
,Massachusetts Green High Performance Computing Center,,,yes,,,,,,polygons,42.202493000000004,-72.60787525499427,"MULTIPOLYGON (((-72.6078661 42.2029504, -72.607782 42.2029112, -72.6073107 42.202636, -72.6077574 42.2021675, -72.6078086 42.2021973, -72.6078567 42.2022227, -72.6079874 42.2020919, -72.6084402 42.20235, -72.6078661 42.2029504)))"
,Flexential - Englewood Data Center,,,yes,,,,,,polygons,39.5589462,-104.83753258198578,"MULTIPOLYGON (((-104.8388832 39.5592631, -104.8381554 39.5592645, -104.8381563 39.5595164, -104.8376946 39.5595172, -104.8376939 39.5592965, -104.8376696 39.5592965, -104.8376695 39.5592575, -104.8372921 39.559258, -104.8372924 39.5594176, -104.8368173 39.5594182, -104.8368169 39.5592592, -104.8363319 39.5592599, -104.8363317 39.5591559, -104.8361835 39.5591561, -104.8361823 39.5586651, -104.8368109 39.5586642, -104.8368106 39.5585174, -104.8373075 39.5585167, -104.8373079 39.5586747, -104.8376604 39.5586741, -104.8376603 39.5586358, -104.8376951 39.5586357, -104.8376945 39.5584739, -104.8381666 39.5584729, -104.8381673 39.5586728, -104.8387836 39.5586714, -104.8388815 39.5587365, -104.8388832 39.5592631)))"
,VISA Data Center,,,yes,,,,,,polygons,39.0488058,-77.44542140410007,"MULTIPOLYGON (((-77.4467706 39.0494435, -77.4456615 39.0492651, -77.4455845 39.0495539, -77.4449406 39.0494503, -77.4450178 39.0491608, -77.4438572 39.0489741, -77.443947 39.0486375, -77.443755 39.0486066, -77.4438441 39.0482727, -77.4440284 39.0483024, -77.444115 39.0479777, -77.445242 39.048159, -77.4452693 39.0480566, -77.4460418 39.0481808, -77.4460176 39.0482718, -77.4470393 39.0484362, -77.4467706 39.0494435)))"
,Hurricane Electric Fremont 1,,,yes,,,,,,polygons,37.48998375,-121.93101147935295,"MULTIPOLYGON (((-121.9314638 37.4898833, -121.9311408 37.4895469, -121.9310069 37.4896239, -121.9309322 37.4895654, -121.9305839 37.4898402, -121.9309535 37.4902227, -121.9311524 37.4901011, -121.9311369 37.4900842, -121.9314638 37.4898833)))"
,Hurricane Electric Fremont 2,,,yes,,,,,,polygons,37.47183805,-121.92033145317303,"MULTIPOLYGON (((-121.9211001 37.4724053, -121.9202187 37.4727182, -121.9198802 37.4721177, -121.9198473 37.4721294, -121.9196764 37.4718264, -121.9195696 37.4717797, -121.9196103 37.4717136, -121.919562 37.4716232, -121.9195949 37.4716115, -121.9194248 37.4713096, -121.9204382 37.4709499, -121.9206677 37.4713572, -121.9205358 37.471404, -121.9205643 37.4714547, -121.9207895 37.4713747, -121.9208407 37.4714654, -121.9206154 37.4715454, -121.920648 37.4716032, -121.9208143 37.4715441, -121.9209865 37.4718497, -121.9208202 37.4719087, -121.9208474 37.4719569, -121.9210141 37.4718978, -121.9211566 37.4721506, -121.9209899 37.4722098, -121.9211001 37.4724053)))"
,Equinix SV6,,,data_center,,,,,,polygons,37.3995434,-122.01455511828144,"MULTIPOLYGON (((-122.0146965 37.3998986, -122.0145235 37.3998603, -122.0145309 37.3998393, -122.014437 37.3998186, -122.0144302 37.3998097, -122.0144325 37.3997911, -122.0144511 37.3997379, -122.0143794 37.399722, -122.0143942 37.3996796, -122.0142524 37.3996482, -122.0143554 37.3993545, -122.0147352 37.3994386, -122.0147506 37.3993947, -122.0148644 37.3994199, -122.0146965 37.3998986)))"
,Apple Prineville Data Center,,,data_center,,,,,,polygons,44.2893513,-120.87507055,"MULTIPOLYGON (((-120.8754652 44.2894985, -120.8754622 44.2892001, -120.8746759 44.2892041, -120.8746789 44.2895025, -120.8754652 44.2894985)))"
,,,,yes,,,,,,polygons,47.23772725,-119.86354042251872,"MULTIPOLYGON (((-119.8663159 47.2376218, -119.8663037 47.2375091, -119.8630589 47.2376708, -119.8630464 47.2375543, -119.8628646 47.2375634, -119.862898 47.2378729, -119.8630738 47.2378642, -119.8630651 47.2377837, -119.8663159 47.2376218)))"
,,,,yes,,,,,,polygons,47.239483500000006,-119.88300923002723,"MULTIPOLYGON (((-119.8814162 47.2397604, -119.8814153 47.2391959, -119.8828928 47.2391948, -119.8828931 47.2393611, -119.8831934 47.2393609, -119.8831932 47.239208, -119.8846023 47.239207, -119.8846031 47.2397579, -119.88321 47.2397588, -119.8832098 47.2396059, -119.8828139 47.2396062, -119.8828141 47.2397594, -119.8814162 47.2397604)))"
,,,,yes,,,,,,polygons,47.2385673,-119.8830783362805,"MULTIPOLYGON (((-119.8827974 47.2388523, -119.8827971 47.238653, -119.8831648 47.2386527, -119.8831651 47.2388429, -119.8846977 47.2388419, -119.8847059 47.2383051, -119.8831491 47.2382977, -119.8831494 47.2384816, -119.8828438 47.2384819, -119.8828436 47.2383104, -119.8814544 47.2383114, -119.8814552 47.2388532, -119.8827974 47.2388523)))"
,,,,yes,,,,,,polygons,47.2394877,-119.85940592530889,"MULTIPOLYGON (((-119.8599093 47.2397458, -119.8599162 47.2392359, -119.8589025 47.2392296, -119.8588957 47.2397395, -119.8599093 47.2397458)))"
,,,,data_center,,,,,,polygons,33.9176631,-118.38635558122915,"MULTIPOLYGON (((-118.3857638 33.9179842, -118.3857637 33.9178641, -118.3854979 33.9178642, -118.3854978 33.9177426, -118.3857623 33.9177425, -118.3857622 33.9175836, -118.385697 33.9175837, -118.385697 33.9174716, -118.3869488 33.917471, -118.3869491 33.9179836, -118.3857638 33.9179842)))"
,DRT LAX12,,,data_center,,,,,,polygons,33.915514,-118.384618492729,"MULTIPOLYGON (((-118.3843323 33.9159438, -118.3842013 33.915944, -118.3842014 33.9160097, -118.384032 33.9160098, -118.3840315 33.9157895, -118.3839968 33.9157895, -118.3839957 33.9152103, -118.3842205 33.91521, -118.3842205 33.9152385, -118.3852402 33.9152372, -118.3852415 33.9159446, -118.3851579 33.9159447, -118.3851581 33.9161076, -118.3843326 33.9161086, -118.3843323 33.9159438)))"
,DRT LAX10,,,commercial,,,,,,polygons,34.04733745,-118.25749012195543,"MULTIPOLYGON (((-118.2576419 34.0471052, -118.2576441 34.0471068, -118.2576644 34.0470852, -118.2580993 34.0473649, -118.2580704 34.0473959, -118.2580753 34.0473991, -118.2580629 34.0474123, -118.2580603 34.0474105, -118.2580319 34.0474408, -118.2580339 34.0474421, -118.2580214 34.0474554, -118.2580188 34.0474537, -118.2580149 34.0474577, -118.2580236 34.0474634, -118.2579594 34.0475319, -118.257953 34.0475278, -118.2578975 34.047587, -118.2578905 34.0475824, -118.2578509 34.0476246, -118.2578546 34.047627, -118.2578516 34.0476302, -118.2578534 34.0476314, -118.2578433 34.0476421, -118.2578415 34.0476409, -118.2578377 34.047645, -118.2578342 34.0476426, -118.2578217 34.047656, -118.257835 34.0476646, -118.2578117 34.0476895, -118.2577973 34.0476802, -118.2577862 34.0476921, -118.2577911 34.0476952, -118.2577874 34.0476992, -118.2577891 34.0477003, -118.2577796 34.0477104, -118.2577776 34.0477091, -118.2577744 34.0477126, -118.2577706 34.0477102, -118.2577389 34.047744, -118.2577437 34.0477471, -118.2577362 34.0477551, -118.2577385 34.0477566, -118.257671 34.0478286, -118.2576572 34.0478196, -118.257658 34.0478187, -118.2576528 34.0478153, -118.2576558 34.0478122, -118.2576433 34.0478041, -118.2576406 34.047807, -118.2576349 34.0478032, -118.2576372 34.0478008, -118.2576252 34.047793, -118.2576226 34.0477958, -118.2576167 34.047792, -118.25762 34.0477885, -118.257608 34.0477807, -118.2576064 34.0477824, -118.2575786 34.0477643, -118.2575817 34.047761, -118.257571 34.047754, -118.2575679 34.0477574, -118.2575633 34.0477544, -118.2575661 34.0477515, -118.2575558 34.0477448, -118.2575531 34.0477477, -118.2575488 34.0477449, -118.2575521 34.0477414, -118.2575407 34.047734, -118.2575379 34.047737, -118.2575347 34.0477349, -118.2575332 34.0477364, -118.2575158 34.047725, -118.2575089 34.0477324, -118.2574673 34.0477054, -118.2574742 34.0476981, -118.257454 34.0476849, -118.2574577 34.047681, -118.2574473 34.0476742, -118.2574441 34.0476776, -118.2574396 34.0476747, -118.2574425 34.0476716, -118.2574317 34.0476646, -118.257429 34.0476676, -118.2574247 34.0476648, -118.2574274 34.0476618, -118.2574167 34.0476549, -118.2574118 34.0476601, -118.2573854 34.047643, -118.2573882 34.04764, -118.2573729 34.0476301, -118.2573703 34.0476328, -118.257363 34.0476281, -118.2573658 34.0476252, -118.2573509 34.0476155, -118.2573472 34.0476194, -118.2573283 34.0476071, -118.2573304 34.0476049, -118.2573147 34.0475947, -118.2573126 34.047597, -118.2573074 34.0475936, -118.2573098 34.0475911, -118.2572935 34.0475805, -118.2572911 34.0475831, -118.2572722 34.0475707, -118.257274 34.0475688, -118.2572586 34.0475588, -118.257257 34.0475606, -118.2572493 34.0475557, -118.2572515 34.0475534, -118.2572381 34.0475447, -118.257236 34.047547, -118.2572288 34.0475423, -118.2572307 34.0475403, -118.257217 34.0475315, -118.2572145 34.0475341, -118.2571943 34.047521, -118.2571963 34.0475189, -118.2571802 34.0475085, -118.2571783 34.0475106, -118.257173 34.0475072, -118.2571749 34.0475052, -118.2571589 34.0474948, -118.2571572 34.0474966, -118.2571391 34.0474849, -118.2571425 34.0474812, -118.2571265 34.0474708, -118.2571232 34.0474743, -118.2571175 34.0474706, -118.2571204 34.0474675, -118.2571046 34.0474573, -118.2571016 34.0474604, -118.2570792 34.0474459, -118.2570813 34.0474436, -118.2570777 34.0474412, -118.25708 34.0474387, -118.2570693 34.0474318, -118.2570664 34.0474348, -118.2570621 34.047432, -118.2570652 34.0474288, -118.2570548 34.0474221, -118.2570519 34.0474251, -118.2570478 34.0474225, -118.257051 34.0474191, -118.257039 34.0474113, -118.2570355 34.047415, -118.2570155 34.047402, -118.2570082 34.0474098, -118.2569672 34.0473831, -118.2569738 34.047376, -118.2569524 34.0473621, -118.2569563 34.0473579, -118.256945 34.0473506, -118.2569417 34.0473541, -118.2569378 34.0473516, -118.2569409 34.0473484, -118.2569308 34.0473418, -118.2569281 34.0473447, -118.2569226 34.0473411, -118.2569251 34.0473384, -118.2569147 34.0473317, -118.2569102 34.0473365, -118.2568823 34.0473184, -118.2568854 34.0473151, -118.2568737 34.0473075, -118.2568706 34.0473108, -118.2568647 34.0473069, -118.2568673 34.0473041, -118.2568555 34.0472964, -118.2568522 34.0473, -118.2568462 34.0472959, -118.2568495 34.0472923, -118.2568379 34.0472849, -118.2568344 34.0472883, -118.2568299 34.0472855, -118.2568289 34.0472873, -118.2568139 34.0472776, -118.2568267 34.047264, -118.2568308 34.0472666, -118.2568435 34.047253, -118.2568398 34.0472506, -118.2568451 34.0472449, -118.2568498 34.0472479, -118.2568587 34.0472384, -118.2568548 34.0472358, -118.2568618 34.0472283, -118.256865 34.0472304, -118.2568723 34.0472227, -118.2568686 34.0472203, -118.2568897 34.0471978, -118.2568951 34.0472013, -118.2569035 34.0471923, -118.2569005 34.0471904, -118.256905 34.0471856, -118.2569083 34.0471877, -118.2569158 34.0471798, -118.256913 34.047178, -118.2569161 34.0471747, -118.2569186 34.0471763, -118.2569272 34.047167, -118.2569232 34.0471644, -118.2569394 34.0471472, -118.2569426 34.0471492, -118.2569555 34.0471354, -118.2569478 34.0471304, -118.2569701 34.0471062, -118.2569786 34.0471117, -118.2569916 34.0470979, -118.2569872 34.047095, -118.2570028 34.0470784, -118.2570066 34.0470808, -118.2570147 34.0470721, -118.2570115 34.04707, -118.2570164 34.0470647, -118.2570198 34.0470669, -118.2570265 34.0470598, -118.2570234 34.0470578, -118.2570278 34.0470531, -118.257031 34.0470552, -118.25704 34.0470456, -118.2570355 34.0470428, -118.257041 34.047037, -118.2570386 34.0470351, -118.2570931 34.0469728, -118.2571578 34.0469056, -118.2572116 34.0468473, -118.2572485 34.046872, -118.2572498 34.0468706, -118.2574288 34.0469864, -118.257427 34.0469882, -118.2574505 34.0470036, -118.2574523 34.0470016, -118.2575955 34.0470942, -118.2575937 34.0470962, -118.2576125 34.0471082, -118.2576143 34.0471063, -118.2576262 34.0470937, -118.2576419 34.0471052)))"
,One Wilshire,,,commercial,,,,,,polygons,34.04784645,-118.25559165728063,"MULTIPOLYGON (((-118.2556102 34.0474515, -118.2557006 34.0475103, -118.2556708 34.0475428, -118.255695 34.0475585, -118.2557304 34.0475192, -118.2558751 34.0476122, -118.2558383 34.0476519, -118.2558361 34.0476543, -118.2560096 34.0477647, -118.2558148 34.0479789, -118.2558217 34.0480206, -118.2557534 34.0480954, -118.2557039 34.0481002, -118.2554941 34.0483289, -118.2551972 34.0481368, -118.2551996 34.0481342, -118.255062 34.0480457, -118.2551814 34.0479334, -118.2551731 34.0479282, -118.2555805 34.0474839, -118.2556102 34.0474515)))"
,Bank of America Data Center,,,yes,,,,,,polygons,37.49441845,-77.2374980259234,"MULTIPOLYGON (((-77.2364219 37.4946826, -77.2365339 37.4945829, -77.236517 37.4945709, -77.2375829 37.4936226, -77.2376272 37.4936542, -77.2377924 37.4935072, -77.2380652 37.4937018, -77.238006 37.4937544, -77.2385516 37.4941432, -77.2384446 37.4942385, -77.2384824 37.494266, -77.2374108 37.4952011, -77.2373802 37.4951792, -77.2372635 37.4952831, -77.2364219 37.4946826)))"
,UF Research Computing Center,,,university,,,,,,polygons,29.6726004,-82.29992356246987,"MULTIPOLYGON (((-82.2998509 29.673018, -82.2995151 29.672827, -82.2996581 29.6726396, -82.299716 29.6725612, -82.3000095 29.6721638, -82.3000341 29.6721778, -82.3003194 29.6723401, -82.3003425 29.672354, -82.2998509 29.673018)))"
,CyrusOne Data Center,,,data_center,,,,,,polygons,39.0259331,-77.41469503828125,"MULTIPOLYGON (((-77.4150239 39.0270104, -77.4136248 39.0267189, -77.4138747 39.0259627, -77.4139619 39.0259823, -77.4139675 39.0259663, -77.4139327 39.0259614, -77.4139421 39.0259048, -77.4139039 39.025891, -77.4139224 39.0258237, -77.4138431 39.0258026, -77.4141536 39.0248099, -77.4156584 39.0252324, -77.4153897 39.0261476, -77.4150427 39.0260641, -77.4150052 39.0261892, -77.4152634 39.0262414, -77.4150239 39.0270104)))"
,NAP of the Americas,,,yes,,,,,,polygons,25.782359,-80.1930886460739,"MULTIPOLYGON (((-80.1923892 25.7827937, -80.1923841 25.7826491, -80.1924095 25.7826483, -80.1923917 25.7821398, -80.1923735 25.7821403, -80.1923694 25.7820231, -80.1937546 25.7819834, -80.1937593 25.7821175, -80.193732 25.7821182, -80.1937382 25.7822961, -80.1937757 25.782295, -80.1937801 25.7824219, -80.1937508 25.7824228, -80.1937572 25.7826069, -80.1937856 25.7826061, -80.1937904 25.7827443, -80.1936575 25.7827481, -80.193657 25.7827337, -80.192524 25.7827662, -80.1925249 25.7827898, -80.1923892 25.7827937)))"
,CyrusOne Data Center,,,data_center,,,,,,polygons,39.02412755,-77.43410699203193,"MULTIPOLYGON (((-77.434457 39.0251786, -77.4338172 39.025175, -77.4338184 39.0250471, -77.432504 39.0250397, -77.4325085 39.0245583, -77.432277 39.024557, -77.4322867 39.0235138, -77.432592 39.0235155, -77.4325905 39.0236787, -77.4337951 39.0236855, -77.4337965 39.0235346, -77.4344533 39.0235383, -77.4344513 39.0237577, -77.4357793 39.0237535, -77.435782 39.0236223, -77.4359212 39.0236252, -77.4359417 39.0244986, -77.4357258 39.0244974, -77.4357224 39.0248616, -77.4357693 39.0248619, -77.4357684 39.0249642, -77.4344591 39.0249568, -77.434457 39.0251786)))"
,Facebook Altoona Data Center 1,,,data_center,,,,,,polygons,41.664254299999996,-93.51469048582383,"MULTIPOLYGON (((-93.5123764 41.6641468, -93.5124867 41.6636866, -93.5139326 41.66388, -93.5139928 41.663629, -93.515422 41.6638202, -93.5153602 41.6640779, -93.5171398 41.6643161, -93.5170308 41.6647709, -93.5166638 41.6647218, -93.5166289 41.6648674, -93.5126825 41.6643393, -93.5127177 41.6641925, -93.5123764 41.6641468)))"
,Facebook Altoona Data Center 2,,,data_center,,,,,,polygons,41.66582955,-93.50878539109712,"MULTIPOLYGON (((-93.5104521 41.6661644, -93.5101171 41.666563, -93.5097998 41.6664308, -93.5096969 41.6665686, -93.5061946 41.6651098, -93.5062873 41.6649856, -93.5059887 41.6648612, -93.5063027 41.6644405, -93.5075579 41.6649633, -93.5076658 41.6648188, -93.5089497 41.6653536, -93.5088443 41.6654947, -93.5104521 41.6661644)))"
,,,,data_center,,,,,,polygons,37.333636999999996,-121.8879793940124,"MULTIPOLYGON (((-121.8886807 37.3339099, -121.8886539 37.3338225, -121.8885493 37.3336626, -121.8880665 37.3330036, -121.8879226 37.3330711, -121.8879306 37.3330831, -121.8878424 37.3331233, -121.8878248 37.3331019, -121.8877438 37.3331399, -121.8877603 37.3331622, -121.8876682 37.3332048, -121.8876629 37.3331979, -121.887657 37.3332005, -121.8876451 37.3331866, -121.887576 37.3332212, -121.887586 37.3332334, -121.8875805 37.3332367, -121.8875871 37.3332448, -121.8874989 37.3332876, -121.8874907 37.333278, -121.8874249 37.3333089, -121.8874295 37.3333159, -121.8873804 37.3333394, -121.8873885 37.333347, -121.8872452 37.3334106, -121.8874093 37.3336114, -121.8877044 37.3340102, -121.8878063 37.3341595, -121.8878465 37.3341317, -121.8879216 37.334264, -121.8886807 37.3339099)))"
,Apollo Cable Landing Station,,,data_center,,,,,,polygons,40.15704355,-74.10158204999999,"MULTIPOLYGON (((-74.1019863 40.1572411, -74.1011159 40.1571304, -74.1011778 40.156846, -74.1020482 40.1569567, -74.1019863 40.1572411)))"
,Cable & Wireless Cable Landing Station,,,commercial,,,,,,polygons,40.84367885,-72.88339654858378,"MULTIPOLYGON (((-72.8835275 40.8439274, -72.88338 40.8440409, -72.8829699 40.8437362, -72.8831188 40.8436215, -72.8829186 40.8434728, -72.8831911 40.8432629, -72.8833716 40.843397, -72.8834108 40.8433668, -72.8835381 40.8434613, -72.8834978 40.8434924, -72.8838328 40.8437413, -72.8835599 40.8439514, -72.8835275 40.8439274)))"
,Equinix DC10,,,data_center,,,,,,polygons,39.02101365,-77.4515204098318,"MULTIPOLYGON (((-77.4512319 39.0218142, -77.4505185 39.0213614, -77.4517494 39.0201813, -77.4521777 39.0204531, -77.4522146 39.0204177, -77.4522874 39.0204639, -77.4522464 39.0205033, -77.4524627 39.0206406, -77.4521078 39.0209808, -77.4522114 39.0210465, -77.4517651 39.0214743, -77.4516576 39.0214061, -77.4512319 39.0218142)))"
,,,,data_center,,,,,,polygons,38.9157914,-77.49198783838767,"MULTIPOLYGON (((-77.4918349 38.9169629, -77.4910358 38.9167068, -77.4921408 38.9146198, -77.4929399 38.914876, -77.4918349 38.9169629)))"
,,,,,,,,,,polygons,38.98670165,-77.44214510017717,"MULTIPOLYGON (((-77.4422448 38.9881748, -77.444117 38.986265, -77.4432912 38.9855105, -77.4424647 38.9848556, -77.4413704 38.9854686, -77.4409872 38.9858806, -77.440396 38.9871383, -77.4422448 38.9881748)))"
,,,,data_center,,,,,,polygons,38.9914141,-77.4365159,"MULTIPOLYGON (((-77.4372551 38.9914112, -77.4370457 38.9918147, -77.4357767 38.991417, -77.4359861 38.9910135, -77.4372551 38.9914112)))"
,,,,data_center,,,,,,polygons,38.99057695,-77.43704890000001,"MULTIPOLYGON (((-77.4379141 38.9905918, -77.4376771 38.9910395, -77.4361837 38.9905621, -77.4364207 38.9901144, -77.4379141 38.9905918)))"
,,,,data_center,,,,,,polygons,38.9906991,-77.44882945,"MULTIPOLYGON (((-77.4493768 38.9911799, -77.4480089 38.9906254, -77.4482821 38.9902183, -77.44965 38.9907728, -77.4493768 38.9911799)))"
,,,,data_center,,,,,,polygons,38.99168785,-77.44858312829237,"MULTIPOLYGON (((-77.4493983 38.9922973, -77.4474778 38.991501, -77.4477679 38.9910783, -77.4496884 38.9918747, -77.4493983 38.9922973)))"
,,,,data_center,,,,,,polygons,38.78993535,-77.5482309,"MULTIPOLYGON (((-77.5492582 38.7902249, -77.5472036 38.7902249, -77.5472036 38.7896458, -77.5492582 38.7896458, -77.5492582 38.7902249)))"
,Amazon Web Services Datacenter Complex,,,,,,,,,polygons,38.7776967,-77.55849165361678,"MULTIPOLYGON (((-77.5586675 38.7794198, -77.5605085 38.7769785, -77.5583159 38.7759735, -77.5564748 38.7784149, -77.5586675 38.7794198)))"
,,,,data_center,,,,,,polygons,38.79223155,-77.54846951808406,"MULTIPOLYGON (((-77.5497628 38.7924612, -77.547171 38.7924652, -77.5471825 38.7919096, -77.5473192 38.7919101, -77.5473198 38.7919857, -77.5497636 38.7920019, -77.5497628 38.7924612)))"
,,,,data_center,,,,,,polygons,38.79106485,-77.5483863220428,"MULTIPOLYGON (((-77.5495702 38.7913198, -77.5473474 38.7913186, -77.5473473 38.7914272, -77.5472019 38.7914272, -77.5472024 38.7908099, -77.5495707 38.7908111, -77.5495702 38.7913198)))"
,Amazon Web Services Datacenter Complex,,,,,,,,,polygons,40.0938316,-82.75182030455673,"MULTIPOLYGON (((-82.7539882 40.0951776, -82.7541169 40.0929862, -82.7525881 40.0929165, -82.7514669 40.0926415, -82.7507481 40.0923953, -82.7496216 40.0923132, -82.7495465 40.094677, -82.7496055 40.0950422, -82.7539882 40.0951776)))"
,Amazon AWS: Hilliard Data Center,,,,,,,,,polygons,40.05984825,-83.1342860159829,"MULTIPOLYGON (((-83.1372571 40.0616507, -83.1369996 40.0620366, -83.1326866 40.0630548, -83.1314421 40.0580458, -83.135798 40.0570768, -83.1372571 40.0616507)))"
,Amazon Web Services,,,yes,,,,,,polygons,45.91640945,-119.26775115000001,"MULTIPOLYGON (((-119.2662813 45.9161706, -119.2688187 45.9161706, -119.2688187 45.9160698, -119.2691084 45.9160698, -119.2691084 45.9161706, -119.269221 45.9161706, -119.269221 45.9166483, -119.2662813 45.9166483, -119.2662813 45.9161706)))"
,,,,yes,,,,,,polygons,45.8410032,-119.65276875,"MULTIPOLYGON (((-119.6531238 45.8420275, -119.6524566 45.8420343, -119.6524137 45.8399789, -119.6530809 45.8399721, -119.6531238 45.8420275)))"
,,,,data_center,,,,,,polygons,45.85219635,-119.62990071452595,"MULTIPOLYGON (((-119.631541 45.8517886, -119.6315498 45.8525864, -119.6312564 45.852588, -119.6312574 45.8526727, -119.6282614 45.8526888, -119.6282516 45.8518063, -119.631541 45.8517886)))"
,,,,data_center,,,,,,polygons,45.85088075,-119.6305237,"MULTIPOLYGON (((-119.6312883 45.8512411, -119.6297702 45.8512523, -119.6297591 45.8505204, -119.6312772 45.8505092, -119.6312883 45.8512411)))"
,Equinix SV3,,,data_center,,,,,,polygons,37.3881905,-121.88854994202231,"MULTIPOLYGON (((-121.8879895 37.3888346, -121.8879712 37.3888444, -121.8878181 37.3886627, -121.8878481 37.3886467, -121.8877551 37.3885364, -121.8877258 37.388552, -121.8875721 37.3883696, -121.8875876 37.3883613, -121.8875383 37.3883028, -121.887796 37.3881656, -121.8878379 37.3882154, -121.888251 37.3879956, -121.8882282 37.3879686, -121.8887098 37.3877124, -121.888688 37.3876866, -121.8887556 37.3876506, -121.8888193 37.3877261, -121.8891898 37.387529, -121.8895579 37.3879658, -121.8891905 37.3881612, -121.8892638 37.3882482, -121.889189 37.3882881, -121.8891667 37.3882617, -121.8882745 37.3887364, -121.8882965 37.3887625, -121.8880426 37.3888976, -121.8879895 37.3888346)))"
,365 Main Street Data Center,,,data_center,,,,,,polygons,37.788731049999996,-122.3904690619859,"MULTIPOLYGON (((-122.389958 37.7886034, -122.3903117 37.7883262, -122.3909801 37.7888587, -122.3906265 37.7891359, -122.389958 37.7886034)))"
,,,,data_center,,,,,,polygons,37.403963700000006,-121.88931112757233,"MULTIPOLYGON (((-121.8894374 37.4037633, -121.8894529 37.4036387, -121.8899087 37.4036745, -121.8898725 37.4039653, -121.8898307 37.4039621, -121.8898148 37.4040889, -121.8898132 37.4040888, -121.8898089 37.4041272, -121.8898524 37.4041305, -121.8898483 37.4041643, -121.8898219 37.4043839, -121.8898162 37.4044309, -121.8893565 37.4043959, -121.8893681 37.4042999, -121.889392 37.4041019, -121.889397 37.404056, -121.8887862 37.404008, -121.8887938 37.4039474, -121.8886253 37.4039323, -121.8886353 37.4038619, -121.8885515 37.4038545, -121.8885694 37.403726, -121.8885995 37.4035107, -121.8886011 37.4034987, -121.888887 37.4035239, -121.888879 37.4035813, -121.889022 37.4035951, -121.8890304 37.4035317, -121.8892985 37.4035541, -121.8892726 37.4037497, -121.8894374 37.4037633)))"
,,,,data_center,,,,,,polygons,37.3705116,-121.96984660146325,"MULTIPOLYGON (((-121.9699264 37.371022, -121.9699243 37.3708983, -121.9694266 37.3709109, -121.9694276 37.3700293, -121.9693874 37.3700293, -121.9693821 37.369903, -121.9695695 37.3699, -121.969569 37.3698796, -121.9696669 37.369878, -121.9696674 37.3698984, -121.9697623 37.3698969, -121.9697657 37.3700267, -121.9702634 37.3700253, -121.970264 37.3701305, -121.9702683 37.3708927, -121.9699994 37.3708971, -121.9700015 37.3710209, -121.9699264 37.371022)))"
,,,,data_center,,,,,,polygons,37.3720462,-121.97250628983812,"MULTIPOLYGON (((-121.9722399 37.3724466, -121.9722345 37.3711122, -121.9727705 37.3711108, -121.9727727 37.3716472, -121.9727759 37.3724452, -121.9722399 37.3724466)))"
,Intergate Columbia 2,,,data_center,,,,,,polygons,47.40736985,-120.18752763421344,"MULTIPOLYGON (((-120.1880411 47.4077179, -120.1880416 47.4077681, -120.1879536 47.4077685, -120.187956 47.407979, -120.186838 47.4079846, -120.1868351 47.4077168, -120.1868385 47.4077168, -120.1868234 47.4063491, -120.1879432 47.4063435, -120.1879456 47.4065643, -120.1880343 47.4065638, -120.1880347 47.4066033, -120.1882121 47.4066024, -120.1882168 47.4070229, -120.1882244 47.407717, -120.1880411 47.4077179)))"
,Intergate Columbia 1,,,data_center,,,,,,polygons,47.40871695,-120.18925813628601,"MULTIPOLYGON (((-120.1895634 47.4076242, -120.1895634 47.4079566, -120.1900406 47.407956, -120.1900417 47.4083496, -120.1903235 47.4083492, -120.1903241 47.4085344, -120.1900415 47.4085347, -120.1900426 47.4088996, -120.1903235 47.4088992, -120.1903241 47.4090935, -120.1900423 47.4090938, -120.1900438 47.4096151, -120.1886486 47.4096169, -120.1886486 47.4095915, -120.1884767 47.4095917, -120.1884721 47.4079671, -120.188646 47.4079669, -120.1886459 47.4079578, -120.1889216 47.4079574, -120.188917 47.4077131, -120.1890484 47.407712, -120.1890484 47.4076242, -120.1895634 47.4076242)))"
,Intergate Columbia,,,,,,,,,polygons,47.40715265,-120.18965658727254,"MULTIPOLYGON (((-120.1906252 47.4099697, -120.1906271 47.4088585, -120.1927093 47.4088602, -120.1927146 47.4060579, -120.1866027 47.4060526, -120.1865986 47.4082474, -120.188265 47.4082487, -120.1882622 47.409968, -120.1906252 47.4099697)))"
,Intergate Ashburn,,,,,,,,,polygons,39.014718,-77.47864500694737,"MULTIPOLYGON (((-77.47989 39.0154974, -77.4809852 39.0157379, -77.4815973 39.0143866, -77.4809402 39.014149, -77.4803393 39.0138989, -77.4793657 39.0134947, -77.4784484 39.0131112, -77.4778422 39.0129653, -77.4772843 39.0130111, -77.4748381 39.0136197, -77.4751171 39.0141949, -77.4763026 39.0150494, -77.4770214 39.0155829, -77.4780085 39.0160663, -77.4790331 39.0164665, -77.479536 39.0164821, -77.47989 39.0154974)))"
,,,,data_center,,,,,,polygons,38.99419215,-77.44822248861374,"MULTIPOLYGON (((-77.4487451 38.9942141, -77.4486092 38.9944663, -77.4476999 38.9941702, -77.4478358 38.9939181, -77.4487451 38.9942141)))"
,,,,data_center,,,,,,polygons,39.021851,-77.45258907332408,"MULTIPOLYGON (((-77.453675 39.021439, -77.4535323 39.0213483, -77.4533986 39.0214764, -77.4533184 39.0214255, -77.4532193 39.0215205, -77.453356 39.0216051, -77.4531766 39.0217783, -77.45304 39.0216922, -77.452241 39.0224577, -77.4518986 39.0222402, -77.4521303 39.0220183, -77.4521155 39.0220089, -77.4522044 39.0219237, -77.4522186 39.0219327, -77.4524297 39.0217305, -77.4524171 39.0217225, -77.4525056 39.0216377, -77.4525189 39.0216462, -77.4527328 39.0214412, -77.4527174 39.0214314, -77.452803 39.0213494, -77.4528191 39.0213596, -77.4530764 39.0211131, -77.4530972 39.0211181, -77.4532686 39.0211056, -77.4535803 39.0213036, -77.4535551 39.0213278, -77.4536971 39.0214202, -77.453675 39.021439)))"
,Building E,,,data_center,,,,,,polygons,39.0050116,-77.48563334377923,"MULTIPOLYGON (((-77.484449 39.0053405, -77.4850488 39.0058575, -77.4866923 39.0047676, -77.4861131 39.0042309, -77.4860221 39.0042916, -77.4845764 39.0052556, -77.484449 39.0053405)))"
,,,,commercial,,,,,,polygons,40.5400292,-74.54199962539883,"MULTIPOLYGON (((-74.5423027 40.5407268, -74.5419936 40.5406551, -74.5418628 40.5409714, -74.5414873 40.5408817, -74.5416171 40.5405679, -74.5415005 40.5405408, -74.5415775 40.540349, -74.5413156 40.5402906, -74.5415409 40.5397076, -74.5418108 40.5397678, -74.5419105 40.5395194, -74.5416536 40.5394671, -74.5418521 40.5389045, -74.5421342 40.538962, -74.5422139 40.5387634, -74.5430161 40.5389493, -74.5424236 40.5404254, -74.5423027 40.5407268)))"
,,,,data_center,,,,,,polygons,40.536120999999994,-74.55343250000001,"MULTIPOLYGON (((-74.5538644 40.5367316, -74.5529953 40.5367294, -74.5530006 40.5355104, -74.5531402 40.5355107, -74.5538697 40.5355126, -74.5538644 40.5367316)))"
,,,,data_center,,,,,,polygons,40.53772515,-74.55552023570036,"MULTIPOLYGON (((-74.5560825 40.5380933, -74.5549432 40.5380807, -74.5549587 40.5373696, -74.5551578 40.5369596, -74.556104 40.536966, -74.5560825 40.5380933)))"
,,,,data_center,,,,,,polygons,34.1998691,-118.34378887460016,"MULTIPOLYGON (((-118.3434724 34.199561, -118.3441185 34.1995707, -118.3441054 34.2001772, -118.3434592 34.2001675, -118.3434724 34.199561)))"
,,,,data_center,,,,,,polygons,39.0263665,-77.44951217490244,"MULTIPOLYGON (((-77.4498622 39.0274385, -77.4492077 39.0274469, -77.4491621 39.0252945, -77.4498167 39.0252861, -77.4498622 39.0274385)))"
,,,,data_center,,,,,,polygons,39.0263592,-77.45086935,"MULTIPOLYGON (((-77.4512194 39.0274312, -77.4505649 39.0274396, -77.4505193 39.0252872, -77.4511738 39.0252788, -77.4512194 39.0274312)))"
,,,,data_center,,,,,,polygons,38.9918202,-77.44115079686449,"MULTIPOLYGON (((-77.442145 38.9926278, -77.439792 38.991454, -77.4401566 38.9910125, -77.4425095 38.9921864, -77.442145 38.9926278)))"
,,,,data_center,,,,,,polygons,38.9909727,-77.44182666873309,"MULTIPOLYGON (((-77.4428209 38.9917804, -77.4404679 38.9906065, -77.4408325 38.9901651, -77.4431855 38.9913389, -77.4428209 38.9917804)))"
,,,,yes,,,,,,polygons,41.078061399999996,-74.1529146551525,"MULTIPOLYGON (((-74.1533716 41.0794591, -74.1530106 41.079463, -74.1530118 41.079496, -74.1528866 41.0794963, -74.1528844 41.0794647, -74.152521 41.0794677, -74.1525204 41.0794368, -74.1525117 41.078959, -74.1525103 41.0788816, -74.152485 41.0788824, -74.1524523 41.0787719, -74.1524784 41.078654, -74.152504 41.0786532, -74.1524962 41.0783743, -74.1524631 41.0771792, -74.1524622 41.0771367, -74.153326 41.0771397, -74.1533269 41.0772027, -74.1533351 41.0777485, -74.1533716 41.0794591)))"
,AT&T,,,yes,,,,,,polygons,34.57994375,-118.11400713923155,"MULTIPOLYGON (((-118.1138715 34.5802377, -118.1138711 34.5799861, -118.1138306 34.5799861, -118.1138304 34.5799014, -118.1138657 34.5799013, -118.1138657 34.5798709, -118.1138753 34.5798709, -118.1138751 34.5797694, -118.1139029 34.5797693, -118.1139029 34.5797296, -118.1141122 34.5797294, -118.1141122 34.5797215, -118.1141688 34.5797214, -118.1141689 34.5797956, -118.1141818 34.5797956, -118.1141877 34.5802374, -118.1138715 34.5802377)))"
,,,,industrial,,,,,,polygons,33.137947600000004,-96.65736347975778,"MULTIPOLYGON (((-96.6570206 33.138195, -96.6570312 33.1381066, -96.6571112 33.1381134, -96.6571515 33.1377768, -96.6572916 33.1377886, -96.6573173 33.137574, -96.6576374 33.1376011, -96.6575608 33.1382408, -96.6572807 33.1382171, -96.6572772 33.1382465, -96.6572422 33.1382435, -96.6572457 33.1382141, -96.6570206 33.138195)))"
,,,,yes,,,,,,polygons,30.018815099999998,-95.86366105147279,"MULTIPOLYGON (((-95.864417 30.0197134, -95.8629149 30.0197195, -95.8629051 30.0179168, -95.8630243 30.0179164, -95.863023 30.0176869, -95.8645885 30.0176805, -95.8645896 30.0178721, -95.864407 30.0178728, -95.864417 30.0197134)))"
,,,,yes,,,,,,polygons,47.239507950000004,-119.88735465486894,"MULTIPOLYGON (((-119.8889597 47.239778, -119.8889724 47.2392584, -119.8875265 47.2392586, -119.8875269 47.2393744, -119.887154 47.239379, -119.8871475 47.2392544, -119.8857414 47.2392412, -119.8857448 47.2398048, -119.8871547 47.2398001, -119.8871612 47.2396369, -119.8875269 47.2396369, -119.8875295 47.2397957, -119.8889597 47.239778)))"
,,,,yes,,,,,,polygons,47.23861745,-119.88736142054283,"MULTIPOLYGON (((-119.8889782 47.2388622, -119.8889851 47.2383121, -119.8875338 47.2383337, -119.8875276 47.2384846, -119.8871989 47.238489, -119.8871985 47.2383207, -119.8857414 47.2383212, -119.8857417 47.2388405, -119.8872188 47.2388531, -119.8872188 47.2387461, -119.8875269 47.2387459, -119.8875269 47.2388582, -119.8889782 47.2388622)))"
,,,,yes,,,,,,polygons,47.238613900000004,-119.86382323864731,"MULTIPOLYGON (((-119.8661215 47.2385322, -119.8661088 47.2384247, -119.8633555 47.2385625, -119.8633463 47.2384862, -119.8632022 47.2384971, -119.8632305 47.2387525, -119.8633752 47.2387433, -119.863368 47.2386653, -119.8661215 47.2385322)))"
,,,,yes,,,,,,polygons,47.247422650000004,-119.82488442946848,"MULTIPOLYGON (((-119.8264043 47.2480563, -119.8263967 47.2472162, -119.8258721 47.2472235, -119.8258727 47.2476201, -119.8257674 47.2476227, -119.8257604 47.2472218, -119.8252459 47.2472252, -119.8252599 47.2476296, -119.8251514 47.2476313, -119.8251616 47.2469509, -119.8246103 47.2469543, -119.8246205 47.2481394, -119.8251654 47.2481386, -119.8251584 47.2476933, -119.8252542 47.2476912, -119.8252529 47.2480606, -119.8257795 47.2480568, -119.8257694 47.2476834, -119.8258753 47.2476813, -119.8258734 47.2480589, -119.8264043 47.2480563)))"
,Facebook Fort Worth Datacenter,,,commercial,,,,,,polygons,32.983782899999994,-97.26111316489428,"MULTIPOLYGON (((-97.2593711 32.9843386, -97.2587882 32.9834455, -97.257262 32.9841463, -97.2569107 32.983608, -97.26044 32.9819873, -97.2607914 32.9825257, -97.2593822 32.9831727, -97.2599651 32.9840658, -97.2613998 32.983407, -97.2617593 32.9839578, -97.2582299 32.9855785, -97.2578705 32.9850276, -97.2593711 32.9843386)))"
,CITIGROUP TECHNOLOGY INC,,,yes,,,,,,polygons,33.006381450000006,-97.24529014986021,"MULTIPOLYGON (((-97.2462909 33.0058361, -97.246297 33.006919, -97.2442894 33.0069269, -97.2442833 33.0058439, -97.2462909 33.0058361)))"
,QTS Data Center,,,yes,,,,,,polygons,32.9887655,-97.2592806444371,"MULTIPOLYGON (((-97.2589196 32.9897912, -97.2588589 32.9895958, -97.2585577 32.9896617, -97.2581623 32.98839, -97.2584524 32.9883266, -97.2583914 32.9881303, -97.2588255 32.9880353, -97.2588864 32.9882313, -97.2596189 32.9880711, -97.2597167 32.9883856, -97.2599014 32.9883452, -97.2599257 32.9884234, -97.2599707 32.9884136, -97.2599771 32.9884341, -97.2601663 32.9883927, -97.2603853 32.9890969, -97.2599634 32.9891892, -97.2600129 32.9893417, -97.2592797 32.9895021, -97.2593409 32.9896991, -97.2589196 32.9897912)))"
,,,,data_center,,,,,,polygons,29.4728156,-98.6895813535522,"MULTIPOLYGON (((-98.6893353 29.4733651, -98.6892669 29.4723622, -98.6896424 29.4723427, -98.6896575 29.4725632, -98.689847 29.4725534, -98.6898821 29.473068, -98.6896926 29.4730778, -98.6897108 29.4733457, -98.6893353 29.4733651)))"
,,,,data_center,,,,,,polygons,29.47025415,-98.68634842417035,"MULTIPOLYGON (((-98.6864787 29.4699079, -98.6867376 29.4703414, -98.6864924 29.4704524, -98.6864664 29.4705239, -98.6863843 29.4705013, -98.6858407 29.4707474, -98.6856452 29.4704199, -98.6862041 29.4701669, -98.6861408 29.4700609, -98.6864787 29.4699079)))"
,,,,data_center,,,,,,polygons,29.47008515,-98.68756881713054,"MULTIPOLYGON (((-98.6875597 29.4707941, -98.6874175 29.4705127, -98.6874847 29.470487, -98.6871626 29.4698494, -98.6877334 29.4696308, -98.6878364 29.4698347, -98.6877467 29.469869, -98.6879813 29.4703332, -98.6880647 29.4703013, -98.6880949 29.470361, -98.6880758 29.4703684, -98.6881723 29.4705595, -98.6875597 29.4707941)))"
,San Antonio Data Center I,,,data_center,,,,,,polygons,29.46662675,-98.6881525704134,"MULTIPOLYGON (((-98.6874028 29.4662755, -98.6876449 29.4661329, -98.6876575 29.4661491, -98.6878956 29.4660088, -98.6879942 29.4661357, -98.6881385 29.4660507, -98.6881541 29.4660708, -98.6881763 29.4660577, -98.688186 29.4660764, -98.6882067 29.4660945, -98.6882376 29.466112, -98.6882772 29.466129, -98.6883241 29.4661342, -98.6883549 29.466136, -98.6883932 29.4661319, -98.688428 29.4661202, -98.6884571 29.4661045, -98.6884728 29.4661248, -98.6884938 29.4661124, -98.6885797 29.4662229, -98.6885587 29.4662353, -98.6885739 29.4662549, -98.6885515 29.4662681, -98.6885692 29.4662908, -98.6884411 29.4663663, -98.6884234 29.4663436, -98.6883754 29.4663718, -98.6884319 29.4664444, -98.6884702 29.4664219, -98.6887711 29.4668091, -98.6883874 29.4670351, -98.6884001 29.4670515, -98.6881296 29.4672108, -98.6874028 29.4662755)))"
,,,,data_center,,,,,,polygons,29.4720354,-98.67171995809645,"MULTIPOLYGON (((-98.6714801 29.4724482, -98.6714378 29.4724815, -98.6711012 29.4721577, -98.6719611 29.4714802, -98.6722954 29.4718017, -98.6722556 29.4718331, -98.6723387 29.4719131, -98.671561 29.4725259, -98.6714801 29.4724482)))"
,San Antonio Data Center II,,,data_center,,,,,,polygons,29.47084775,-98.67304735449886,"MULTIPOLYGON (((-98.6729631 29.4702512, -98.6730587 29.4703407, -98.6731216 29.4702898, -98.6735812 29.4707204, -98.6736018 29.4707037, -98.6738081 29.470897, -98.6735474 29.4711078, -98.6734274 29.4709954, -98.6727737 29.4715243, -98.6726863 29.4714425, -98.6727043 29.4713061, -98.6725187 29.4712855, -98.6724931 29.4712615, -98.6726475 29.4711366, -98.6722866 29.4707985, -98.6729631 29.4702512)))"
,,,,data_center,,,,,,polygons,29.4700507,-98.67226370903748,"MULTIPOLYGON (((-98.6729314 29.4700607, -98.6722443 29.4706318, -98.671596 29.4700407, -98.6714664 29.4701484, -98.6712811 29.4699794, -98.6714432 29.4698447, -98.6716166 29.4697725, -98.6717577 29.4699011, -98.6722611 29.4694827, -98.6724411 29.4696469, -98.6724068 29.4696754, -98.6725374 29.4697945, -98.6725908 29.4697501, -98.6726969 29.4698468, -98.6727532 29.4698, -98.6729312 29.4699623, -98.6728749 29.4700091, -98.6729314 29.4700607)))"
,,,,industrial,,,,,,polygons,44.28910275,-120.87016642541212,"MULTIPOLYGON (((-120.8724375 44.2892903, -120.8704447 44.2892817, -120.8704429 44.2894946, -120.8699025 44.2894923, -120.869904 44.2893159, -120.8678921 44.2893073, -120.8678953 44.2889238, -120.8677257 44.288923, -120.867727 44.2887698, -120.867909 44.2887706, -120.8679123 44.2883764, -120.8697884 44.2883845, -120.8697849 44.2888065, -120.870017 44.2888075, -120.8700186 44.2886254, -120.8703449 44.2886268, -120.8703434 44.2888101, -120.8706292 44.2888113, -120.8706326 44.2884101, -120.872438 44.2884178, -120.8724348 44.2888012, -120.8726284 44.288802, -120.8726275 44.2889024, -120.8724407 44.2889016, -120.8724375 44.2892903)))"
,GoDaddy - Gilbert,,,yes,,,,,,polygons,33.3618496,-111.83928942817411,"MULTIPOLYGON (((-111.8384423 33.3616599, -111.838771 33.3616601, -111.8388317 33.361713, -111.8388977 33.3616601, -111.8392278 33.3616631, -111.8392956 33.3617174, -111.839358 33.3616631, -111.8396881 33.3616601, -111.8397506 33.3617131, -111.8398131 33.3616616, -111.8401379 33.361663, -111.8401355 33.3620468, -111.8401042 33.3620466, -111.8401037 33.3621188, -111.8400703 33.3621496, -111.8400484 33.3621602, -111.8400161 33.3621684, -111.8399775 33.362167, -111.8399452 33.3621578, -111.8397672 33.3621567, -111.8397669 33.3622018, -111.8395462 33.3622005, -111.8395465 33.3621627, -111.8393705 33.3621618, -111.8393702 33.3621972, -111.8392237 33.3621966, -111.8392239 33.3621598, -111.8390394 33.3621591, -111.8390392 33.3621942, -111.8387685 33.3621935, -111.8387686 33.3621607, -111.8387025 33.3621605, -111.8387027 33.362079, -111.8385109 33.3620788, -111.8385111 33.3619819, -111.838442 33.3619818, -111.8384423 33.3616599)))"
,,,,yes,,,,,,polygons,36.238272699999996,-95.32510385113017,"MULTIPOLYGON (((-95.3223865 36.2387471, -95.3223906 36.2397417, -95.322483 36.2397415, -95.3224836 36.2398701, -95.3229892 36.2398688, -95.3229886 36.2397401, -95.3232166 36.2397395, -95.3232171 36.2398701, -95.3236396 36.2398689, -95.3236391 36.2397384, -95.3238054 36.2397379, -95.3238059 36.239869, -95.3243115 36.2398677, -95.324311 36.2397366, -95.3244109 36.2397363, -95.3244087 36.2391884, -95.3247549 36.2391875, -95.3247565 36.2395929, -95.3256318 36.2395905, -95.3256304 36.2392415, -95.3252788 36.2392425, -95.325278 36.2390662, -95.3254712 36.2390656, -95.3254688 36.2384702, -95.3256348 36.2384697, -95.3256345 36.2383858, -95.3257985 36.2383853, -95.3257968 36.2379758, -95.3256418 36.2379762, -95.3256411 36.2377967, -95.3257961 36.2377963, -95.3257946 36.2374523, -95.3256403 36.2374527, -95.3256398 36.2373229, -95.3257941 36.2373225, -95.3257924 36.2369114, -95.3256402 36.2369118, -95.3256398 36.23683, -95.3240096 36.2368343, -95.3240144 36.2380029, -95.3238481 36.2380033, -95.3238488 36.2381601, -95.3244092 36.2381586, -95.3244116 36.2387416, -95.3223865 36.2387471)))"
,,,,yes,,,,,,polygons,36.2389843,-95.32097344681087,"MULTIPOLYGON (((-95.3199296 36.239845, -95.3199322 36.2391339, -95.3202031 36.2391346, -95.3202042 36.2388347, -95.3199292 36.238834, -95.3199318 36.2381284, -95.3217464 36.2381328, -95.3217399 36.2398856, -95.3214127 36.2398848, -95.3214128 36.2398485, -95.3213256 36.2398483, -95.3213256 36.2398624, -95.3212331 36.2398622, -95.3212331 36.2398481, -95.3199296 36.239845)))"
,,,,yes,,,,,,polygons,36.23743225,-95.32218537736007,"MULTIPOLYGON (((-95.3234558 36.2379211, -95.3209157 36.2379224, -95.3209149 36.2368893, -95.3211386 36.2368892, -95.3211385 36.2367254, -95.3213143 36.2367253, -95.3213143 36.2367088, -95.322212 36.2367084, -95.3222122 36.2369434, -95.3225944 36.2369432, -95.3225943 36.2367186, -95.3234549 36.2367181, -95.3234558 36.2379211)))"
,,,,yes,,,,,,polygons,36.2414728,-95.32293730294685,"MULTIPOLYGON (((-95.3243457 36.2408574, -95.324329 36.2420017, -95.3235272 36.2419941, -95.3235265 36.2420476, -95.3234228 36.2420466, -95.3234235 36.2419991, -95.3221956 36.2419872, -95.3221947 36.2420467, -95.3220417 36.2420453, -95.3220425 36.2419879, -95.3215305 36.2419831, -95.3215455 36.2409469, -95.3232038 36.2409625, -95.3232068 36.2407531, -95.3240706 36.2407613, -95.3240693 36.2408548, -95.3243457 36.2408574)))"
,Evoque Data Center Solutions,,,yes,,,,,,polygons,33.42125495,-111.85900047883666,"MULTIPOLYGON (((-111.8587325 33.4215998, -111.8590605 33.4215997, -111.8590605 33.4216476, -111.8590425 33.4216477, -111.8590426 33.4217011, -111.8591134 33.421701, -111.8591134 33.4216435, -111.8590774 33.4216436, -111.8590774 33.4216057, -111.8593748 33.4216054, -111.8593741 33.4210968, -111.859389 33.4210968, -111.859389 33.4211117, -111.8594731 33.4211116, -111.8594731 33.4210409, -111.859385 33.4210409, -111.859385 33.4210575, -111.859378 33.4210575, -111.8593782 33.420976, -111.8590878 33.4209757, -111.8590881 33.4208077, -111.858984 33.4208076, -111.8589839 33.4209016, -111.8589079 33.4209015, -111.8589078 33.4209807, -111.8586271 33.4209804, -111.8586264 33.4213982, -111.8585865 33.4213982, -111.8585864 33.4215003, -111.8585635 33.4215003, -111.8585634 33.4216733, -111.8586545 33.4216734, -111.8586545 33.4216551, -111.8587325 33.4216551, -111.8587325 33.4215998)))"
,,,,yes,,,,,,polygons,29.99534155,-95.5633275881312,"MULTIPOLYGON (((-95.564431 29.9955706, -95.5624095 29.995919, -95.5621456 29.9947704, -95.5638524 29.9944762, -95.5639649 29.9949659, -95.5644752 29.994878, -95.5645214 29.9950788, -95.5643257 29.9951125, -95.564431 29.9955706)))"
,,,,yes,,,,,,polygons,29.997249850000003,-95.56403952258083,"MULTIPOLYGON (((-95.5634325 29.9978512, -95.5639731 29.9978184, -95.5639462 29.9974871, -95.5641267 29.9974762, -95.564137 29.997603, -95.564721 29.9975676, -95.5646759 29.997011, -95.5644702 29.9970235, -95.5644536 29.9968186, -95.5642397 29.9968316, -95.5642512 29.9969743, -95.5640857 29.9969844, -95.5640754 29.9968564, -95.563885 29.9968679, -95.563888 29.9969055, -95.5633585 29.9969376, -95.5634325 29.9978512)))"
,Liquid Web,,,yes,,,,,,polygons,42.68807095,-84.64306863956664,"MULTIPOLYGON (((-84.6428084 42.6883309, -84.6431174 42.6883339, -84.6431174 42.6882861, -84.6432292 42.6882891, -84.6432251 42.6881038, -84.6433349 42.6881068, -84.6433288 42.6880381, -84.6432414 42.6880366, -84.6432455 42.6878184, -84.6431093 42.6878199, -84.6431113 42.6877751, -84.6428023 42.6877721, -84.6428084 42.6883309)))"
,"Liquid Web, Inc",,,yes,,,,,,polygons,42.7053904,-84.6660891,"MULTIPOLYGON (((-84.666559 42.7057852, -84.6665672 42.7050009, -84.6656192 42.7049956, -84.665611 42.7057799, -84.666559 42.7057852)))"
,,,,yes,,,,,,polygons,37.40259115,-121.89333416485279,"MULTIPOLYGON (((-121.8937085 37.403234, -121.893156 37.4032611, -121.8930484 37.4018746, -121.8936112 37.401847, -121.8936588 37.4024595, -121.8935545 37.4024646, -121.8935745 37.4027223, -121.8936684 37.4027177, -121.8937085 37.403234)))"
,,,,yes,,,,,,polygons,37.4025627,-121.89246853229042,"MULTIPOLYGON (((-121.8927536 37.403222, -121.892314 37.4032388, -121.8922768 37.4026259, -121.8921018 37.4024183, -121.892053 37.4024443, -121.8919477 37.4023195, -121.8926248 37.4019593, -121.8927758 37.4021384, -121.89252 37.4022745, -121.8927097 37.4024995, -121.8927536 37.403222)))"
,Facebook Altoona Data Center 3,,,yes,,,,,,polygons,41.667193749999996,-93.50654244757675,"MULTIPOLYGON (((-93.5065522 41.6674001, -93.5063823 41.6676271, -93.5048498 41.6669874, -93.5050286 41.6667485, -93.5039817 41.6663115, -93.5043733 41.665788, -93.5091475 41.667781, -93.508747 41.6683163, -93.5065522 41.6674001)))"
,,,,data_center,,,,,,polygons,39.02791995,-77.45750245034054,"MULTIPOLYGON (((-77.4585968 39.0277168, -77.456789 39.0285836, -77.4564135 39.0281231, -77.458224 39.0272438, -77.4585968 39.0277168)))"
,,,,data_center,,,,,,polygons,39.029577450000005,-77.45966508539769,"MULTIPOLYGON (((-77.4614695 39.0294399, -77.4580926 39.0302317, -77.4578753 39.029715, -77.4612549 39.0289023, -77.4614695 39.0294399)))"
,,,,data_center,,,,,,polygons,39.0287862,-77.4582515,"MULTIPOLYGON (((-77.4592626 39.0286255, -77.4576155 39.0294176, -77.4572404 39.0289469, -77.4588875 39.0281548, -77.4592626 39.0286255)))"
,Verizon,,,yes,,,,,,polygons,37.415926799999994,-79.14421290120373,"MULTIPOLYGON (((-79.1445331 37.4159819, -79.1442635 37.4156697, -79.1438927 37.4158717, -79.1441624 37.416184, -79.1445331 37.4159819)))"
,Microsoft,,,yes,,,,,,polygons,41.92310615,-87.91826328939885,"MULTIPOLYGON (((-87.9189323 41.9241829, -87.918944 41.9220594, -87.9183903 41.9220577, -87.9183921 41.9217325, -87.9175959 41.9217301, -87.9175826 41.9241529, -87.9188253 41.9241567, -87.9188251 41.9241825, -87.9189323 41.9241829)))"
,,,,yes,,,,,,polygons,38.87213285,-99.3001732,"MULTIPOLYGON (((-99.300431 38.8722361, -99.2999227 38.8722465, -99.2999154 38.8720296, -99.3004237 38.8720192, -99.300431 38.8722361)))"
,,,,yes,,,,,,polygons,29.8215714,-95.57070944521318,"MULTIPOLYGON (((-95.5710475 29.8221718, -95.5710432 29.8216277, -95.5710985 29.8216273, -95.5710969 29.8214245, -95.5712804 29.8214234, -95.571277 29.8209786, -95.5703942 29.8209838, -95.5703984 29.821515, -95.5703204 29.8215155, -95.570322 29.8217228, -95.5704803 29.8217219, -95.5704839 29.8221695, -95.5705942 29.8221688, -95.570594 29.8221388, -95.5709473 29.8221367, -95.5709476 29.8221723, -95.5710475 29.8221718)))"
,,,,yes,,,,,,polygons,33.1377234,-96.65588810714456,"MULTIPOLYGON (((-96.6555476 33.1381599, -96.6556093 33.1374771, -96.656208 33.137515, -96.6561697 33.1379389, -96.6560565 33.1379318, -96.6560331 33.1381906, -96.6555476 33.1381599)))"
,,,,yes,,,,,,polygons,33.13852055,-96.65995157284979,"MULTIPOLYGON (((-96.6590774 33.1392267, -96.6592652 33.1376815, -96.6608257 33.1378144, -96.660638 33.1393596, -96.6590774 33.1392267)))"
,,,,yes,,,,,,polygons,45.8404435,-119.65497942651415,"MULTIPOLYGON (((-119.6565162 45.8406866, -119.6564988 45.8401523, -119.6534427 45.8402004, -119.65346 45.8407348, -119.6565162 45.8406866)))"
,Amazon Web Services,,,yes,,,,,,polygons,45.917447749999994,-119.26773387522175,"MULTIPOLYGON (((-119.2692941 45.9178947, -119.2692892 45.9169928, -119.2661737 45.9170008, -119.2661785 45.9179027, -119.2692941 45.9178947)))"
,,,,yes,,,,,,polygons,45.631904,-121.20090672443584,"MULTIPOLYGON (((-121.2014857 45.632958, -121.2006813 45.6329568, -121.2006817 45.632828, -121.2005768 45.6328278, -121.2005777 45.6325374, -121.2003224 45.632537, -121.2003264 45.6312703, -121.2007827 45.631271, -121.2007836 45.6310062, -121.2014919 45.6310073, -121.2014857 45.632958)))"
,,,,data_center,,,,,,polygons,39.02712735,-77.452821621458,"MULTIPOLYGON (((-77.4514553 39.0273885, -77.4541916 39.0273577, -77.4541837 39.0268601, -77.4514553 39.026897, -77.4514553 39.0273885)))"
,,,,data_center,,,,,,polygons,39.0230296,-77.44979352734306,"MULTIPOLYGON (((-77.4503582 39.0237359, -77.4507581 39.0233336, -77.4490272 39.0222952, -77.4488169 39.0225067, -77.4489608 39.022593, -77.448829 39.0227256, -77.4502979 39.0236069, -77.4502401 39.023665, -77.4503582 39.0237359)))"
,Building H,,,data_center,,,,,,polygons,39.00153335,-77.47936484729624,"MULTIPOLYGON (((-77.4789928 39.0017681, -77.4789537 39.0018253, -77.4790311 39.0018572, -77.4790038 39.0018971, -77.4790805 39.0019288, -77.4790562 39.0019643, -77.479535 39.0021619, -77.479557 39.0021297, -77.4795925 39.0021444, -77.4796176 39.0021076, -77.4796618 39.0021258, -77.4797005 39.0020692, -77.4797392 39.0020851, -77.4799707 39.0017464, -77.4800064 39.0017612, -77.4801125 39.001606, -77.4800826 39.0015936, -77.4801638 39.001475, -77.4789848 39.0009874, -77.478968 39.0010119, -77.4787761 39.0009326, -77.4785936 39.0011993, -77.4787814 39.0012769, -77.4785659 39.0015917, -77.4789928 39.0017681)))"
,Building G,,,data_center,,,,,,polygons,39.0004552,-77.48047946128159,"MULTIPOLYGON (((-77.4815197 39.0013323, -77.4819423 39.0007213, -77.4817994 39.0006617, -77.481825 39.0006247, -77.4817542 39.0005951, -77.4817811 39.0005562, -77.481223 39.000323, -77.4812516 39.0002816, -77.4809462 39.0001539, -77.4808622 39.0002753, -77.4803802 39.0000738, -77.4804303 39.0000015, -77.4798334 38.9997521, -77.479811 38.9997845, -77.4796921 38.9997348, -77.4796637 38.9997759, -77.4795969 38.999748, -77.4791777 39.0003542, -77.4815197 39.0013323)))"
,Building K,,,data_center,,,,,,polygons,39.000026899999995,-77.4780221742154,"MULTIPOLYGON (((-77.4786734 39.0006774, -77.4788591 39.0004049, -77.478743 39.0003571, -77.4789644 39.0000322, -77.4789385 39.0000216, -77.4790107 38.9999157, -77.4782721 38.9996118, -77.4782436 38.9996538, -77.4781415 38.9996118, -77.4781025 38.9996691, -77.4773818 38.9993725, -77.4769702 38.9999764, -77.4786734 39.0006774)))"
,Building J,,,data_center,,,,,,polygons,39.00106835,-77.4771273304588,"MULTIPOLYGON (((-77.4762626 39.0011281, -77.4775243 39.0016593, -77.4775474 39.0016262, -77.4776511 39.0016699, -77.4780432 39.0011074, -77.4778576 39.0010293, -77.4778672 39.0010156, -77.4766475 39.0005018, -77.4764308 39.0008126, -77.4764708 39.0008295, -77.4762626 39.0011281)))"
,,,,yes,,,,,,polygons,33.06444715,-80.04608537491708,"MULTIPOLYGON (((-80.0470659 33.0648102, -80.0470671 33.0640865, -80.0451049 33.0640841, -80.0451036 33.0648078, -80.0470659 33.0648102)))"
,,,,yes,,,,,,polygons,33.06402945000001,-80.04362490214237,"MULTIPOLYGON (((-80.0445502 33.0646286, -80.0447802 33.0646309, -80.0447824 33.064479, -80.0447004 33.0644782, -80.0447128 33.0635807, -80.0425497 33.0635597, -80.0425355 33.0645866, -80.0427455 33.0645887, -80.0427431 33.0647635, -80.044548 33.0647814, -80.0445502 33.0646286)))"
,,,,yes,,,,,,polygons,33.064272200000005,-80.04145342496093,"MULTIPOLYGON (((-80.0405236 33.0646267, -80.0405223 33.06392, -80.0423833 33.0639176, -80.0423845 33.0646244, -80.0405236 33.0646267)))"
,,,,yes,,,,,,polygons,33.0620952,-80.04517645165227,"MULTIPOLYGON (((-80.0474352 33.0623816, -80.0474373 33.0616715, -80.047309 33.0616273, -80.0473049 33.0612163, -80.0451664 33.0612312, -80.0451721 33.0618061, -80.044757 33.0618089, -80.0447545 33.0615501, -80.0445643 33.0615514, -80.0445732 33.0612222, -80.0429222 33.061201, -80.0429151 33.0623891, -80.042624 33.0623908, -80.0426284 33.0629298, -80.0447712 33.062918, -80.0447683 33.0625302, -80.0452117 33.062528, -80.0452121 33.0626025, -80.0453271 33.0626021, -80.045328 33.0629297, -80.0455814 33.0629293, -80.0455812 33.0627855, -80.0468153 33.0627849, -80.0468153 33.0628778, -80.0470069 33.0628779, -80.0470073 33.0626071, -80.047352 33.0626075, -80.0473524 33.0623815, -80.0474352 33.0623816)))"
,,,,yes,,,,,,polygons,33.06198485,-80.0383345121573,"MULTIPOLYGON (((-80.038978 33.0625603, -80.0387386 33.0625599, -80.0387378 33.0628686, -80.038035 33.0628674, -80.0380357 33.0625638, -80.0376883 33.0625633, -80.0376908 33.0614082, -80.0387137 33.0614098, -80.0387143 33.0611528, -80.0389816 33.0611533, -80.038978 33.0625603)))"
,,,,yes,,,,,,polygons,33.06200005,-80.0411914374976,"MULTIPOLYGON (((-80.0419389 33.0614428, -80.0404885 33.0614035, -80.040444 33.0625573, -80.040897 33.0625695, -80.040888 33.0628041, -80.0411288 33.0628106, -80.0411569 33.0628883, -80.0417585 33.0629045, -80.0417612 33.0628353, -80.041885 33.0628387, -80.0419389 33.0614428)))"
,RagingWire Data Center VA2,,,data_center,,,,,,polygons,39.025018599999996,-77.4575968460531,"MULTIPOLYGON (((-77.4583296 39.0247465, -77.457419 39.025619, -77.4568796 39.0252907, -77.4577459 39.0244127, -77.4583296 39.0247465)))"
,AngelTrax Data Center,,,yes,,,,,,polygons,31.231949399999998,-85.45584938723022,"MULTIPOLYGON (((-85.4560901 31.232004, -85.4560909 31.2318094, -85.4556074 31.2318034, -85.4556081 31.2318985, -85.4556088 31.2320003, -85.4560901 31.232004)))"
,Envoy Data,,,yes,,,,,,polygons,33.3761521,-111.81829614720229,"MULTIPOLYGON (((-111.8181462 33.3762214, -111.8182584 33.3759564, -111.8183973 33.3759974, -111.8183928 33.3760079, -111.8184521 33.3760254, -111.8184298 33.376078, -111.8184461 33.3760828, -111.8183606 33.3762847, -111.8181462 33.3762214)))"
,,,,yes,,,,,,polygons,45.841421350000005,-119.65793230515625,"MULTIPOLYGON (((-119.6572337 45.8424994, -119.658644 45.8424952, -119.6586309 45.8403399, -119.658115 45.8403414, -119.6581144 45.8402465, -119.6579172 45.840247, -119.6579178 45.8403454, -119.6572206 45.8403475, -119.6572337 45.8424994)))"
,,,,yes,,,,,,polygons,29.4118627,-98.80399486143523,"MULTIPOLYGON (((-98.8036188 29.4129808, -98.8036056 29.410997, -98.8043726 29.4109932, -98.8043841 29.4127284, -98.8041617 29.4127295, -98.8041634 29.4129781, -98.8036188 29.4129808)))"
,,,,yes,,,,,,polygons,29.4120123,-98.80273022504696,"MULTIPOLYGON (((-98.8023582 29.4130259, -98.8023448 29.4110025, -98.8031022 29.4109987, -98.8031157 29.4130221, -98.8023582 29.4130259)))"
,ACC7,,,data_center,,,,,,polygons,39.017221,-77.46565452633232,"MULTIPOLYGON (((-77.4656037 39.0190328, -77.4655796 39.0189671, -77.4655425 39.0189754, -77.4653136 39.0183537, -77.4650502 39.0184127, -77.4648519 39.0178743, -77.4649354 39.0178556, -77.4649156 39.0178019, -77.4648798 39.01781, -77.4647806 39.0175407, -77.4649947 39.0174927, -77.4646468 39.0165478, -77.4648512 39.016502, -77.4646991 39.0160889, -77.4654923 39.0159111, -77.4656233 39.016267, -77.4656881 39.0162525, -77.4657099 39.0163116, -77.465813 39.0162885, -77.4660563 39.0169493, -77.4662947 39.0168959, -77.4666224 39.017786, -77.4663806 39.0178402, -77.466703 39.0187157, -77.4666796 39.018721, -77.4667036 39.0187861, -77.4661691 39.0189059, -77.466184 39.0189465, -77.4660423 39.0189783, -77.4660274 39.0189378, -77.4656037 39.0190328)))"
,,,,data_center,,,,,,polygons,39.017245900000006,-77.47037544630501,"MULTIPOLYGON (((-77.4703383 39.018219, -77.4702483 39.0181571, -77.4702619 39.0181451, -77.4697289 39.0177788, -77.4697317 39.0177763, -77.4692762 39.0174632, -77.4693687 39.017382, -77.469264 39.01731, -77.4705007 39.0162237, -77.4714876 39.016902, -77.4713085 39.0170592, -77.4714869 39.0171818, -77.4710547 39.0175614, -77.4708838 39.017444, -77.4703627 39.0179016, -77.4704797 39.017982, -77.470436 39.0180204, -77.4705081 39.0180699, -77.4703383 39.018219)))"
,ACC9,,,data_center,,,,,,polygons,39.0154586,-77.46715623874913,"MULTIPOLYGON (((-77.4690305 39.0160099, -77.4681622 39.0167036, -77.4671377 39.0159295, -77.4669899 39.0160476, -77.46649 39.0156699, -77.4665248 39.0156421, -77.4663865 39.0155377, -77.4664137 39.015516, -77.4662614 39.015401, -77.4663506 39.0153298, -77.4657415 39.0148695, -77.4666028 39.0141814, -77.4673767 39.0147663, -77.4672221 39.0148898, -77.4680665 39.0155279, -77.4682251 39.0154012, -77.4690305 39.0160099)))"
,Facebook Datacenter,,,yes,,,,,,polygons,40.0684263,-82.75036733522015,"MULTIPOLYGON (((-82.7528043 40.0692046, -82.7484428 40.069834, -82.7482933 40.0692275, -82.750082 40.0689694, -82.7498452 40.0680083, -82.7479786 40.0682777, -82.7478219 40.0676418, -82.7522611 40.0670013, -82.752417 40.0676342, -82.750654 40.0678886, -82.7508858 40.0688294, -82.7526492 40.0685749, -82.7528043 40.0692046)))"
,Facebook Fort Worth Datacenter,,,yes,,,,,,polygons,32.9847723,-97.25538482386855,"MULTIPOLYGON (((-97.2570905 32.9845, -97.2566389 32.9837651, -97.2529997 32.9853383, -97.2534526 32.9860754, -97.2545381 32.9856062, -97.254729 32.9859169, -97.256023 32.9853575, -97.2558308 32.9850446, -97.2570905 32.9845)))"
,Iron Mountain Data Centers AZP-2,,,no,,,,,,polygons,33.451748,-111.977263528006,"MULTIPOLYGON (((-111.9762227 33.4529896, -111.9783276 33.4529727, -111.9783339 33.4527927, -111.978306 33.4521426, -111.9783048 33.4513534, -111.9780452 33.4513101, -111.9778205 33.4512784, -111.9772714 33.4512901, -111.9762213 33.4513246, -111.9762227 33.4529896)))"
,,,,yes,,,,,,polygons,38.943190799999996,-77.52432359630345,"MULTIPOLYGON (((-77.5244224 38.9442115, -77.5239814 38.9437111, -77.5237634 38.9438274, -77.5235406 38.9435745, -77.5237247 38.9434763, -77.5234379 38.9431508, -77.5234894 38.9431234, -77.5233326 38.9429455, -77.5247473 38.9421914, -77.5252888 38.9428059, -77.5249799 38.9429705, -77.5252093 38.9432308, -77.5245621 38.9435758, -77.5248986 38.9439576, -77.5244224 38.9442115)))"
,,,,yes,,,,,,polygons,47.237629049999995,-119.88753179363455,"MULTIPOLYGON (((-119.8887696 47.2374007, -119.8887632 47.2379235, -119.8865977 47.2379139, -119.8865978 47.2378174, -119.8862932 47.2378152, -119.8863004 47.2374411, -119.8865997 47.2374429, -119.886601 47.2374002, -119.8887696 47.2374007)))"
,,,,yes,,,,,,polygons,47.237598250000005,-119.88319857690217,"MULTIPOLYGON (((-119.8844463 47.2373793, -119.8844405 47.2378172, -119.8841311 47.2378174, -119.8841315 47.2379002, -119.8819506 47.2378884, -119.8819563 47.237364, -119.8844463 47.2373793)))"
,,,,yes,,,,,,polygons,47.2367441,-119.88331185984543,"MULTIPOLYGON (((-119.8850406 47.236583, -119.8850308 47.2369065, -119.8847188 47.2369052, -119.8847175 47.2369818, -119.881588 47.2369707, -119.881588 47.2364611, -119.884724 47.2364811, -119.8847236 47.2365814, -119.8850406 47.236583)))"
,,,,yes,,,,,,polygons,47.23672795,-119.88743245889302,"MULTIPOLYGON (((-119.889202 47.2364887, -119.8892001 47.2370091, -119.8859336 47.236987, -119.8859343 47.2369006, -119.8856628 47.2368988, -119.8856648 47.2365541, -119.8859402 47.2365571, -119.8859429 47.2364654, -119.889202 47.2364887)))"
,,,,yes,,,,,,polygons,47.2539185,-119.81369718900385,"MULTIPOLYGON (((-119.8153456 47.2537847, -119.8153398 47.2540698, -119.8148296 47.254064, -119.8148296 47.2541618, -119.8140976 47.2541561, -119.8140961 47.2542753, -119.8138267 47.2542753, -119.8138261 47.2542401, -119.8132653 47.2542323, -119.8132658 47.2541579, -119.8124895 47.2541541, -119.8124895 47.2540547, -119.8120515 47.2540523, -119.8120515 47.2537667, -119.8134174 47.2537701, -119.8134185 47.2536642, -119.8146823 47.2536817, -119.8146811 47.2537779, -119.8153456 47.2537847)))"
,,,,data_center,,,,,,polygons,39.01202365,-77.47157259785618,"MULTIPOLYGON (((-77.4709223 39.0119867, -77.4710812 39.0123568, -77.4722229 39.0120606, -77.472064 39.0116906, -77.4709223 39.0119867)))"
,,,,data_center,,,,,,polygons,38.98623515,-77.44188307900608,"MULTIPOLYGON (((-77.4411088 38.9873591, -77.4408079 38.9871746, -77.4409312 38.9870531, -77.4407805 38.9869607, -77.442534 38.9852327, -77.4429857 38.9855096, -77.4411088 38.9873591)))"
,,,,data_center,,,,,,polygons,38.986998299999996,-77.44264105,"MULTIPOLYGON (((-77.4420866 38.9878969, -77.4416487 38.9876294, -77.4431955 38.9860997, -77.4436334 38.9863672, -77.4420866 38.9878969)))"
,,,,yes,,,,,,polygons,38.815135,-77.65293945608148,"MULTIPOLYGON (((-77.6541193 38.8157084, -77.6543262 38.8152144, -77.6517597 38.8145616, -77.6515527 38.8150556, -77.6541193 38.8157084)))"
,,,,yes,,,,,,polygons,45.841174249999995,-119.65544902716489,"MULTIPOLYGON (((-119.6568702 45.8413889, -119.6540418 45.8414296, -119.6540279 45.8409596, -119.6568562 45.8409189, -119.6568702 45.8413889)))"
,,,,yes,,,,,,polygons,45.85378605,-119.6300361,"MULTIPOLYGON (((-119.6315569 45.8542461, -119.6315468 45.8533101, -119.6285153 45.853326, -119.6285254 45.854262, -119.6315569 45.8542461)))"
,Building M,,,data_center,,,,,,polygons,39.00626785,-77.46825758430381,"MULTIPOLYGON (((-77.467378 39.0066822, -77.4672402 39.0061378, -77.4690689 39.0058582, -77.4690811 39.0059063, -77.4693128 39.0058709, -77.4693706 39.0060989, -77.4692725 39.0061139, -77.4693089 39.0062576, -77.4691752 39.0062781, -77.4692001 39.0063764, -77.4674522 39.0066436, -77.4674588 39.0066698, -77.467378 39.0066822)))"
,Building L,,,data_center,,,,,,polygons,39.007636399999996,-77.46747246332666,"MULTIPOLYGON (((-77.4650852 39.0084542, -77.4650619 39.0083236, -77.4647684 39.0083459, -77.4647271 39.0082062, -77.4646604 39.008212, -77.4645621 39.0076734, -77.4646801 39.0076588, -77.4646835 39.007614, -77.467936 39.007294, -77.4679453 39.007352, -77.4703581 39.0067504, -77.4705216 39.0071401, -77.4706103 39.0071147, -77.470699 39.0073433, -77.470615 39.0073615, -77.4706757 39.0075248, -77.4699378 39.0077244, -77.4699705 39.0078223, -77.4694568 39.0079457, -77.4694054 39.0078477, -77.4689805 39.0079639, -77.4690085 39.0080364, -77.4683454 39.0082034, -77.4683267 39.008138, -77.4671265 39.0082759, -77.4671312 39.0083159, -77.4660146 39.0084158, -77.4660092 39.0083908, -77.4658241 39.0084054, -77.4658268 39.0084367, -77.4654888 39.0084783, -77.4654754 39.00842, -77.4650852 39.0084542)))"
,ACC10,,,data_center,,,,,,polygons,39.01268175,-77.46540035665444,"MULTIPOLYGON (((-77.4666668 39.0136965, -77.4663147 39.012888, -77.466119 39.0129395, -77.4658458 39.0123121, -77.466044 39.01226, -77.4656946 39.0114579, -77.4645403 39.0117614, -77.4648938 39.0125731, -77.4647617 39.0126078, -77.4648262 39.0127557, -77.4647807 39.0127677, -77.4648465 39.0129188, -77.4648107 39.0129283, -77.4648727 39.0130706, -77.4648937 39.013065, -77.4649383 39.0131675, -77.464921 39.0131721, -77.4649507 39.0132403, -77.464918 39.0132489, -77.4649991 39.0134352, -77.4652376 39.0133725, -77.4654052 39.0137573, -77.4655232 39.0137263, -77.4655483 39.013784, -77.4659844 39.0136693, -77.4660652 39.0138547, -77.4666668 39.0136965)))"
,,,,data_center,,,,,,polygons,39.00065865,-77.4397907998693,"MULTIPOLYGON (((-77.4405198 39.0014768, -77.4410658 39.0006512, -77.4407703 39.0005332, -77.4408072 39.0004775, -77.4400173 39.000162, -77.4399565 39.0002538, -77.4393234 39.0000009, -77.4393491 38.9999621, -77.4390582 38.9998459, -77.4385158 39.0006661, -77.439453 39.0010404, -77.4393133 39.0012517, -77.4394463 39.0013049, -77.4395807 39.0011017, -77.4405198 39.0014768)))"
,,,,data_center,,,,,,polygons,39.0023868,-77.43767114943934,"MULTIPOLYGON (((-77.4380209 39.0029916, -77.4379462 39.0029612, -77.4379618 39.002938, -77.4375689 39.0027781, -77.4375513 39.0028043, -77.4374125 39.0027478, -77.4374302 39.0027215, -77.4373065 39.0026712, -77.4372868 39.0027005, -77.437142 39.0026416, -77.4371597 39.0026154, -77.4369066 39.0025124, -77.4368896 39.0025377, -77.4367941 39.0024989, -77.4368311 39.002444, -77.4367193 39.0023985, -77.4371413 39.0017722, -77.438623 39.0023751, -77.4382314 39.0029562, -77.4380849 39.0028966, -77.4380209 39.0029916)))"
,,,,yes,,,,,,polygons,38.98861555,-77.41164116442803,"MULTIPOLYGON (((-77.410603 38.98936, -77.4102831 38.9889175, -77.4126794 38.9878711, -77.4129992 38.9883136, -77.410603 38.98936)))"
,,,,yes,,,,,,polygons,38.987874250000004,-77.41110567489798,"MULTIPOLYGON (((-77.4100599 38.9886157, -77.4097546 38.9881736, -77.4121517 38.9871294, -77.4124598 38.9875749, -77.4100599 38.9886157)))"
,,,,yes,,,,,,polygons,38.986944449999996,-77.41046466787931,"MULTIPOLYGON (((-77.4094317 38.9876861, -77.4091056 38.9872252, -77.4114977 38.9862027, -77.4118238 38.9866637, -77.4094317 38.9876861)))"
,,,,data_center,,,,,,polygons,39.02023255,-77.43388196754974,"MULTIPOLYGON (((-77.4352177 39.0205756, -77.4352739 39.0200744, -77.4325463 39.0198896, -77.43249 39.0203907, -77.4352177 39.0205756)))"
,,,,data_center,,,,,,polygons,39.01916785,-77.43402815,"MULTIPOLYGON (((-77.4353562 39.0195385, -77.435423 39.0190018, -77.4327001 39.0187972, -77.4326333 39.0193339, -77.4353562 39.0195385)))"
,,,,data_center,,,,,,polygons,39.0354938,-77.45070495,"MULTIPOLYGON (((-77.4517112 39.0362675, -77.4502809 39.0344445, -77.4496987 39.0347201, -77.451129 39.0365431, -77.4517112 39.0362675)))"
,,,,data_center,,,,,,polygons,39.0362992,-77.44978810471609,"MULTIPOLYGON (((-77.4507832 39.0370796, -77.4493596 39.0352525, -77.448793 39.0355188, -77.4502167 39.037346, -77.4507832 39.0370796)))"
,,,,yes,,,,,,polygons,44.2872774,-120.87021619973318,"MULTIPOLYGON (((-120.8725221 44.2876706, -120.8725235 44.2868883, -120.8679103 44.2868836, -120.8679089 44.2876665, -120.8725221 44.2876706)))"
,"Facebook Prineville Data Center, phase 3",,,yes,,,,,,polygons,44.29351645,-120.88144842540922,"MULTIPOLYGON (((-120.882711 44.2951826, -120.8820516 44.2937267, -120.8822648 44.2936773, -120.8821034 44.2933209, -120.8819536 44.2933556, -120.8812933 44.2918959, -120.8803708 44.2921097, -120.8807725 44.2929976, -120.8804988 44.2930611, -120.8810713 44.294326, -120.8813945 44.294251, -120.8819015 44.2953705, -120.882711 44.2951826)))"
,,,,yes,,,,,,polygons,45.638117550000004,-121.20260781892412,"MULTIPOLYGON (((-121.2035435 45.6384049, -121.2032266 45.6377065, -121.2034165 45.6376643, -121.2032516 45.6373012, -121.2018284 45.6376172, -121.2019019 45.6377791, -121.2016719 45.6378302, -121.2020397 45.6386393, -121.2019862 45.6386511, -121.2020091 45.6387014, -121.2022609 45.6386454, -121.2022829 45.6386938, -121.2024499 45.6386566, -121.2024493 45.6386196, -121.2034116 45.6384071, -121.2034227 45.6384316, -121.2035435 45.6384049)))"
,,,,data_center,,,,,,polygons,39.015416650000006,-77.4782764392853,"MULTIPOLYGON (((-77.479018 39.0160784, -77.4786695 39.015928, -77.4786555 39.0159478, -77.4786215 39.0159331, -77.4786114 39.0159473, -77.4784471 39.0158765, -77.4784587 39.0158601, -77.4784 39.0158348, -77.4783878 39.0158519, -77.4782271 39.0157826, -77.4782399 39.0157645, -77.4782121 39.0157525, -77.4781929 39.0157795, -77.4779244 39.0156637, -77.4779408 39.0156406, -77.4779183 39.0156309, -77.4779081 39.0156452, -77.4777448 39.0155747, -77.4777539 39.0155619, -77.4776937 39.015536, -77.4776846 39.0155488, -77.4775216 39.0154784, -77.4775325 39.015463, -77.4774988 39.0154485, -77.4775107 39.0154318, -77.4771596 39.0152804, -77.4775336 39.0147528, -77.4778842 39.014904, -77.4778976 39.0148851, -77.4779349 39.0149012, -77.4779446 39.0148876, -77.4781067 39.0149575, -77.478097 39.0149711, -77.478156 39.0149965, -77.478166 39.0149825, -77.4783253 39.0150517, -77.4783155 39.0150654, -77.4783399 39.0150759, -77.4783877 39.0150084, -77.4784608 39.01504, -77.4784841 39.0150072, -77.4786076 39.0150605, -77.4785854 39.0150918, -77.478662 39.0151248, -77.4786137 39.0151931, -77.4786366 39.0152029, -77.478646 39.0151896, -77.4788058 39.0152585, -77.4787964 39.0152719, -77.4788579 39.0152984, -77.4788684 39.0152835, -77.4790298 39.0153531, -77.4790192 39.015368, -77.479055 39.0153834, -77.4790422 39.0154015, -77.479391 39.015552, -77.479018 39.0160784)))"
,Google Data Center,,,yes,,,,,,polygons,39.0526195,-77.53957299704716,"MULTIPOLYGON (((-77.5403673 39.0521648, -77.5401421 39.0532169, -77.5387856 39.0530419, -77.539002 39.052031, -77.5391143 39.0520455, -77.5391056 39.0520861, -77.539966 39.0521971, -77.5399835 39.0521153, -77.5403673 39.0521648)))"
,PSE&G Delivery Emergency Response Center,,,yes,,,,,,polygons,40.57988885,-74.51933625650975,"MULTIPOLYGON (((-74.5200469 40.5801496, -74.5201611 40.5800667, -74.5197842 40.5797481, -74.5198171 40.5797239, -74.5198165 40.579696, -74.5197381 40.579687, -74.5196713 40.5796611, -74.5192438 40.5793073, -74.5186965 40.579695, -74.5187553 40.5797452, -74.5186435 40.5798195, -74.5188944 40.5800417, -74.5190096 40.5799582, -74.5193282 40.5802232, -74.5192631 40.580266, -74.519458 40.5804251, -74.5195321 40.5803726, -74.519674 40.5804839, -74.5199358 40.5803004, -74.5197971 40.5801934, -74.5199607 40.5800816, -74.5200469 40.5801496)))"
,,,,yes,,,,,,polygons,40.58451035,-74.24333784314689,"MULTIPOLYGON (((-74.2441351 40.5842225, -74.2439214 40.5841922, -74.2438929 40.5843091, -74.2441152 40.5843415, -74.24393 40.5851402, -74.2433486 40.5850687, -74.2433885 40.5847982, -74.2424908 40.5846792, -74.2428898 40.5840602, -74.2431149 40.584071, -74.2431947 40.5837247, -74.243417 40.5837572, -74.2434455 40.5836641, -74.2437647 40.5837009, -74.2437818 40.5836035, -74.2442719 40.5836641, -74.2441351 40.5842225)))"
,Flexential - Noth Las Vegas Data Center,,,yes,,,,,,polygons,36.24816195,-115.10125444220594,"MULTIPOLYGON (((-115.1015831 36.2489692, -115.1015746 36.2473606, -115.1012064 36.2473618, -115.1012063 36.247331, -115.1011556 36.2473312, -115.1011516 36.2473187, -115.1011135 36.247318, -115.1011137 36.247311, -115.1010247 36.2473095, -115.1010245 36.2473172, -115.1009897 36.2473165, -115.1009893 36.2473291, -115.1009368 36.2473281, -115.1009359 36.2473625, -115.1009419 36.2473626, -115.1009416 36.2473759, -115.1009326 36.2473757, -115.10093 36.2474703, -115.1009406 36.2474743, -115.1009406 36.2474847, -115.1009274 36.2474847, -115.1009275 36.2475144, -115.1009555 36.2475144, -115.1009559 36.2480675, -115.1009331 36.2480675, -115.1009331 36.2481025, -115.1009433 36.2481025, -115.1009433 36.2481125, -115.1009299 36.2481125, -115.1009302 36.2482114, -115.1009448 36.2482114, -115.1009448 36.2482247, -115.1009338 36.2482248, -115.1009338 36.2482324, -115.1009404 36.2482324, -115.1009406 36.2482548, -115.1009582 36.2482547, -115.1009628 36.2488125, -115.1009437 36.2488126, -115.100944 36.2488432, -115.1009505 36.2488432, -115.1009506 36.2488559, -115.1009327 36.248856, -115.100934 36.2489515, -115.100947 36.2489514, -115.1009472 36.2489637, -115.1009414 36.2489638, -115.1009419 36.2489941, -115.1009727 36.2489938, -115.1009725 36.2489861, -115.1009929 36.2489859, -115.1009933 36.2490096, -115.1010235 36.2490093, -115.1010236 36.2490172, -115.1011222 36.2490161, -115.1011221 36.24901, -115.1011529 36.2490098, -115.1011526 36.2489916, -115.1011568 36.2489916, -115.1011569 36.2490023, -115.1012156 36.249002, -115.1012155 36.2489705, -115.1015831 36.2489692)))"
,,,,yes,,,,,,polygons,46.33213165,-113.29267194209596,"MULTIPOLYGON (((-113.2927518 46.3320693, -113.2926442 46.3320506, -113.2925921 46.332194, -113.2926997 46.3322126, -113.2927518 46.3320693)))"
,,,,yes,,,,,,polygons,44.29914005,-120.87944440419298,"MULTIPOLYGON (((-120.8801707 44.3008098, -120.8810064 44.3008095, -120.8810041 44.2974058, -120.8801564 44.2974061, -120.8801573 44.2989038, -120.8800408 44.2989039, -120.8800408 44.2987795, -120.8788542 44.2987797, -120.8788543 44.2989293, -120.8787361 44.2989294, -120.8787352 44.2973708, -120.8778824 44.2973711, -120.8778846 44.3007954, -120.8787611 44.3007951, -120.8787601 44.2993512, -120.8801697 44.2993507, -120.8801707 44.3008098)))"
,,,,yes,,,,,,polygons,44.301210600000005,-120.88990272936007,"MULTIPOLYGON (((-120.8906733 44.3029434, -120.8914571 44.3029437, -120.8914596 44.2994812, -120.8906407 44.2994809, -120.8906397 44.3009888, -120.8905298 44.3009887, -120.8905299 44.3008713, -120.8893349 44.3008706, -120.8893347 44.3010144, -120.889198 44.3010143, -120.8891997 44.2994939, -120.888349 44.2994934, -120.8883452 44.3029412, -120.8891822 44.3029416, -120.8891836 44.3014068, -120.8906746 44.3014075, -120.8906733 44.3029434)))"
,,,,yes,,,,,,polygons,42.235326650000005,-83.44414059925958,"MULTIPOLYGON (((-83.4443082 42.234984, -83.4439395 42.234994, -83.4439731 42.2356693, -83.4443416 42.2356593, -83.4443082 42.234984)))"
,PG&E Datacenter,,,yes,,,,,,polygons,38.246259499999994,-122.0671102531397,"MULTIPOLYGON (((-122.0669039 38.2465802, -122.0675913 38.2465829, -122.067594 38.2461479, -122.067741 38.2461485, -122.0677421 38.2459602, -122.0675825 38.2459596, -122.0675829 38.2458939, -122.067461 38.2458935, -122.0674603 38.2459951, -122.0673235 38.2459946, -122.0673232 38.2460374, -122.0672481 38.2460371, -122.067249 38.2458945, -122.0670979 38.2458939, -122.067097 38.2460288, -122.0668949 38.246028, -122.0668942 38.2461391, -122.0668363 38.2461388, -122.0668368 38.2460763, -122.0667081 38.2460758, -122.0667073 38.2461869, -122.0666277 38.2461866, -122.0666267 38.2463321, -122.0667238 38.2463325, -122.0667234 38.2464047, -122.0668142 38.2464051, -122.0668137 38.2464741, -122.0669046 38.2464744, -122.0669039 38.2465802)))"
,Facebook Altoona Data Center 4,,,yes,,,,,,polygons,41.66774685,-93.5162350595432,"MULTIPOLYGON (((-93.5187383 41.668706, -93.5142341 41.6690374, -93.5141265 41.6684047, -93.5161299 41.6682942, -93.516103 41.6681837, -93.5158879 41.6681938, -93.5157803 41.66734, -93.5159955 41.66733, -93.5159955 41.6672396, -93.5139921 41.6674104, -93.5138845 41.6667776, -93.5184022 41.6664763, -93.5184963 41.6670588, -93.5165602 41.6672095, -93.5167081 41.6682239, -93.5186576 41.6680833, -93.5187383 41.668706)))"
,Building P,,,data_center,,,,,,polygons,39.0092486,-77.45728113524044,"MULTIPOLYGON (((-77.456738 39.010233, -77.4586268 39.0086357, -77.4605315 39.0081306, -77.4602083 39.0073789, -77.4582189 39.007922, -77.4559401 39.0098615, -77.456236 39.0100755, -77.4562983 39.0100282, -77.4565286 39.0101999, -77.4566099 39.010143, -77.456738 39.010233)))"
,,,,data_center,,,,,,polygons,39.018521199999995,-77.43882040815296,"MULTIPOLYGON (((-77.4395036 39.0190945, -77.4398118 39.0185865, -77.4381586 39.0179334, -77.4378224 39.0184559, -77.4395036 39.0190945)))"
,,,,data_center,,,,,,polygons,39.0133602,-77.47108218790322,"MULTIPOLYGON (((-77.4717966 39.0136374, -77.4697122 39.0141758, -77.4696437 39.0140158, -77.4694599 39.0140632, -77.4692912 39.0136689, -77.4715595 39.013083, -77.4717966 39.0136374)))"
,,,,data_center,,,,,,polygons,39.02250015,-77.45025584999999,"MULTIPOLYGON (((-77.4509438 39.0231369, -77.4492891 39.0221438, -77.4495679 39.0218634, -77.4512226 39.0228565, -77.4509438 39.0231369)))"
,,,,data_center,,,,,,polygons,39.01451085,-77.47997183412072,"MULTIPOLYGON (((-77.4808878 39.0151688, -77.4799599 39.0147788, -77.4799063 39.0148558, -77.4796116 39.0147319, -77.4796657 39.0146541, -77.4787755 39.0142799, -77.4790725 39.0138533, -77.4799412 39.0142185, -77.4800091 39.014121, -77.48035 39.0142643, -77.480278 39.0143676, -77.4811812 39.0147473, -77.4808878 39.0151688)))"
,,,,data_center,,,,,,polygons,39.01831755,-77.47261588574861,"MULTIPOLYGON (((-77.4732352 39.0189315, -77.4735137 39.0179635, -77.4719975 39.0177002, -77.4717181 39.0186716, -77.4718707 39.0186981, -77.471864 39.0187214, -77.4719918 39.0187436, -77.4719994 39.0187174, -77.4729354 39.0188799, -77.4729292 39.0189017, -77.473072 39.0189265, -77.4730784 39.0189043, -77.4732352 39.0189315)))"
,,,,data_center,,,,,,polygons,39.020000100000004,-77.47255372142533,"MULTIPOLYGON (((-77.4733766 39.0194007, -77.4721298 39.0191877, -77.4717961 39.0203665, -77.4730473 39.0205803, -77.4730809 39.0204616, -77.4731109 39.0204668, -77.4731391 39.0203674, -77.4731053 39.0203616, -77.4733113 39.0196338, -77.4733393 39.0196386, -77.4733708 39.0195275, -77.4733421 39.0195226, -77.4733766 39.0194007)))"
,,,,data_center,,,,,,polygons,39.010523449999994,-77.46358500111192,"MULTIPOLYGON (((-77.4642731 39.0112664, -77.4624429 39.0107478, -77.4630778 39.0093951, -77.4632078 39.009432, -77.4632246 39.0093963, -77.4634208 39.0094519, -77.4633525 39.0095975, -77.4644902 39.0099199, -77.4644172 39.0100754, -77.4647046 39.0101568, -77.464676 39.0102179, -77.4647137 39.0102286, -77.4646861 39.0102874, -77.4647271 39.0102991, -77.4642731 39.0112664)))"
,,,,data_center,,,,,,polygons,39.011766699999995,-77.46244845418227,"MULTIPOLYGON (((-77.4630117 39.012642, -77.4612898 39.0121439, -77.461853 39.0108934, -77.4636206 39.0113895, -77.4630117 39.012642)))"
,,,,data_center,,,,,,polygons,38.9967312,-77.43559015585498,"MULTIPOLYGON (((-77.4361785 38.9973145, -77.4360241 38.9973488, -77.436029 38.9973619, -77.4357691 38.9974195, -77.4357644 38.9974066, -77.435487 38.9974682, -77.4350018 38.9961479, -77.4356934 38.9959944, -77.4361785 38.9973145)))"
,,,,yes,,,,,,polygons,40.951269749999994,-73.89790099999999,"MULTIPOLYGON (((-73.8981946 40.9514502, -73.8975225 40.9512643, -73.8976074 40.9510893, -73.8982795 40.9512752, -73.8981946 40.9514502)))"
,Facebook Datacenter,,,yes,,,,,,polygons,40.065289699999994,-82.74893612282268,"MULTIPOLYGON (((-82.7513731 40.0660681, -82.7470116 40.0666975, -82.7468621 40.066091, -82.7486508 40.0658329, -82.748414 40.0648717, -82.7465474 40.0651411, -82.7463907 40.0645052, -82.7508299 40.0638647, -82.7509858 40.0644976, -82.7492228 40.064752, -82.7494546 40.0656929, -82.751218 40.0654383, -82.7513731 40.0660681)))"
,,,,yes,,,,,,polygons,47.23726365,-119.895347636277,"MULTIPOLYGON (((-119.8958458 47.2384055, -119.8958601 47.236113, -119.8948565 47.2361218, -119.8948282 47.2384055, -119.8958458 47.2384055)))"
,,,,yes,,,,,,polygons,33.344053849999995,-111.61958832558987,"MULTIPOLYGON (((-111.6203097 33.3437755, -111.6188687 33.3437724, -111.6188663 33.3445229, -111.6199672 33.3445254, -111.6199678 33.3443322, -111.620308 33.344333, -111.6203097 33.3437755)))"
,Comcast,,,yes,,,,,,polygons,42.213902,-83.19821400000001,"MULTIPOLYGON (((-83.198143 42.213936, -83.198285 42.213936, -83.198285 42.213868, -83.198143 42.213868, -83.198143 42.213936)))"
,Facebook Fort Worth Datacenter,,,yes,,,,,,polygons,32.987978999999996,-97.25524611480994,"MULTIPOLYGON (((-97.2566754 32.989604, -97.256752 32.9861969, -97.2559601 32.9861898, -97.2559601 32.9875612, -97.2544869 32.9877897, -97.2538653 32.9865255, -97.2531841 32.986804, -97.2547679 32.9899254, -97.2554747 32.9896825, -97.2548275 32.9883469, -97.2559431 32.9881683, -97.2559431 32.9895968, -97.2566754 32.989604)))"
,Charles Schwab Data Center,,,yes,,,,,,polygons,33.0044535,-97.2461409455272,"MULTIPOLYGON (((-97.2466505 33.0041494, -97.2456281 33.0041533, -97.2456286 33.0042358, -97.2456309 33.0046712, -97.2456314 33.0047657, -97.2458542 33.0047649, -97.2458548 33.0048752, -97.2466544 33.0048721, -97.2466505 33.0041494)))"
,Cologix,,,industrial,,,,,,polygons,45.879484149999996,-72.54594283426809,"MULTIPOLYGON (((-72.546059 45.8789423, -72.5454863 45.8794565, -72.5455493 45.8794905, -72.5454407 45.879588, -72.5453896 45.8796338, -72.5452083 45.879536, -72.5451264 45.8795404, -72.5449418 45.8797066, -72.5447448 45.8798839, -72.5449817 45.8800114, -72.5451611 45.8798499, -72.5454728 45.8800177, -72.5456915 45.8798209, -72.545698 45.879815, -72.5457059 45.8798079, -72.5458083 45.8797157, -72.5458594 45.8796698, -72.5459076 45.8796958, -72.5459831 45.8797365, -72.5459896 45.8797306, -72.546142 45.8795935, -72.5461948 45.879622, -72.5462021 45.8796154, -72.54621 45.8796083, -72.5463552 45.8794778, -72.5463901 45.8794966, -72.546564 45.8793404, -72.5464764 45.879293, -72.5464539 45.8792809, -72.5463627 45.8792317, -72.5463709 45.8792243, -72.54645 45.8791533, -72.5464171 45.8791354, -72.546059 45.8789423)))"
,,,,yes,,,,,,polygons,38.8161226,-77.65253705015476,"MULTIPOLYGON (((-77.653937 38.8161923, -77.6513107 38.8155397, -77.6511237 38.8160529, -77.6537418 38.8166738, -77.653937 38.8161923)))"
,StrongMind,,,yes,,,,,,polygons,33.34262545,-111.8409543423769,"MULTIPOLYGON (((-111.8411503 33.3428822, -111.8408096 33.3428841, -111.8408087 33.3427695, -111.8407752 33.3427697, -111.8407738 33.342595, -111.8408266 33.3425947, -111.8408245 33.3423342, -111.8411143 33.3423325, -111.8411145 33.3423591, -111.841143 33.342359, -111.8411443 33.3425184, -111.8411283 33.3425185, -111.8411285 33.3425471, -111.84115 33.342547, -111.8411503 33.3425852, -111.8411343 33.3425853, -111.8411349 33.342656, -111.8411485 33.3426559, -111.8411503 33.3428822)))"
,SaskTel,,,yes,,,,,,polygons,50.28764885,-107.82588833962053,"MULTIPOLYGON (((-107.8261706 50.287667, -107.8260811 50.2876722, -107.8260689 50.2877969, -107.8256095 50.2878021, -107.8256055 50.2876229, -107.8254835 50.2876307, -107.8254835 50.2875502, -107.8255364 50.2875502, -107.8255486 50.2875164, -107.8261177 50.2875242, -107.8261259 50.2876073, -107.8261706 50.2876177, -107.8261706 50.287667)))"
,SaskTel,,,yes,,,,,,polygons,50.284718100000006,-107.80236763690888,"MULTIPOLYGON (((-107.8025278 50.284637, -107.8022017 50.2846418, -107.8022074 50.2847969, -107.8023709 50.2847944, -107.8023733 50.2848606, -107.8025359 50.2848582, -107.8025278 50.284637)))"
,,,,yes,,,,,,polygons,41.5167471,-93.70251333033472,"MULTIPOLYGON (((-93.7010415 41.5170139, -93.702318 41.5170098, -93.7023172 41.5168616, -93.7026741 41.5168605, -93.7026751 41.5170355, -93.7039883 41.5170314, -93.703985 41.5164469, -93.7026815 41.5164509, -93.7026825 41.5166325, -93.7022985 41.5166337, -93.7022976 41.5164607, -93.7011323 41.5164643, -93.7011324 41.5164919, -93.7010385 41.5164922, -93.7010415 41.5170139)))"
,,,,yes,,,,,,polygons,41.515852949999996,-93.70249216077592,"MULTIPOLYGON (((-93.7039605 41.516107, -93.7039482 41.5155391, -93.702667 41.5155547, -93.702671 41.5157403, -93.702285 41.5157451, -93.7022813 41.5155759, -93.7010235 41.5155916, -93.7010355 41.5161301, -93.7023107 41.5161142, -93.7023074 41.5159652, -93.7026656 41.5159608, -93.7026692 41.5161227, -93.7039605 41.516107)))"
,,,,yes,,,,,,polygons,41.515823,-93.7063006376716,"MULTIPOLYGON (((-93.7048328 41.5160941, -93.7048259 41.5155636, -93.7061088 41.5155543, -93.7061108 41.51571, -93.7064864 41.5157073, -93.7064844 41.5155504, -93.7077685 41.5155414, -93.7077751 41.5160722, -93.7064873 41.5160812, -93.7064855 41.515936, -93.7061045 41.5159387, -93.7061064 41.5160848, -93.7048328 41.5160941)))"
,,,,yes,,,,,,polygons,41.5167085,-93.7063256150183,"MULTIPOLYGON (((-93.7077924 41.5164272, -93.7077985 41.5169768, -93.7064817 41.5169849, -93.7064801 41.5168368, -93.7061322 41.516839, -93.7061338 41.5169712, -93.7048588 41.5169794, -93.7048529 41.5164625, -93.7061073 41.5164544, -93.7061087 41.5165802, -93.7064944 41.5165778, -93.7064928 41.5164352, -93.7077924 41.5164272)))"
,,,,yes,,,,,,polygons,41.51851295,-93.7063328391059,"MULTIPOLYGON (((-93.7078061 41.5187568, -93.7077957 41.5182221, -93.7065216 41.5182361, -93.7065249 41.5184011, -93.7061416 41.5184054, -93.7061381 41.5182292, -93.7048589 41.5182436, -93.7048697 41.5187802, -93.7061491 41.5187659, -93.7061463 41.5186246, -93.7065132 41.5186205, -93.7065161 41.5187709, -93.7078061 41.5187568)))"
,,,,yes,,,,,,polygons,41.517606900000004,-93.70632430374488,"MULTIPOLYGON (((-93.7048567 41.5173493, -93.704865 41.5178858, -93.7061403 41.5178747, -93.7061379 41.5177204, -93.7065169 41.5177171, -93.7065193 41.5178678, -93.7077919 41.5178563, -93.7077836 41.5173359, -93.7064985 41.5173474, -93.7065009 41.5174935, -93.706142 41.5174967, -93.7061395 41.5173382, -93.7048567 41.5173493)))"
,,,,yes,,,,,,polygons,41.51764865,-93.70249934918357,"MULTIPOLYGON (((-93.7039705 41.5178855, -93.7039643 41.5173709, -93.7026987 41.5173794, -93.7027006 41.5175331, -93.7023138 41.5175358, -93.7023119 41.5173822, -93.7010278 41.5173913, -93.7010344 41.5179136, -93.7023306 41.5179044, -93.7023288 41.517764, -93.7026959 41.5177615, -93.7026975 41.5178942, -93.7039705 41.5178855)))"
,,,,yes,,,,,,polygons,41.51853615,-93.70252094201946,"MULTIPOLYGON (((-93.7027142 41.5182784, -93.7039832 41.5182677, -93.703991 41.5187908, -93.7027094 41.5188016, -93.7027072 41.5186509, -93.7023289 41.5186541, -93.7023311 41.5187949, -93.7010589 41.518806, -93.7010508 41.5182879, -93.7023179 41.5182769, -93.7023201 41.5184214, -93.7027164 41.518418, -93.7027142 41.5182784)))"
,,,,yes,,,,,,polygons,41.4979038,-93.78703013741821,"MULTIPOLYGON (((-93.7893349 41.4981314, -93.7893351 41.4976778, -93.7893936 41.4976778, -93.7893936 41.497607, -93.7893382 41.497607, -93.7893382 41.4975801, -93.7891561 41.4975801, -93.7891561 41.4976139, -93.7847255 41.4976117, -93.7847251 41.4981298, -93.7893349 41.4981314)))"
,,,,yes,,,,,,polygons,41.4989137,-93.78707024622648,"MULTIPOLYGON (((-93.7894141 41.499174, -93.7894144 41.4986277, -93.7892198 41.4986277, -93.7892198 41.4986546, -93.7847264 41.4986529, -93.7847261 41.4991728, -93.7894141 41.499174)))"
,Facebook Altoona Data Center 5,,,yes,,,,,,polygons,41.67122105,-93.51674529729094,"MULTIPOLYGON (((-93.5143155 41.6702873, -93.5143193 41.6709555, -93.5164116 41.670949, -93.516412 41.6710175, -93.5162102 41.6710182, -93.5162127 41.6714244, -93.5163626 41.6714239, -93.5163631 41.6715049, -93.5143645 41.6715119, -93.5143681 41.6721004, -93.5188726 41.6720849, -93.5188689 41.671476, -93.5172807 41.6714814, -93.5172776 41.670962, -93.5188519 41.6709569, -93.518848 41.670273, -93.5143155 41.6702873)))"
,Myndshift Technologies,,,yes,,,,,,polygons,33.475448400000005,-111.7191379252813,"MULTIPOLYGON (((-111.7193518 33.4757989, -111.7193693 33.4751057, -111.718924 33.4750979, -111.7189066 33.4757911, -111.7193518 33.4757989)))"
,ForceAmp.com,,,yes,,,,,,polygons,41.70399845,-91.58707810065843,"MULTIPOLYGON (((-91.5870198 41.7041104, -91.5870139 41.7038883, -91.5871364 41.7038864, -91.5871423 41.7041086, -91.5870198 41.7041104)))"
,Ergonomic Group,,,yes,,,,,,polygons,41.7070679,-72.58986407753022,"MULTIPOLYGON (((-72.5899225 41.7068283, -72.5896968 41.7068588, -72.589803 41.7072969, -72.5899508 41.707277, -72.5899602 41.7073159, -72.5900383 41.7073053, -72.5899225 41.7068283)))"
,,,,yes,,,,,,polygons,41.86280105,-87.64124720091421,"MULTIPOLYGON (((-87.6418423 41.8630951, -87.6406633 41.8631071, -87.6406521 41.862507, -87.6418311 41.8624948, -87.6418423 41.8630951)))"
,Norma Beach Cable Landing Station,,,yes,,,,,,polygons,47.86470175,-122.28415332084569,"MULTIPOLYGON (((-122.2842714 47.8647537, -122.2840372 47.864755, -122.284035 47.8646498, -122.2841636 47.8646496, -122.2841636 47.8646323, -122.2842694 47.8646307, -122.2842714 47.8647537)))"
,,,,yes,,,,,,polygons,33.06203255,-80.03971593254909,"MULTIPOLYGON (((-80.0403403 33.0629115, -80.040356 33.0615064, -80.0390878 33.0614965, -80.0390758 33.0625587, -80.0391786 33.0625595, -80.0391748 33.0629024, -80.0403403 33.0629115)))"
,,,,yes,,,,,,polygons,33.74971705,-84.58486867576485,"MULTIPOLYGON (((-84.5851615 33.7512458, -84.5864562 33.7505207, -84.5845726 33.7481658, -84.5832734 33.7489134, -84.5851615 33.7512458)))"
,,,,yes,,,,,,polygons,33.75202445,-84.58701656282575,"MULTIPOLYGON (((-84.5855093 33.7518702, -84.5868621 33.7511281, -84.5870828 33.7514062, -84.5872168 33.7513327, -84.5881175 33.7524684, -84.5870738 33.7530407, -84.5861713 33.7519029, -84.5857281 33.752146, -84.5855093 33.7518702)))"
,,,,yes,,,,,,polygons,36.056339050000005,-115.00853712555038,"MULTIPOLYGON (((-115.0078815 36.0567208, -115.0078896 36.0559484, -115.0091928 36.0559573, -115.0091846 36.0567298, -115.0078815 36.0567208)))"
,,,,yes,,,,,,polygons,36.058723900000004,-115.00879024602966,"MULTIPOLYGON (((-115.0081484 36.058224, -115.0094436 36.0582339, -115.0094314 36.0592847, -115.0092972 36.0592837, -115.0092979 36.0592201, -115.0084657 36.0592139, -115.0084651 36.059266, -115.0081363 36.0592635, -115.0081484 36.058224)))"
,,,,yes,,,,,,polygons,35.8925997,-81.54701213078357,"MULTIPOLYGON (((-81.5482913 35.8905102, -81.5493783 35.8912726, -81.5488099 35.8918109, -81.5486793 35.8917113, -81.5483067 35.8920629, -81.548445 35.8921594, -81.5472197 35.89332, -81.547043 35.8931862, -81.5469662 35.8932516, -81.5467012 35.89304, -81.5447961 35.8948416, -81.5441316 35.894378, -81.5482913 35.8905102)))"
,,,,yes,,,,,,polygons,36.24136955,-95.32038022082915,"MULTIPOLYGON (((-95.3206418 36.2419875, -95.3206441 36.2418922, -95.3207535 36.2418939, -95.3207628 36.241499, -95.3208383 36.2415002, -95.3208485 36.2410706, -95.3205834 36.2410665, -95.3205916 36.240722, -95.3202735 36.2407171, -95.3202714 36.2408073, -95.3198409 36.2408006, -95.3198304 36.2412387, -95.3199221 36.2412401, -95.3199047 36.2419761, -95.3206418 36.2419875)))"
,,,,yes,,,,,,polygons,36.24739835,-95.32109536992246,"MULTIPOLYGON (((-95.3203914 36.2467499, -95.3216944 36.2467499, -95.3216943 36.2478276, -95.320439 36.2478276, -95.320439 36.2477376, -95.3204965 36.2477376, -95.3204963 36.247059, -95.3203914 36.2470591, -95.3203914 36.2467499)))"
,,,,yes,,,,,,polygons,32.44213675,-97.06254887853251,"MULTIPOLYGON (((-97.0616195 32.4418928, -97.0628313 32.4414145, -97.0633799 32.4424042, -97.0622596 32.4428465, -97.0618561 32.4421187, -97.0617646 32.4421548, -97.0616195 32.4418928)))"
,,,,yes,,,,,,polygons,32.443599750000004,-97.06345564827409,"MULTIPOLYGON (((-97.0636731 32.4428931, -97.0642344 32.4438333, -97.0631759 32.4442834, -97.0631344 32.444214, -97.0631656 32.4441844, -97.0628062 32.4435828, -97.0627265 32.4436167, -97.0625736 32.4433606, -97.0636731 32.4428931)))"
,,,,yes,,,,,,polygons,40.06121025,-82.76431022231955,"MULTIPOLYGON (((-82.7635935 40.0605807, -82.7650051 40.0606516, -82.7649136 40.0617174, -82.7635293 40.0616479, -82.7635377 40.0615492, -82.7636339 40.061554, -82.7636923 40.0608713, -82.7635691 40.0608651, -82.7635935 40.0605807)))"
,,,,yes,,,,,,polygons,41.12350595,-96.14417005850464,"MULTIPOLYGON (((-96.1463937 41.1248048, -96.1464616 41.1241586, -96.1445155 41.1240426, -96.1446217 41.1230311, -96.1465373 41.1231452, -96.1466 41.1225479, -96.1445604 41.1224265, -96.1445702 41.1223331, -96.1440689 41.1223035, -96.144062 41.1223704, -96.1420454 41.1222531, -96.141982 41.122871, -96.143986 41.1229876, -96.1439784 41.1230612, -96.1438153 41.1230516, -96.1437264 41.1239105, -96.1438908 41.1239202, -96.1438838 41.1239867, -96.1418704 41.1238667, -96.1418007 41.124531, -96.1463937 41.1248048)))"
,,,,yes,,,,,,polygons,41.12047485,-96.14452161030019,"MULTIPOLYGON (((-96.1467068 41.1217387, -96.1467868 41.1210525, -96.1448692 41.1209256, -96.1449783 41.1199904, -96.1467889 41.1201103, -96.1468575 41.1195221, -96.1444716 41.1193643, -96.1443954 41.1200183, -96.144176 41.1200039, -96.1440792 41.1208394, -96.1442727 41.1208521, -96.1442591 41.1209698, -96.1422766 41.1208406, -96.1422075 41.1214417, -96.1439509 41.1215553, -96.1439448 41.1216084, -96.1448585 41.1216684, -96.1448645 41.1216168, -96.1467068 41.1217387)))"
,,,,yes,,,,,,polygons,41.13489145,-96.14674485851037,"MULTIPOLYGON (((-96.1460542 41.1344234, -96.1474649 41.1344493, -96.1474298 41.135536, -96.1472597 41.1355329, -96.1472341 41.1354848, -96.1463969 41.1354697, -96.1463941 41.1355588, -96.1460153 41.135552, -96.1460169 41.135503, -96.1459603 41.135502, -96.1459658 41.1353336, -96.1460248 41.1353346, -96.1460542 41.1344234)))"
,Marquette-Adams Telephone Coop,,,yes,,,,,,polygons,43.7822118,-89.574784775,"MULTIPOLYGON (((-89.5749391 43.7823263, -89.5749391 43.7820829, -89.5750559 43.7820745, -89.5750492 43.7820299, -89.5747973 43.7820263, -89.574799 43.782095, -89.5746355 43.7820998, -89.5746254 43.7823238, -89.5749391 43.7823263)))"
,Compass Data Center,,,yes,,,,,,polygons,32.5391345,-96.8043917,"MULTIPOLYGON (((-96.8045795 32.5397611, -96.8042354 32.5397672, -96.8042039 32.5385079, -96.804548 32.5385018, -96.8045795 32.5397611)))"
,,,,data_center,,,,,,polygons,39.0130382,-77.4730682950564,"MULTIPOLYGON (((-77.4722767 39.0136227, -77.4741534 39.0131336, -77.4738597 39.0124534, -77.4719832 39.0129428, -77.4722767 39.0136227)))"
,,,,data_center,,,,,,polygons,39.016915850000004,-77.43937640060868,"MULTIPOLYGON (((-77.4384223 39.0174254, -77.4390117 39.0177695, -77.4403305 39.0164063, -77.4397412 39.0160621, -77.4384223 39.0174254)))"
,,,,yes,,,,,,polygons,42.25054745,-87.84306000000001,"MULTIPOLYGON (((-87.8432892 42.2506113, -87.8432276 42.2504152, -87.8428308 42.2504836, -87.8428924 42.2506797, -87.8432892 42.2506113)))"
,,,,data_center,,,,,,polygons,39.0160953,-77.43835421724246,"MULTIPOLYGON (((-77.4375173 39.0164796, -77.4381051 39.0168254, -77.4391911 39.015711, -77.4386034 39.0153652, -77.4375173 39.0164796)))"
,AT&T Facility,,,yes,,,,,,polygons,42.717373699999996,-83.41400570243124,"MULTIPOLYGON (((-83.4138672 42.7175973, -83.4136684 42.7174309, -83.4140567 42.7171728, -83.4142569 42.7173369, -83.4142323 42.7173539, -83.4142816 42.7173935, -83.4141398 42.7174875, -83.4140906 42.7174501, -83.4138672 42.7175973)))"
509611414,Texas Cryptologic Center,,,,,,,,,lines,29.4473084,-98.6414754,"LINESTRING (-98.6417625 29.4483765, -98.6416603 29.4474761, -98.6416397 29.4472943, -98.6414754 29.4473084, -98.6414852 29.4472886, -98.6414941 29.4472641, -98.641503 29.4472286, -98.641506 29.4471782, -98.6415045 29.4471517, -98.6414986 29.44712, -98.641483 29.4470754, -98.6414674 29.4470367, -98.6414585 29.4470212, -98.6414408 29.4470027, -98.6414121 29.4467501, -98.6413555 29.4462513, -98.6413515 29.4462162, -98.6413328 29.4462178, -98.6407509 29.4462678, -98.6405706 29.4462834, -98.6405682 29.4462624, -98.6402724 29.4462879, -98.6402749 29.4463105, -98.6401157 29.4463242, -98.6401364 29.4465065, -98.6401521 29.4466449, -98.6397811 29.4466768, -98.6397185 29.4466822, -98.6397482 29.4469438, -98.6396691 29.4469506, -98.6396769 29.4470193, -98.639737 29.4475493, -98.6398495 29.4485411, -98.6405217 29.4484833, -98.6408338 29.4484564, -98.6417355 29.4483789, -98.6417625 29.4483765)"
713438209,Digital Realty,,,,,,,,,lines,32.9678147,-96.7132352,"LINESTRING (-96.7169288 32.9644391, -96.7168456 32.9643694, -96.7166549 32.9643632, -96.7165561 32.9643744, -96.715067 32.9643682, -96.7149551 32.9643546, -96.7147702 32.9643559, -96.7146947 32.9644198, -96.7146929 32.9645122, -96.7146927 32.9645204, -96.7146925 32.9645282, -96.7146908 32.9646184, -96.7146099 32.964618, -96.7145724 32.9646178, -96.7144429 32.9646182, -96.7143998 32.9646178, -96.7143021 32.9646171, -96.7143091 32.9644214, -96.7142313 32.9643483, -96.7121669 32.9643379, -96.7121151 32.9643393, -96.7120608 32.9643393, -96.7096255 32.9643267, -96.7095108 32.9644144, -96.7095107 32.9644251, -96.7095021 32.9657249, -96.7095567 32.9657627, -96.7096565 32.9657633, -96.7096562 32.9658029, -96.709656 32.9658237, -96.7096555 32.9658822, -96.7096554 32.9659025, -96.7096553 32.9659377, -96.7095577 32.9659371, -96.7094963 32.96598, -96.7094945 32.9666332, -96.7095583 32.9666911, -96.7096512 32.9666916, -96.7096526 32.9667102, -96.7096528 32.9667267, -96.7096527 32.9667845, -96.7096522 32.9668029, -96.7096513 32.9668357, -96.7095613 32.9668351, -96.7094915 32.9668921, -96.7094893 32.9676264, -96.7094904 32.9676717, -96.7094917 32.9677124, -96.7094914 32.9677376, -96.7095111 32.9677519, -96.709588 32.9678086, -96.7099649 32.9678073, -96.7103971 32.9678058, -96.7114425 32.9678122, -96.7116801 32.9678125, -96.7116953 32.9678122, -96.7122488 32.9678132, -96.7132352 32.9678147, -96.7137516 32.9678148, -96.7143594 32.9678151, -96.7144382 32.9678144, -96.7145147 32.9678167, -96.7145211 32.9678169, -96.7146448 32.9678206, -96.7146441 32.9677948, -96.714752 32.9677963, -96.7148202 32.9677966, -96.7148519 32.9677967, -96.7157001 32.9678001, -96.7157322 32.9678004, -96.7160209 32.9678014, -96.7160212 32.9678186, -96.7165453 32.967821, -96.7167668 32.9677862, -96.7167713 32.9677525, -96.7167928 32.9677173, -96.7168266 32.9676913, -96.7168711 32.9676766, -96.7168984 32.9676768, -96.7169052 32.967046, -96.7168286 32.966975, -96.7166058 32.9669729, -96.7166065 32.9669203, -96.7166069 32.9668943, -96.7166072 32.9668706, -96.7166073 32.9668206, -96.7166074 32.9668128, -96.7166073 32.9667746, -96.7166083 32.9667446, -96.7166093 32.9667162, -96.7166162 32.9667163, -96.7167076 32.9667171, -96.7167077 32.9667095, -96.7167082 32.9666736, -96.7166831 32.9666734, -96.7166834 32.9666498, -96.7166835 32.9666424, -96.7166836 32.9666337, -96.7166849 32.9665415, -96.7166974 32.9665308, -96.7167049 32.9655038, -96.7167068 32.9654571, -96.7167079 32.9654158, -96.7167081 32.9654078, -96.7167096 32.9653503, -96.7168405 32.9653513, -96.7169265 32.9652838, -96.7169288 32.9644391)"
