HUC8,WSF_1MW_DC,WF_1MW_DC,CF_1MW_DC,WF_norm,CF_norm,WSF_norm,Risk_score_equal_weights
15030106,198.73320067610672,105.97294285314153,0.1948445270439935,1.0,0.194786589334616,0.6516639660190824,0.6154835184512327
15080103,198.73320067610672,105.97294285314153,0.1948445270439935,1.0,0.194786589334616,0.6516639660190824,0.6154835184512327
15080102,243.15889038352609,52.63442462082763,0.5296672607677665,0.48798107482181613,0.5295097623340835,0.7976065633128351,0.6050324668229116
15070203,243.15889038352609,52.63442462082763,0.5296672607677665,0.48798107482181613,0.5295097623340835,0.7976065633128351,0.6050324668229116
15050306,243.15889038352609,52.63442462082763,0.5296672607677665,0.48798107482181613,0.5295097623340835,0.7976065633128351,0.6050324668229116
15050303,243.15889038352609,52.63442462082763,0.5296672607677665,0.48798107482181613,0.5295097623340835,0.7976065633128351,0.6050324668229116
15030108,243.15889038352609,52.63442462082763,0.5296672607677665,0.48798107482181613,0.5295097623340835,0.7976065633128351,0.6050324668229116
15030105,243.15889038352609,52.63442462082763,0.5296672607677665,0.48798107482181613,0.5295097623340835,0.7976065633128351,0.6050324668229116
15020018,256.90396151189753,25.77879600669572,0.703889422925586,0.23018257284427474,0.7036801189156758,0.8427604234706187,0.5922077050768565
15020017,256.90396151189753,25.77879600669572,0.703889422925586,0.23018257284427474,0.7036801189156758,0.8427604234706187,0.5922077050768565
15020014,256.90396151189753,25.77879600669572,0.703889422925586,0.23018257284427474,0.7036801189156758,0.8427604234706187,0.5922077050768565
15020012,256.90396151189753,25.77879600669572,0.703889422925586,0.23018257284427474,0.7036801189156758,0.8427604234706187,0.5922077050768565
14060009,272.6329422981269,4.094840411263438,0.841531724171256,0.022029140661780133,0.841281491736162,0.8944316147080276,0.5859140823686565
14070002,272.6329422981269,4.094840411263438,0.841531724171256,0.022029140661780133,0.841281491736162,0.8944316147080276,0.5859140823686565
15020009,247.7039030018768,25.77879600669572,0.703889422925586,0.23018257284427474,0.7036801189156758,0.8125373601248473,0.582133350628266
18100204,248.0330385639367,79.12256622395904,0.1741321523116518,0.7422519140403379,0.17408037350017083,0.8136186016115888,0.5766502963840324
10050007,184.0632977954299,34.896061980814984,0.8082771730854246,0.31770305296522505,0.8080368290087336,0.6034719459839826,0.576403942652647
14080106,229.9604253681261,17.56276429548498,0.8148238673905122,0.15131342039272744,0.8145815766311106,0.754248355993512,0.57338111767245
15080101,210.51530357600822,52.63442462082763,0.5296672607677665,0.48798107482181613,0.5295097623340835,0.6903692896756943,0.5692867089438647
10080011,227.07411394809898,8.66522667142474,0.8946501793867511,0.06590220534619087,0.8943841519910926,0.7447665496780318,0.5683509690051051
14080203,234.75837706051232,3.97885570231143,0.9100814816869359,0.02091575453890254,0.9098108657389503,0.7700100816141694,0.5669122339640075
14040105,234.75837706051232,3.97885570231143,0.9100814816869359,0.02091575453890254,0.9098108657389503,0.7700100816141694,0.5669122339640075
15070104,304.76851076724597,22.643920691791767,0.4562522217531616,0.20008958296567098,0.4561165535410347,1.0,0.5520687121689019
15070202,304.76129942627165,22.64458705493853,0.45624781950112125,0.2000959796664698,0.45611215259801957,0.9999763100620678,0.5520614807755191
15050305,192.57415538558482,52.63442462082763,0.5296672607677665,0.48798107482181613,0.5295097623340835,0.6314309190485475,0.5496405854014824
10190013,184.912974282499,3.8262122462735015,1.0002974419829178,0.01945046564663117,1.0,0.6062632136986532,0.5419045597817614
11020008,184.912974282499,3.8262122462735015,1.0002974419829178,0.01945046564663117,1.0,0.6062632136986532,0.5419045597817614
10190008,184.912974282499,3.8262122462735015,1.0002974419829178,0.01945046564663117,1.0,0.6062632136986532,0.5419045597817614
10180013,184.912974282499,3.8262122462735015,1.0002974419829178,0.01945046564663117,1.0,0.6062632136986532,0.5419045597817614
14080202,184.912974282499,3.8262122462735015,1.0002974419829178,0.01945046564663117,1.0,0.6062632136986532,0.5419045597817614
14070003,127.3933166685101,105.97294285314153,0.1948445270439935,1.0,0.194786589334616,0.41730569198276685,0.537364093772461
14060007,225.846563884707,4.094840411263438,0.841531724171256,0.022029140661780133,0.841281491736162,0.7407339314848331,0.5346815212942584
10190009,177.98863477059052,3.8262122462735015,1.0002974419829178,0.01945046564663117,1.0,0.5835161027462505,0.5343221894642939
15020011,203.2487101111125,25.77879600669572,0.703889422925586,0.23018257284427474,0.7036801189156758,0.6664978420801924,0.5334535112800477
16020303,226.2672461780817,4.741513019961977,0.7912870393038901,0.02823682368375437,0.7910517473035815,0.7421159126523724,0.5204681612132361
14080204,190.20964832541057,25.77879600669572,0.703889422925586,0.23018257284427474,0.7036801189156758,0.6236632894640908,0.5191753270746805
14040200,188.38381225740827,3.97885570231143,0.9100814816869359,0.02091575453890254,0.9098108657389503,0.6176652450949031,0.5161306217909186
16020306,246.3246550114726,5.185446886570566,0.6899140274044178,0.0324983320413941,0.6897088790278038,0.8080063998773543,0.5100712036488507
14070005,176.16957309740104,25.77879600669572,0.703889422925586,0.23018257284427474,0.7036801189156758,0.5775403129054807,0.5038010015551437
13020205,184.2477462839829,22.73011188074544,0.6991544518811159,0.2009169685284959,0.6989465558315958,0.6040778767340422,0.5013138003647113
15010014,171.49894510141516,22.8664003496377,0.7371126532719154,0.20222525900354174,0.736893470216935,0.5621968576835968,0.5004385289680245
14070007,87.12230322393566,105.97294285314153,0.1948445270439935,1.0,0.194786589334616,0.28501159961279987,0.4932660629824719
10080004,156.25531734525737,3.97885570231143,0.9100814816869359,0.02091575453890254,0.9098108657389503,0.512120097107356,0.4809489057950696
15070102,126.11447531313864,52.63442462082763,0.5296672607677665,0.48798107482181613,0.5295097623340835,0.4131045770387167,0.47686513806487213
15020013,151.01481292104998,25.77879600669572,0.703889422925586,0.23018257284427474,0.7036801189156758,0.4949045438579823,0.47625574520597763
15010006,143.05809297171268,25.77879600669572,0.703889422925586,0.23018257284427474,0.7036801189156758,0.4687659654140022,0.4675428857246509
15050304,115.93852304713535,52.63442462082763,0.5296672607677665,0.48798107482181613,0.5295097623340835,0.3796756102985617,0.46572214915148713
15010015,199.52020237229178,39.04670701063572,0.3488493017434048,0.35754684460766845,0.34874557016947977,0.6542493411111128,0.4535139186294203
15040006,44.803863717204145,105.97294285314153,0.1948445270439935,1.0,0.194786589334616,0.1459915187608077,0.44692603603180786
15050201,38.816167284572515,105.97294285314153,0.1948445270439935,1.0,0.194786589334616,0.12632136901322014,0.44036931944927865
11020012,91.00126103303286,3.8262122462735015,1.0002974419829178,0.01945046564663117,1.0,0.29775434330863915,0.43906826965175677
15050202,36.26786079575924,105.97294285314153,0.1948445270439935,1.0,0.194786589334616,0.11794994090197977,0.43757884341219855
14040104,114.83158996850392,3.97885570231143,0.9100814816869359,0.02091575453890254,0.9098108657389503,0.3760392303213509,0.4355886168664012
15010009,113.80960217950174,25.77879600669572,0.703889422925586,0.23018257284427474,0.7036801189156758,0.37268190366391984,0.4355148651412901
15030103,112.12828758524658,22.8664003496377,0.7371126532719154,0.20222525900354174,0.736893470216935,0.3671586260205227,0.43542578508033314
11040005,182.53319404610127,6.346833285355868,0.6555453685225819,0.04364696974881275,0.6553504397882652,0.5984454102841071,0.43248093994039505
15080301,30.85620021235883,105.97294285314153,0.1948445270439935,1.0,0.194786589334616,0.10017212346312565,0.43165290426591385
18040051,29.973834207429405,105.97294285314153,0.1948445270439935,1.0,0.194786589334616,0.09727346758696023,0.43068668564052537
16030006,107.51579350145111,25.77879600669572,0.703889422925586,0.23018257284427474,0.7036801189156758,0.3520061462048012,0.4286229459882506
15080302,27.798097487469764,105.97294285314153,0.1948445270439935,1.0,0.194786589334616,0.09012596644450142,0.42830418525970576
15080200,27.48328211739644,105.97294285314153,0.1948445270439935,1.0,0.194786589334616,0.0890917681443944,0.42795945249300343
13020202,27.426313822678306,105.97294285314153,0.1948445270439935,1.0,0.194786589334616,0.08890462190199917,0.427897070412205
15010007,106.55399018088062,25.77879600669572,0.703889422925586,0.23018257284427474,0.7036801189156758,0.3488465312249493,0.42756974099496664
16020302,126.88188863291703,4.094840411263438,0.841531724171256,0.022029140661780133,0.841281491736162,0.415625602459456,0.42631207828579937
10050006,46.751615257626824,34.896061980814984,0.8082771730854246,0.31770305296522505,0.8080368290087336,0.15239006700089772,0.4260433163249521
15030203,79.02508865468073,52.63442462082763,0.5296672607677665,0.48798107482181613,0.5295097623340835,0.2584114830391561,0.425300773398352
10050003,45.99837923473597,34.896061980814984,0.8082771730854246,0.31770305296522505,0.8080368290087336,0.14991561534286194,0.4252184991056069
15040007,24.46137718318878,105.97294285314153,0.1948445270439935,1.0,0.194786589334616,0.07916452429567553,0.42465037121009713
10050010,44.09800541435916,34.896061980814984,0.8082771730854246,0.31770305296522505,0.8080368290087336,0.14367270739925098,0.42313752979106983
15040002,21.58434053284045,105.97294285314153,0.1948445270439935,1.0,0.194786589334616,0.06971318647680468,0.4214999252704735
15020006,100.69476363689556,25.77879600669572,0.703889422925586,0.23018257284427474,0.7036801189156758,0.3295984172261953,0.42115370299538196
15060201,75.02979871429241,52.63442462082763,0.5296672607677665,0.48798107482181613,0.5295097623340835,0.24528657727670272,0.4209258048108675
10050014,41.865262672016414,34.896061980814984,0.8082771730854246,0.31770305296522505,0.8080368290087336,0.13633793607544512,0.4206926060164679
15040005,20.52915995744319,105.97294285314153,0.1948445270439935,1.0,0.194786589334616,0.06624681837308846,0.42034446923590146
15070201,19.993776414752407,105.97294285314153,0.1948445270439935,1.0,0.194786589334616,0.06448803274064897,0.4197582073584216
10050008,40.60951329803165,34.896061980814984,0.8082771730854246,0.31770305296522505,0.8080368290087336,0.1322126804767969,0.4193175208169185
13020201,19.331170730231854,105.97294285314153,0.1948445270439935,1.0,0.194786589334616,0.06231131032581645,0.4190326332201441
10190014,70.64017475475963,3.8262122462735015,1.0002974419829178,0.01945046564663117,1.0,0.23086624692243674,0.41677223752302267
15050203,70.7985335684695,52.63442462082763,0.5296672607677665,0.48798107482181613,0.5295097623340835,0.23138647062024273,0.4162924359253808
15050301,70.3058187461144,52.63442462082763,0.5296672607677665,0.48798107482181613,0.5295097623340835,0.22976785577434594,0.4157528976434152
15030202,69.79985497776039,52.63442462082763,0.5296672607677665,0.48798107482181613,0.5295097623340835,0.22810571688631906,0.41519885134740625
15010003,94.8843591108932,25.77879600669572,0.703889422925586,0.23018257284427474,0.7036801189156758,0.3105106881794014,0.4147911266464506
10080006,94.99262989382142,3.97885570231143,0.9100814816869359,0.02091575453890254,0.9098108657389503,0.3108663679533259,0.4138643294103929
16030007,114.962379293469,4.094840411263438,0.841531724171256,0.022029140661780133,0.841281491736162,0.37646888563811487,0.4132598393453523
15060105,67.1773600922151,52.63442462082763,0.5296672607677665,0.48798107482181613,0.5295097623340835,0.21949057286702103,0.4123271366743069
15060202,66.75184458750414,52.63442462082763,0.5296672607677665,0.48798107482181613,0.5295097623340835,0.21809271414259232,0.41186118376616404
16060015,161.3460924987503,39.04670701063572,0.3488493017434048,0.35754684460766845,0.34874557016947977,0.5288437755247826,0.411712063433977
18040002,20.860033468081205,101.54620600324039,0.20986840456023081,0.9575058865703567,0.20980599944772704,0.06733376918547279,0.4115485517345188
15070103,176.20989758880114,22.64458705493853,0.45624781950112125,0.2000959796664698,0.45611215259801957,0.5776727826779983,0.41129363831416255
15050100,66.07308347235853,52.63442462082763,0.5296672607677665,0.48798107482181613,0.5295097623340835,0.21586291960842194,0.4111179189214405
15060203,65.11323668022185,52.63442462082763,0.5296672607677665,0.48798107482181613,0.5295097623340835,0.21270973200973597,0.41006685638854523
10030204,31.708941697975828,34.896061980814984,0.8082771730854246,0.31770305296522505,0.8080368290087336,0.10297345998824647,0.4095711139874017
15010004,91.19738036700898,21.633565473314498,0.7288462702406442,0.19039075723602233,0.7286295452239003,0.2983986138910093,0.40580630545031066
15010008,86.395395448197,25.77879600669572,0.703889422925586,0.23018257284427474,0.7036801189156758,0.28262363873964297,0.40549544349986455
15020005,88.13650938699156,21.633565473314498,0.7288462702406442,0.19039075723602233,0.7286295452239003,0.28834336289216633,0.402454555117363
14080103,43.341374852774734,30.63544946669845,0.7888997972595883,0.2768036370763703,0.7886652151141464,0.1411871043601828,0.4022186521835665
15020010,87.62684512491758,21.633565473314498,0.7288462702406442,0.19039075723602233,0.7286295452239003,0.2866690675318749,0.4018964566639325
10090210,24.371898980524865,34.896061980814984,0.8082771730854246,0.31770305296522505,0.8080368290087336,0.07887057992736181,0.4015368206337735
15020015,86.10884599107868,21.633565473314498,0.7288462702406442,0.19039075723602233,0.7286295452239003,0.28168229664005195,0.4002341996999916
16030004,102.66198461266374,4.094840411263438,0.841531724171256,0.022029140661780133,0.841281491736162,0.33606092440492824,0.3997905189342901
16030002,81.15900748233138,25.77879600669572,0.703889422925586,0.23018257284427474,0.7036801189156758,0.26542160844570356,0.3997614334018847
11020004,54.91580923009835,3.8262122462735015,1.0002974419829178,0.01945046564663117,1.0,0.17921021725629166,0.399553560967641
14060006,81.89550587254585,3.97885570231143,0.9100814816869359,0.02091575453890254,0.9098108657389503,0.26784107539553503,0.39952256522446267
10050011,22.501584009213513,34.896061980814984,0.8082771730854246,0.31770305296522505,0.8080368290087336,0.07272641814916023,0.3994887667077063
10050005,21.22100915069524,34.896061980814984,0.8082771730854246,0.31770305296522505,0.8080368290087336,0.06851960848312988,0.39808649681902947
15020008,84.04950309463479,21.633565473314498,0.7288462702406442,0.19039075723602233,0.7286295452239003,0.2749171602290067,0.39797915422964314
10250001,53.44167031599256,3.8262122462735015,1.0002974419829178,0.01945046564663117,1.0,0.17436753133935334,0.3979393323286615
10050013,21.047880476483787,34.896061980814984,0.8082771730854246,0.31770305296522505,0.8080368290087336,0.06795086439503925,0.3978969154563326
10090203,80.26921742269064,3.97885570231143,0.9100814816869359,0.02091575453890254,0.9098108657389503,0.26249856384683845,0.39774172804156377
16030003,79.02055618195692,25.77879600669572,0.703889422925586,0.23018257284427474,0.7036801189156758,0.25839659343708504,0.3974197617323452
16030001,78.85238349089794,25.77879600669572,0.703889422925586,0.23018257284427474,0.7036801189156758,0.25784413022292524,0.3972356073276253
15020016,78.77899770199436,25.77879600669572,0.703889422925586,0.23018257284427474,0.7036801189156758,0.2576030509575818,0.3971552475725108
15030201,76.46198816771822,22.8664003496377,0.7371126532719154,0.20222525900354174,0.736893470216935,0.249991455243173,0.3963700614878832
15050302,56.333971944758375,39.85430181712777,0.6399586586960201,0.3652992876545214,0.6397683647250082,0.18386901605774456,0.39631222281242473
15030101,77.08396151189754,25.77879600669572,0.703889422925586,0.23018257284427474,0.7036801189156758,0.2520346965725665,0.39529912944417234
15010002,77.08396151189754,25.77879600669572,0.703889422925586,0.23018257284427474,0.7036801189156758,0.2520346965725665,0.39529912944417234
15010001,77.08396151189754,25.77879600669572,0.703889422925586,0.23018257284427474,0.7036801189156758,0.2520346965725665,0.39529912944417234
11020007,71.96752814581122,3.784002018834009,0.9306234800850046,0.019045271876699965,0.9303467559011283,0.23522672849723122,0.3948729187583531
10250002,50.59462373676423,3.8262122462735015,1.0002974419829178,0.01945046564663117,1.0,0.16501471374382856,0.39482172646348657
10050009,17.8639589997941,34.896061980814984,0.8082771730854246,0.31770305296522505,0.8080368290087336,0.057491380863152725,0.3944104209457038
17040217,96.40631112887424,4.094840411263438,0.841531724171256,0.022029140661780133,0.841281491736162,0.31551044466992423,0.3929403590226221
17040218,96.3934730644916,4.094840411263438,0.841531724171256,0.022029140661780133,0.841281491736162,0.31546827041280934,0.3929263009369171
16020202,95.64827848080319,4.094840411263438,0.841531724171256,0.022029140661780133,0.841281491736162,0.3130202356439859,0.39211028934730935
10120101,74.77428589914594,3.97885570231143,0.9100814816869359,0.02091575453890254,0.9098108657389503,0.24444719348480434,0.39172460458755237
10120102,74.58372539321934,3.97885570231143,0.9100814816869359,0.02091575453890254,0.9098108657389503,0.2438211841789343,0.39151593481892905
17040221,128.8045903022466,6.027517806231953,0.7100070333204002,0.040581725834430184,0.7097959102173982,0.4219418595010688,0.3907731651842991
11020010,68.01652064487791,3.784002018834009,0.9306234800850046,0.019045271876699965,0.9303467559011283,0.2222472947414283,0.39054644083975215
16020201,94.13265372080127,4.094840411263438,0.841531724171256,0.022029140661780133,0.841281491736162,0.3080412647950435,0.3904506323976618
16010203,93.76617999330114,4.094840411263438,0.841531724171256,0.022029140661780133,0.841281491736162,0.30683736389933364,0.39004933209909187
15030204,70.49828749430809,22.8664003496377,0.7371126532719154,0.20222525900354174,0.736893470216935,0.23040013383675212,0.38983962101907627
16020102,93.53182595577954,4.094840411263438,0.841531724171256,0.022029140661780133,0.841281491736162,0.30606748869542727,0.3897927070311231
10100003,13.635503695210064,34.896061980814984,0.8082771730854246,0.31770305296522505,0.8080368290087336,0.0436005048012223,0.38978012892506025
16010201,93.51322602471184,4.094840411263438,0.841531724171256,0.022029140661780133,0.841281491736162,0.30600638616066905,0.389772339519537
16020204,93.354322491114,4.094840411263438,0.841531724171256,0.022029140661780133,0.841281491736162,0.30548437300645237,0.3895983351347982
16010202,93.25282593250269,4.094840411263438,0.841531724171256,0.022029140661780133,0.841281491736162,0.3051509472008505,0.3894871931995975
14060005,92.87786969156801,4.094840411263438,0.841531724171256,0.022029140661780133,0.841281491736162,0.3039191804453111,0.3890766042810843
14060008,92.86758978200545,4.094840411263438,0.841531724171256,0.022029140661780133,0.841281491736162,0.3038854099690082,0.3890653474556501
14030001,92.81744969174149,4.094840411263438,0.841531724171256,0.022029140661780133,0.841281491736162,0.3037206950247978,0.3890104424742466
10180006,72.1463001157789,3.97885570231143,0.9100814816869359,0.02091575453890254,0.9098108657389503,0.23581401134623667,0.3888468772080298
14040108,71.77908904908358,3.97885570231143,0.9100814816869359,0.02091575453890254,0.9098108657389503,0.23460768822145298,0.3884447694997686
14020006,43.87061762114382,3.8262122462735015,1.0002974419829178,0.01945046564663117,1.0,0.14292571696751438,0.38745872753804855
11020011,43.46432072686773,3.8262122462735015,1.0002974419829178,0.01945046564663117,1.0,0.14159099319814689,0.38701381961492604
15020007,79.70583692104294,22.73011188074544,0.6991544518811159,0.2009169685284959,0.6989465558315958,0.2606478055532336,0.3868371099711084
13030201,56.07805521615896,62.117842780398014,0.3982241597533973,0.5790164041485463,0.39810574639077984,0.18302830537190726,0.3867168186370778
10120105,69.62464121364926,3.97885570231143,0.9100814816869359,0.02091575453890254,0.9098108657389503,0.2275301230804738,0.3860855811194422
10090204,68.045778125801,3.97885570231143,0.9100814816869359,0.02091575453890254,0.9098108657389503,0.22234340833660954,0.3843566762048208
10090205,67.97137373736028,3.97885570231143,0.9100814816869359,0.02091575453890254,0.9098108657389503,0.22209898287533691,0.3842752010510632
14050004,67.60705185226759,3.97885570231143,0.9100814816869359,0.02091575453890254,0.9098108657389503,0.22090215098569033,0.3838762570878477
10190011,96.10515795190766,3.518585287168569,0.8204573818138815,0.01649742476404219,0.8202134159090377,0.31452112796782633,0.38374398954696876
10030103,7.396828361713159,34.896061980814984,0.8082771730854246,0.31770305296522505,0.8080368290087336,0.023105865599459936,0.3829485825244729
10250003,39.464445283727976,3.8262122462735015,1.0002974419829178,0.01945046564663117,1.0,0.12845102362496036,0.3826338297571972
10180012,39.45407058512663,3.8262122462735015,1.0002974419829178,0.01945046564663117,1.0,0.12841694175768958,0.38262246913477355
10020006,6.926382442527022,34.896061980814984,0.8082771730854246,0.31770305296522505,0.8080368290087336,0.02156040620908371,0.38243342939434743
10030203,6.891379662432439,34.896061980814984,0.8082771730854246,0.31770305296522505,0.8080368290087336,0.021445418762109928,0.3823951002453562
10020001,6.643286269796129,34.896061980814984,0.8082771730854246,0.31770305296522505,0.8080368290087336,0.02063040847569191,0.3821234301498835
10020003,6.36938761195004,34.896061980814984,0.8082771730854246,0.31770305296522505,0.8080368290087336,0.019730625449596192,0.38182350247451824
10050004,6.31566979519057,34.896061980814984,0.8082771730854246,0.31770305296522505,0.8080368290087336,0.019554157335078263,0.381764679769679
10090209,5.7910868745879975,34.896061980814984,0.8082771730854246,0.31770305296522505,0.8080368290087336,0.017830852768893977,0.38119024491428416
10020004,5.545466451215086,34.896061980814984,0.8082771730854246,0.31770305296522505,0.8080368290087336,0.017023966420668137,0.3809212827982089
10020002,5.421584456124714,34.896061980814984,0.8082771730854246,0.31770305296522505,0.8080368290087336,0.01661700233658772,0.3807856281035154
10070005,5.098914441246942,34.896061980814984,0.8082771730854246,0.31770305296522505,0.8080368290087336,0.015557000784553033,0.38043229425283726
14070004,37.32640203534328,3.8262122462735015,1.0002974419829178,0.01945046564663117,1.0,0.12142734910576604,0.38029260491746575
10020007,4.967129734725761,34.896061980814984,0.8082771730854246,0.31770305296522505,0.8080368290087336,0.015124075545125988,0.38028798583969486
10050002,4.767617003362186,34.896061980814984,0.8082771730854246,0.31770305296522505,0.8080368290087336,0.014468657331022086,0.3800695131016602
10010002,4.485106833053133,34.896061980814984,0.8082771730854246,0.31770305296522505,0.8080368290087336,0.013540584671073762,0.3797601555483441
10030101,4.477330910228234,34.896061980814984,0.8082771730854246,0.31770305296522505,0.8080368290087336,0.013515040028302982,0.37975164066742056
15030107,68.2130385639367,79.12256622395904,0.1741321523116518,0.7422519140403379,0.17408037350017083,0.2228928747135365,0.37974172075134843
10020005,4.454448269137755,34.896061980814984,0.8082771730854246,0.31770305296522505,0.8080368290087336,0.013439868385596273,0.37972658345318494
10040104,4.438179646478203,34.896061980814984,0.8082771730854246,0.31770305296522505,0.8080368290087336,0.013386424419707084,0.37970876879788856
10010001,4.328863263993434,34.896061980814984,0.8082771730854246,0.31770305296522505,0.8080368290087336,0.013027309752233051,0.37958906390873054
10040101,4.243297795429872,34.896061980814984,0.8082771730854246,0.31770305296522505,0.8080368290087336,0.012746219085930178,0.37949536701996295
15020001,72.12881020492486,22.73011188074544,0.6991544518811159,0.2009169685284959,0.6989465558315958,0.23575655533298656,0.3785400265643594
14040107,62.06808512153437,3.97885570231143,0.9100814816869359,0.02091575453890254,0.9098108657389503,0.20270612079841133,0.377810913692088
15040003,47.535415392853395,62.117842780398014,0.3982241597533973,0.5790164041485463,0.39810574639077984,0.15496492466202835,0.3773623584004515
16020305,125.11894340404476,5.185446886570566,0.6899140274044178,0.0324983320413941,0.6897088790278038,0.40983416045185384,0.3773471238403506
14080105,50.90132383279088,17.56276429548498,0.8148238673905122,0.15131342039272744,0.8145815766311106,0.1660222526002686,0.3773057498747023
15060104,70.6790105726291,22.73011188074544,0.6991544518811159,0.2009169685284959,0.6989465558315958,0.23099382626144588,0.3769524502071792
15020002,70.34686208297589,22.73011188074544,0.6991544518811159,0.2009169685284959,0.6989465558315958,0.22990268702227068,0.3765887371274541
14070006,50.14042536812608,17.56276429548498,0.8148238673905122,0.15131342039272744,0.8145815766311106,0.16352262909545975,0.37647254203976593
10090206,60.62613332626217,3.97885570231143,0.9100814816869359,0.02091575453890254,0.9098108657389503,0.1979691726145935,0.3762319309641488
16060002,199.89575201480446,7.110150752612784,0.42233889949646064,0.05097437594806938,0.42221331553067487,0.6554830572470243,0.37622358290858954
16060013,199.89575201480446,7.110150752612784,0.42233889949646064,0.05097437594806938,0.42221331553067487,0.6554830572470243,0.37622358290858954
16060010,199.89575201480446,7.110150752612784,0.42233889949646064,0.05097437594806938,0.42221331553067487,0.6554830572470243,0.37622358290858954
16060011,199.89575201480446,7.110150752612784,0.42233889949646064,0.05097437594806938,0.42221331553067487,0.6554830572470243,0.37622358290858954
18090202,199.89575201480446,7.110150752612784,0.42233889949646064,0.05097437594806938,0.42221331553067487,0.6554830572470243,0.37622358290858954
15060101,69.71171120059546,22.73011188074544,0.6991544518811159,0.2009169685284959,0.6989465558315958,0.22781615623212434,0.375893226864072
15060102,69.14043963226753,22.73011188074544,0.6991544518811159,0.2009169685284959,0.6989465558315958,0.22593947503728112,0.37526766646579096
10080008,59.66242141308152,3.97885570231143,0.9100814816869359,0.02091575453890254,0.9098108657389503,0.19480328772729535,0.3751766360017161
10090202,59.094755061845355,3.97885570231143,0.9100814816869359,0.02091575453890254,0.9098108657389503,0.19293845001197144,0.37455502342994146
14060002,58.954847516054095,3.97885570231143,0.9100814816869359,0.02091575453890254,0.9098108657389503,0.19247884047640218,0.3744018202514183
10180010,58.75257239500549,3.97885570231143,0.9100814816869359,0.02091575453890254,0.9098108657389503,0.19181434755061622,0.3741803226094897
10180011,58.500851955074324,3.97885570231143,0.9100814816869359,0.02091575453890254,0.9098108657389503,0.1909874220703947,0.37390468078274913
14080107,31.483792559021232,3.8262122462735015,1.0002974419829178,0.01945046564663117,1.0,0.10223382374773138,0.3738947631314542
10030202,8.193153369193162,34.017906200487516,0.7868282533330294,0.3092732653805021,0.7865942871685022,0.025721868651905278,0.37386314040030316
10180005,58.44738181094993,3.97885570231143,0.9100814816869359,0.02091575453890254,0.9098108657389503,0.19081176758393475,0.3738461292872625
10090201,58.116759434157,3.97885570231143,0.9100814816869359,0.02091575453890254,0.9098108657389503,0.18972564177001103,0.37348408734928795
10180004,57.53672521376978,3.97885570231143,0.9100814816869359,0.02091575453890254,0.9098108657389503,0.18782017443343008,0.3728489315704276
16010101,57.34276679041242,3.97885570231143,0.9100814816869359,0.02091575453890254,0.9098108657389503,0.18718300264705606,0.3726365409749696
10080014,48.342926668217295,8.66522667142474,0.8946501793867511,0.06590220534619087,0.8943841519910926,0.15761767566368395,0.3726346776669891
10080007,57.32858753847433,3.97885570231143,0.9100814816869359,0.02091575453890254,0.9098108657389503,0.1871364224618264,0.37262101424655975
10080003,57.2920836432175,3.97885570231143,0.9100814816869359,0.02091575453890254,0.9098108657389503,0.1870165037094062,0.37258104132908637
14060004,57.2356705791302,3.97885570231143,0.9100814816869359,0.02091575453890254,0.9098108657389503,0.18683118145220723,0.3725192672433533
10080013,48.23480690416353,8.66522667142474,0.8946501793867511,0.06590220534619087,0.8943841519910926,0.15726249200106185,0.37251628311278173
10080002,57.191187055056346,3.97885570231143,0.9100814816869359,0.02091575453890254,0.9098108657389503,0.18668504886354348,0.3724705563804654
14060003,57.061400617988625,3.97885570231143,0.9100814816869359,0.02091575453890254,0.9098108657389503,0.18625868812848434,0.3723284361354457
13010003,29.912614110570594,3.8262122462735015,1.0002974419829178,0.01945046564663117,1.0,0.09707235377193582,0.37217427313952234
10080009,47.810529709015356,8.66522667142474,0.8946501793867511,0.06590220534619087,0.8943841519910926,0.15586870124080066,0.37205168619269474
10070001,47.76019509803977,8.66522667142474,0.8946501793867511,0.06590220534619087,0.8943841519910926,0.15570334727763369,0.37199656820497234
16020101,56.6041675072332,3.97885570231143,0.9100814816869359,0.02091575453890254,0.9098108657389503,0.1847566340649049,0.3718277514475859
10080012,47.59256494239006,8.66522667142474,0.8946501793867511,0.06590220534619087,0.8943841519910926,0.15515266634366523,0.3718130078936495
10080001,56.3760950149814,3.97885570231143,0.9100814816869359,0.02091575453890254,0.9098108657389503,0.18400739433200033,0.3715780048699511
10080005,56.285137502431745,3.97885570231143,0.9100814816869359,0.02091575453890254,0.9098108657389503,0.18370859029063824,0.3714784035228303
16020203,56.10475684199692,3.97885570231143,0.9100814816869359,0.02091575453890254,0.9098108657389503,0.18311602274112365,0.3712808810063255
14080205,55.89875630908698,3.97885570231143,0.9100814816869359,0.02091575453890254,0.9098108657389503,0.1824392914846193,0.37105530392082403
10180002,55.877124983128304,3.97885570231143,0.9100814816869359,0.02091575453890254,0.9098108657389503,0.1823682305306058,0.3710316169361529
10180007,55.76353316528603,3.97885570231143,0.9100814816869359,0.02091575453890254,0.9098108657389503,0.18199507065314752,0.3709072303103334
14080201,55.70835002033593,3.97885570231143,0.9100814816869359,0.02091575453890254,0.9098108657389503,0.18181378879677354,0.37084680302487544
10030201,5.352121719748563,34.017906200487516,0.7868282533330294,0.3092732653805021,0.7865942871685022,0.01638881067026512,0.3707521210730898
14040103,55.43281491012458,3.97885570231143,0.9100814816869359,0.02091575453890254,0.9098108657389503,0.1809086298697046,0.3705450833825192
10180008,55.37589507573897,3.97885570231143,0.9100814816869359,0.02091575453890254,0.9098108657389503,0.18072164282409034,0.37048275436731437
10080010,55.347987140602974,3.97885570231143,0.9100814816869359,0.02091575453890254,0.9098108657389503,0.18062996261460623,0.3704521942974863
10180003,55.06396615647728,3.97885570231143,0.9100814816869359,0.02091575453890254,0.9098108657389503,0.17969692678821345,0.37014118235535537
14030005,55.00181393935409,3.97885570231143,0.9100814816869359,0.02091575453890254,0.9098108657389503,0.17949275086985944,0.37007312371590406
14070001,54.93837706051233,3.97885570231143,0.9100814816869359,0.02091575453890254,0.9098108657389503,0.17928435471611712,0.3700036583313233
14060001,54.93837706051233,3.97885570231143,0.9100814816869359,0.02091575453890254,0.9098108657389503,0.17928435471611712,0.3700036583313233
10050001,4.311173278147135,34.017906200487516,0.7868282533330294,0.3092732653805021,0.7865942871685022,0.012969196473688552,0.36961224967423095
13020102,12.508581501739464,30.63544946669845,0.7888997972595883,0.2768036370763703,0.7886652151141464,0.03989845868902417,0.3684557702931803
16020301,86.56612369989304,4.741513019961977,0.7912870393038901,0.02823682368375437,0.7910517473035815,0.2831844972124779,0.3674910227332713
10030205,31.436654578967957,37.31106798046102,0.6574235477583147,0.34088571377428567,0.6572280605407582,0.1020789710198286,0.3667309151116242
10190017,24.720338912887446,3.8262122462735015,1.0002974419829178,0.01945046564663117,1.0,0.08001523809845064,0.3664885679150273
10190015,23.313559212160996,3.8262122462735015,1.0002974419829178,0.01945046564663117,1.0,0.07539383357561082,0.3649480997407473
10090208,18.75420370284339,3.8262122462735015,1.0002974419829178,0.01945046564663117,1.0,0.06041591900866453,0.3599554615517653
10090102,8.946197827574576,12.919709853089492,0.9440971104525634,0.10674278318858259,0.9438163798370344,0.0281956910023886,0.35958495134266855
16060012,183.8513085383639,7.110150752612784,0.42233889949646064,0.05097437594806938,0.42221331553067487,0.6027755412015618,0.35865441089343536
10190007,17.470225537101236,3.8262122462735015,1.0002974419829178,0.01945046564663117,1.0,0.05619792915614945,0.3585494649342602
10140201,16.282994193101004,3.8262122462735015,1.0002974419829178,0.01945046564663117,1.0,0.05229776177387446,0.35724940914016856
10100002,22.688646736707994,37.31106798046102,0.6574235477583147,0.34088571377428567,0.6572280605407582,0.07334093692168113,0.35715157041224166
10150003,16.19291103703463,3.8262122462735015,1.0002974419829178,0.01945046564663117,1.0,0.0520018300763515,0.3571507652409942
10090207,5.940265822250867,12.919709853089492,0.9440971104525634,0.10674278318858259,0.9438163798370344,0.01832091973750723,0.3562933609210414
10110202,17.60324412928641,15.202846404628565,0.8838044551828808,0.1286595735662696,0.883541652801681,0.05663490782681757,0.356278711398256
10100005,21.712982711761224,37.31106798046102,0.6574235477583147,0.34088571377428567,0.6572280605407582,0.07013578821550295,0.35608318751018225
10120103,15.169219904470625,3.8262122462735015,1.0002974419829178,0.01945046564663117,1.0,0.04863890777403272,0.3560297911402213
11020006,15.134678326227396,3.8262122462735015,1.0002974419829178,0.01945046564663117,1.0,0.048525435418811186,0.3559919670218141
13020210,116.08019630451659,3.6257966898328844,0.6694831656749053,0.017526592220849638,0.6692840924873005,0.38014102036389674,0.355650568357349
15070101,125.29092544205996,22.64458705493853,0.45624781950112125,0.2000959796664698,0.45611215259801957,0.4103991377314664,0.35553575666531856
15060106,125.11532672824897,22.64458705493853,0.45624781950112125,0.2000959796664698,0.45611215259801957,0.40982227932940685,0.3553434705312988
10120201,14.052242965939172,3.8262122462735015,1.0002974419829178,0.01945046564663117,1.0,0.04496953276601162,0.3548066661375476
10120107,12.217294091801776,3.8262122462735015,1.0002974419829178,0.01945046564663117,1.0,0.03894155196579154,0.35279733920414097
10120104,11.848561587005062,3.8262122462735015,1.0002974419829178,0.01945046564663117,1.0,0.03773023077278198,0.35239356547313777
10110201,14.044046595210837,15.202846404628565,0.8838044551828808,0.1286595735662696,0.883541652801681,0.044942606912066446,0.35238127776000566
10140203,11.53761020507452,3.8262122462735015,1.0002974419829178,0.01945046564663117,1.0,0.0367087260395995,0.35205306389541025
15080303,22.848486546035534,62.117842780398014,0.3982241597533973,0.5790164041485463,0.39810574639077984,0.07386602583032455,0.3503293921232169
11020009,9.771970633167493,3.8262122462735015,1.0002974419829178,0.01945046564663117,1.0,0.030908432860004664,0.3501196328355453
10150005,9.228476844323703,3.8262122462735015,1.0002974419829178,0.01945046564663117,1.0,0.029123004301004972,0.34952448998254537
10140202,8.933359122139594,3.8262122462735015,1.0002974419829178,0.01945046564663117,1.0,0.028153514639356073,0.3492013267619958
10140105,8.913543817349497,3.8262122462735015,1.0002974419829178,0.01945046564663117,1.0,0.028088419486837796,0.349179628377823
14050006,8.717056281161979,3.8262122462735015,1.0002974419829178,0.01945046564663117,1.0,0.027442939325338634,0.3489644683239899
14020003,8.064135551290976,3.8262122462735015,1.0002974419829178,0.01945046564663117,1.0,0.02529803290358435,0.3482494995167385
11020001,7.903305165800131,3.8262122462735015,1.0002974419829178,0.01945046564663117,1.0,0.02476968985844825,0.3480733851683598
10190012,7.899353600394612,3.8262122462735015,1.0002974419829178,0.01945046564663117,1.0,0.024756708591923058,0.3480690580795181
14030002,7.83255106914272,3.8262122462735015,1.0002974419829178,0.01945046564663117,1.0,0.02453725595132466,0.3479959071993186
14030003,7.763050202844626,3.8262122462735015,1.0002974419829178,0.01945046564663117,1.0,0.024308939024598013,0.3479198015570764
11020013,105.30092867238997,6.346833285355868,0.6555453685225819,0.04364696974881275,0.6553504397882652,0.3447301055189594,0.3479091716853458
10120203,7.466092270047593,3.8262122462735015,1.0002974419829178,0.01945046564663117,1.0,0.02333340409683875,0.3475946232478233
10040204,13.889691555657514,37.31106798046102,0.6574235477583147,0.34088571377428567,0.6572280605407582,0.04443553599147634,0.3475164367688401
14050007,7.280200726930733,3.8262122462735015,1.0002974419829178,0.01945046564663117,1.0,0.0227227327758961,0.3473910661408424
10040201,13.434181344415684,37.31106798046102,0.6574235477583147,0.34088571377428567,0.6572280605407582,0.042939141815937935,0.34701763871032726
10190003,6.924838067343415,3.8262122462735015,1.0002974419829178,0.01945046564663117,1.0,0.021555332790370887,0.347001932812334
11020002,6.721939533735677,3.8262122462735015,1.0002974419829178,0.01945046564663117,1.0,0.02088879189529815,0.34677975251397647
14020004,6.537062129072866,3.8262122462735015,1.0002974419829178,0.01945046564663117,1.0,0.020281452115204362,0.34657730592061187
14050005,6.504028584256941,3.8262122462735015,1.0002974419829178,0.01945046564663117,1.0,0.02017293379258504,0.34654113314640544
13010002,6.390065316657921,3.8262122462735015,1.0002974419829178,0.01945046564663117,1.0,0.019798553667503802,0.34641633977137837
14080104,6.344552895902465,3.8262122462735015,1.0002974419829178,0.01945046564663117,1.0,0.019649041055816243,0.34636650223414917
14080101,11.241949825651227,26.194379903551724,0.7692646848704912,0.23417193788930254,0.7690359412951773,0.03573745369753645,0.3463151109606721
14080102,6.17988251275437,3.8262122462735015,1.0002974419829178,0.01945046564663117,1.0,0.0191080832547722,0.3461861829671345
10190018,6.1548867850795235,3.8262122462735015,1.0002974419829178,0.01945046564663117,1.0,0.019025969922550706,0.346158811856394
10180001,6.110644513831163,3.8262122462735015,1.0002974419829178,0.01945046564663117,1.0,0.018880629872262595,0.3461103651729646
14020002,6.0627953534770915,3.8262122462735015,1.0002974419829178,0.01945046564663117,1.0,0.01872344084973106,0.34605796883212075
14020001,5.953430595107895,3.8262122462735015,1.0002974419829178,0.01945046564663117,1.0,0.01836416726289604,0.3459382109698424
10040102,12.376511232655321,37.31106798046102,0.6574235477583147,0.34088571377428567,0.6572280605407582,0.039464595349538285,0.3458594565548607
13010001,5.827810775517981,3.8262122462735015,1.0002974419829178,0.01945046564663117,1.0,0.017951494260782512,0.3458006533024713
14010001,5.785879384001154,3.8262122462735015,1.0002974419829178,0.01945046564663117,1.0,0.017813745669226378,0.34575473710528587
14040106,5.781521119321337,3.8262122462735015,1.0002974419829178,0.01945046564663117,1.0,0.017799428357075344,0.34574996466790214
10180014,5.639147593810101,3.8262122462735015,1.0002974419829178,0.01945046564663117,1.0,0.017331717844625876,0.3455940611637524
14020005,5.501247353962936,3.8262122462735015,1.0002974419829178,0.01945046564663117,1.0,0.01687870249915189,0.3454430560485944
17040208,86.78488099877316,6.027517806231953,0.7100070333204002,0.040581725834430184,0.7097959102173982,0.2839031356531142,0.3447602572349808
10040103,9.831286178317725,37.31106798046102,0.6574235477583147,0.34088571377428567,0.6572280605407582,0.031103290042327127,0.34307235478579035
10040202,9.470603503693102,37.31106798046102,0.6574235477583147,0.34088571377428567,0.6572280605407582,0.02991841330365977,0.34267739587290125
15060103,15.829911980944555,62.117842780398014,0.3982241597533973,0.5790164041485463,0.39810574639077984,0.05080934380523529,0.34264383144818716
10030104,9.431435632521849,37.31106798046102,0.6574235477583147,0.34088571377428567,0.6572280605407582,0.029789743138112623,0.34263450581771887
13050003,109.1269442776883,3.4728303179655047,0.6538888862102191,0.016058203523383108,0.6536944500367778,0.35729892906229793,0.3423505275408196
10040203,9.113230746555395,37.31106798046102,0.6574235477583147,0.34088571377428567,0.6572280605407582,0.028744409957348272,0.3422860614241307
10030105,8.61614983320377,37.31106798046102,0.6574235477583147,0.34088571377428567,0.6572280605407582,0.027111452089108996,0.3417417421347176
10100001,6.965272922724148,37.31106798046102,0.6574235477583147,0.34088571377428567,0.6572280605407582,0.021688165119015095,0.339933979811353
10030102,6.83359827439948,37.31106798046102,0.6574235477583147,0.34088571377428567,0.6572280605407582,0.021255601431184847,0.3397897919154096
10070004,6.7645212000049915,37.31106798046102,0.6574235477583147,0.34088571377428567,0.6572280605407582,0.02102867670098979,0.33971415033867786
17040207,82.09804239407565,6.027517806231953,0.7100070333204002,0.040581725834430184,0.7097959102173982,0.26850642704665334,0.33962802103282724
18090207,197.5861794239609,13.147687731911972,0.26004499770055917,0.1089312389677754,0.2599676724005858,0.6478958925959851,0.3389316013214488
18090208,197.5861794239609,13.147687731911972,0.26004499770055917,0.1089312389677754,0.2599676724005858,0.6478958925959851,0.3389316013214488
18100100,197.5861794239609,13.147687731911972,0.26004499770055917,0.1089312389677754,0.2599676724005858,0.6478958925959851,0.3389316013214488
15030102,197.5861794239609,13.147687731911972,0.26004499770055917,0.1089312389677754,0.2599676724005858,0.6478958925959851,0.3389316013214488
17060202,80.78256480035549,6.027517806231953,0.7100070333204002,0.040581725834430184,0.7097959102173982,0.2641849585905948,0.33818753154747444
17040205,80.5927423345414,6.027517806231953,0.7100070333204002,0.040581725834430184,0.7097959102173982,0.26356137381637834,0.33797966995606893
17040219,80.03636311254563,6.027517806231953,0.7100070333204002,0.040581725834430184,0.7097959102173982,0.2617336153893712,0.33737041714706656
10190010,53.15436922271156,3.518585287168569,0.8204573818138815,0.01649742476404219,0.8202134159090377,0.17342372004379655,0.3367115202389588
17060201,79.09728716682991,6.027517806231953,0.7100070333204002,0.040581725834430184,0.7097959102173982,0.2586486619879398,0.3363420993465894
13030103,103.49565682927215,3.4728303179655047,0.6538888862102191,0.016058203523383108,0.6536944500367778,0.3387996165757141,0.3361840900452917
17060205,78.5489980357461,6.027517806231953,0.7100070333204002,0.040581725834430184,0.7097959102173982,0.25684748027561755,0.335741705442482
16030008,57.4028420606259,4.741513019961977,0.7912870393038901,0.02823682368375437,0.7910517473035815,0.18738035559814858,0.33555630886182813
17040206,78.13523286106684,6.027517806231953,0.7100070333204002,0.040581725834430184,0.7097959102173982,0.2554882224979649,0.3352886195165978
16060014,160.68393510406568,7.110150752612784,0.42233889949646064,0.05097437594806938,0.42221331553067487,0.5266685257845091,0.33328540575441773
14040109,49.74629769573943,3.518585287168569,0.8204573818138815,0.01649742476404219,0.8202134159090377,0.16222788237228522,0.33297957434845504
10060004,107.26056268052852,6.7639902562937735,0.5984896951550241,0.047651435395194605,0.5983117321270173,0.3511676887906299,0.3323769521042806
16030005,51.57354178125959,4.741513019961977,0.7912870393038901,0.02823682368375437,0.7910517473035815,0.16823055221234232,0.32917304106655937
16030009,48.05528762003261,4.741513019961977,0.7912870393038901,0.02823682368375437,0.7910517473035815,0.1566727541542681,0.325320441713868
03050202,17.678361182234813,49.33872725138731,0.4619558259016663,0.4563442862356815,0.4618184617026694,0.05688167445847915,0.32501480746561
03050208,17.631571810813224,49.33872725138731,0.4619558259016663,0.4563442862356815,0.4618184617026694,0.056727966942940716,0.3249635716270972
03050205,17.58941588306029,49.33872725138731,0.4619558259016663,0.4563442862356815,0.4618184617026694,0.05658948072858796,0.3249174095556463
16020304,77.21063999386014,5.185446886570566,0.6899140274044178,0.0324983320413941,0.6897088790278038,0.2524508473808175,0.32488601948333845
18070105,1.9487437267981007,3.4929224321797205,0.9522250793062568,0.016251076198992753,0.9519419318104365,0.005208391702438983,0.32446713323728943
03060106,17.045637806018057,49.33872725138731,0.4619558259016663,0.4563442862356815,0.4618184617026694,0.05480311825593753,0.32432195539809616
03050110,17.045637806018057,49.33872725138731,0.4619558259016663,0.4563442862356815,0.4618184617026694,0.05480311825593753,0.32432195539809616
18090204,197.88090458382376,4.729717017767609,0.29239154178399934,0.028123588885242457,0.29230459812471715,0.6488640926532375,0.32309742655439905
18090203,197.88090458382376,4.729717017767609,0.29239154178399934,0.028123588885242457,0.29230459812471715,0.6488640926532375,0.32309742655439905
03060110,12.615173079877689,37.81047484921117,0.563577155479048,0.3456797308680927,0.5634095738182165,0.04024862211621199,0.3164459756008404
03050201,12.570905980947432,37.81047484921117,0.563577155479048,0.3456797308680927,0.5634095738182165,0.04010320050463795,0.3163975017303158
03050207,12.561094116219945,37.81047484921117,0.563577155479048,0.3456797308680927,0.5634095738182165,0.040070967599936745,0.3163867574287487
03050204,12.443959728942591,37.81047484921117,0.563577155479048,0.3456797308680927,0.5634095738182165,0.039686170046443404,0.31625849157758423
03050203,12.437158798473934,37.81047484921117,0.563577155479048,0.3456797308680927,0.5634095738182165,0.03966382834588351,0.3162510443440643
03050206,12.003261926448463,37.81047484921117,0.563577155479048,0.3456797308680927,0.5634095738182165,0.038238436036206955,0.31577591357417206
18010212,13.488502252243546,73.40729438747324,0.21603096771557664,0.6873886100004114,0.2159667301431186,0.04311759114172136,0.3154909770950838
18010211,13.381505350971054,73.40729438747324,0.21603096771557664,0.6873886100004114,0.2159667301431186,0.04276609618965801,0.3153738121110627
18020111,13.316789221381809,73.40729438747324,0.21603096771557664,0.6873886100004114,0.2159667301431186,0.04255349757607979,0.3153029459065366
16060001,140.86744798139355,7.110150752612784,0.42233889949646064,0.05097437594806938,0.42221331553067487,0.4615694891917697,0.31158572689017133
16060003,138.26096668701518,7.110150752612784,0.42233889949646064,0.05097437594806938,0.42221331553067487,0.453006951335759,0.3087315476048344
13010004,25.9605061721539,3.518585287168569,0.8204573818138815,0.01649742476404219,0.8202134159090377,0.0840893049748011,0.306933381882627
16050104,134.23269945902973,7.110150752612784,0.42233889949646064,0.05097437594806938,0.42221331553067487,0.439773712060977,0.30432046784657374
14050003,20.213245371681793,3.518585287168569,0.8204573818138815,0.01649742476404219,0.8202134159090377,0.06520900904536296,0.3006399499061476
18090201,177.13409880084168,4.729717017767609,0.29239154178399934,0.028123588885242457,0.29230459812471715,0.5807088711708396,0.30037901939359973
10190006,19.694332354671012,3.518585287168569,0.8204573818138815,0.01649742476404219,0.8202134159090377,0.06350433064935276,0.3000717237741442
10190005,19.442392825838184,3.518585287168569,0.8204573818138815,0.01649742476404219,0.8202134159090377,0.06267668544134405,0.2997958420381413
11020003,19.299375742442447,3.518585287168569,0.8204573818138815,0.01649742476404219,0.8202134159090377,0.062206860780306426,0.29963923381779545
11040004,59.16510203270338,6.346833285355868,0.6555453685225819,0.04364696974881275,0.6553504397882652,0.1931695464722939,0.2973889853364573
11020005,14.708838571392802,3.518585287168569,0.8204573818138815,0.01649742476404219,0.8202134159090377,0.04712651150202354,0.29461245072503445
13010005,14.340145963313017,3.518585287168569,0.8204573818138815,0.01649742476404219,0.8202134159090377,0.04591532137350686,0.29420872068219556
10190004,14.330804157099456,3.518585287168569,0.8204573818138815,0.01649742476404219,0.8202134159090377,0.04588463265553307,0.29419849110953766
10190002,14.174759602720743,3.518585287168569,0.8204573818138815,0.01649742476404219,0.8202134159090377,0.04537201151876381,0.2940276173972812
14050001,14.059492209495655,3.518585287168569,0.8204573818138815,0.01649742476404219,0.8202134159090377,0.044993347217515155,0.29390139596353165
14010002,13.938600123692947,3.518585287168569,0.8204573818138815,0.01649742476404219,0.8202134159090377,0.044596205268554935,0.2937690153138783
14010004,13.836930621172758,3.518585287168569,0.8204573818138815,0.01649742476404219,0.8202134159090377,0.04426221132583665,0.2936576839996388
14030004,13.443982711776057,3.518585287168569,0.8204573818138815,0.01649742476404219,0.8202134159090377,0.042971340235794186,0.29322739363629136
14050002,13.3915388161726,3.518585287168569,0.8204573818138815,0.01649742476404219,0.8202134159090377,0.04279905707289953,0.29316996591532646
14010005,13.283112790385376,3.518585287168569,0.8204573818138815,0.01649742476404219,0.8202134159090377,0.04244286731148353,0.29305123599485444
13030202,62.15100001106504,3.4728303179655047,0.6538888862102191,0.016058203523383108,0.6536944500367778,0.2029785040616116,0.2909103858739242
10060002,50.18466960302837,7.105020886580523,0.6444199468162011,0.05092513220116389,0.6442283262653848,0.16366797559653695,0.2862738113543619
18080001,18.546379752504468,64.6025093517999,0.19613537772822137,0.6028677661562862,0.19607705617982657,0.0597331976532492,0.2862260066631207
18080002,17.462911990672463,64.6025093517999,0.19613537772822137,0.6028677661562862,0.19607705617982657,0.0561739034636217,0.2850395752665782
13060006,51.13138972176683,3.6257966898328844,0.6694831656749053,0.017526592220849638,0.6692840924873005,0.16677804083016384,0.28452957517943794
13020209,50.95734083893084,3.6257966898328844,0.6694831656749053,0.017526592220849638,0.6692840924873005,0.16620627376960836,0.28433898615925285
18020002,15.164160767330552,64.6025093517999,0.19613537772822137,0.6028677661562862,0.19607705617982657,0.048622288029485136,0.282522370121866
13050004,64.24763815324147,3.1403351039207097,0.6199923949410107,0.012866441776635373,0.6198080380091568,0.20986615888632162,0.28084687955737125
18010205,13.415891646996615,64.6025093517999,0.19613537772822137,0.6028677661562862,0.19607705617982657,0.04287905842809106,0.2806079602547346
18010207,13.099749586359312,64.6025093517999,0.19613537772822137,0.6028677661562862,0.19607705617982657,0.04184050182385894,0.2802617747199906
18010204,12.443440646830213,64.6025093517999,0.19613537772822137,0.6028677661562862,0.19607705617982657,0.039684464812553104,0.279543095716222
18010208,12.416679502336443,64.6025093517999,0.19613537772822137,0.6028677661562862,0.19607705617982657,0.03959655191891665,0.27951379141834315
17040215,114.40820723999374,9.459917781092098,0.3892631248275418,0.0735307803667476,0.3891473760603591,0.37464837796869127,0.2791088447985993
18010210,11.842025649317394,64.6025093517999,0.19613537772822137,0.6028677661562862,0.19607705617982657,0.03770875959859942,0.27888452731157076
18020004,11.841804551125229,64.6025093517999,0.19613537772822137,0.6028677661562862,0.19607705617982657,0.03770803327010269,0.27888428520207187
18010206,11.746975719905091,64.6025093517999,0.19613537772822137,0.6028677661562862,0.19607705617982657,0.03739651158033843,0.27878044463881707
18020005,11.68961391651344,64.6025093517999,0.19613537772822137,0.6028677661562862,0.19607705617982657,0.03720807262468992,0.2787176316536009
18010209,11.68961391651344,64.6025093517999,0.19613537772822137,0.6028677661562862,0.19607705617982657,0.03720807262468992,0.2787176316536009
13020207,45.303467038117454,3.6257966898328844,0.6694831656749053,0.017526592220849638,0.6692840924873005,0.14763276297673025,0.2781478158949601
13050002,42.04368553455452,3.6257966898328844,0.6694831656749053,0.017526592220849638,0.6692840924873005,0.13692407207348792,0.274578252260546
18030004,161.8081024904182,4.251642910581622,0.26629358068129144,0.02353435396404075,0.26621439734306446,0.5303615220944755,0.27337009113386024
15010012,32.31914889597223,39.04670701063572,0.3488493017434048,0.35754684460766845,0.34874557016947977,0.1049780484133096,0.2704234877301526
13050001,37.6109738451252,3.6257966898328844,0.6694831656749053,0.017526592220849638,0.6692840924873005,0.12236219444659642,0.2697242930515822
13040204,53.57093046271062,3.1403351039207097,0.6199923949410107,0.012866441776635373,0.6198080380091568,0.1747921631607802,0.26915554764885746
13020206,35.163892069197566,3.6257966898328844,0.6694831656749053,0.017526592220849638,0.6692840924873005,0.11432329910200834,0.26704466127005283
15020004,34.93633175594186,3.6257966898328844,0.6694831656749053,0.017526592220849638,0.6692840924873005,0.11357574192560345,0.26679547554458455
15020003,34.30462877594558,3.6257966898328844,0.6694831656749053,0.017526592220849638,0.6692840924873005,0.11150053782126597,0.2661037408431387
13060005,34.23396700066521,3.6257966898328844,0.6694831656749053,0.017526592220849638,0.6692840924873005,0.11126840719860773,0.26602636396891927
11080005,45.90468345593277,6.631280478444527,0.6014919088495942,0.04637749828432375,0.601313053102725,0.1496078158375744,0.26576612240820774
10150002,29.012300806560628,6.346833285355868,0.6555453685225819,0.04364696974881275,0.6553504397882652,0.09411473931888681,0.2643707162853216
10290110,1.1405950535727738,2.9889432716355664,0.7758160452699879,0.011413167748478475,0.7755853536244839,0.0025535467884542887,0.2631840227204722
07110006,1.1401282585025778,2.9889432716355664,0.7758160452699879,0.011413167748478475,0.7755853536244839,0.002552013322448539,0.263183511565137
10290201,1.136037527183273,2.9889432716355664,0.7758160452699879,0.011413167748478475,0.7755853536244839,0.0025385748827191374,0.26317903208522714
11070208,1.1331564883740164,2.9889432716355664,0.7758160452699879,0.011413167748478475,0.7755853536244839,0.002529110397429294,0.2631758772567972
11010006,1.1313139848794904,2.9889432716355664,0.7758160452699879,0.011413167748478475,0.7755853536244839,0.0025230575989857616,0.26317385965731604
10290202,1.1256064644542572,2.9889432716355664,0.7758160452699879,0.011413167748478475,0.7755853536244839,0.002504307853951942,0.26316760974230474
10290107,1.1202530164521685,2.9889432716355664,0.7758160452699879,0.011413167748478475,0.7755853536244839,0.0024867212703547628,0.2631617475477724
11010008,1.1147555988576383,2.9889432716355664,0.7758160452699879,0.011413167748478475,0.7755853536244839,0.002468661733014139,0.2631557277019922
08020202,1.112967505694518,2.9889432716355664,0.7758160452699879,0.011413167748478475,0.7755853536244839,0.0024627876776613104,0.2631537696835412
11010007,1.0771355997010597,2.9889432716355664,0.7758160452699879,0.011413167748478475,0.7755853536244839,0.002345076473600981,0.2631145326155211
11010002,1.0651859509832315,2.9889432716355664,0.7758160452699879,0.011413167748478475,0.7755853536244839,0.002305820746067807,0.26310144737301006
11010011,1.04899459927927,2.9889432716355664,0.7758160452699879,0.011413167748478475,0.7755853536244839,0.0022526306225844088,0.26308371733184893
07140102,0.834035997315629,2.9889432716355664,0.7758160452699879,0.011413167748478475,0.7755853536244839,0.0015464712610119425,0.2628483308779914
13020204,31.252066270844374,3.6257966898328844,0.6694831656749053,0.017526592220849638,0.6692840924873005,0.10147258094924032,0.26276108855246344
11010003,0.6424942803577909,2.9889432716355664,0.7758160452699879,0.011413167748478475,0.7755853536244839,0.0009172385839948147,0.26263858665231904
10290109,0.5366543633360644,2.9889432716355664,0.7758160452699879,0.011413167748478475,0.7755853536244839,0.0005695444347484077,0.2625226886025703
10050016,33.926072123990025,8.56701792475694,0.6119352967057954,0.06495945818000731,0.6117533355806037,0.1102569433746052,0.26232324571173876
13020208,29.121034520446102,3.6257966898328844,0.6694831656749053,0.017526592220849638,0.6692840924873005,0.09447193986484011,0.26042754152433006
18090103,12.94681366859843,5.167761802987199,0.706878599246086,0.03232856546766585,0.7066684063940227,0.04133809285273161,0.26011168823814007
13040207,45.173197220980526,3.1403351039207097,0.6199923949410107,0.012866441776635373,0.6198080380091568,0.1472048142923732,0.2599597646927218
13040209,44.82015729618221,3.1403351039207097,0.6199923949410107,0.012866441776635373,0.6198080380091568,0.14604504471056629,0.2595731748321195
13070004,44.6334541904624,3.1403351039207097,0.6199923949410107,0.012866441776635373,0.6198080380091568,0.14543170732962724,0.25936872903847313
10250006,23.22741252219236,6.346833285355868,0.6555453685225819,0.04364696974881275,0.6553504397882652,0.07511083354195726,0.25803608102634507
15010005,19.700202372291795,39.04670701063572,0.3488493017434048,0.35754684460766845,0.34874557016947977,0.06352361421306059,0.25660534299673626
10260002,35.908151749884105,6.7639902562937735,0.5984896951550241,0.047651435395194605,0.5983117321270173,0.11676826262594599,0.25424381004938595
10110204,24.620013064325867,6.8204232440754655,0.6343308144017822,0.048193159438272175,0.6341421938901797,0.07968565818621506,0.25400700383822233
10260004,35.54351312759883,6.7639902562937735,0.5984896951550241,0.047651435395194605,0.5983117321270173,0.11557039022463036,0.2538445192489474
13060002,34.58904826273521,6.631280478444527,0.6014919088495942,0.04637749828432375,0.601313053102725,0.11243488276664343,0.2533751447178974
11040002,18.070311648951158,6.346833285355868,0.6555453685225819,0.04364696974881275,0.6553504397882652,0.058169268854870226,0.2523888927973161
11080007,33.445126453797194,6.631280478444527,0.6014919088495942,0.04637749828432375,0.601313053102725,0.10867699130796561,0.2521225142316715
10060007,22.52929757759544,6.8204232440754655,0.6343308144017822,0.048193159438272175,0.6341421938901797,0.07281745984545292,0.2517176043913016
11030002,33.51062837025981,6.7639902562937735,0.5984896951550241,0.047651435395194605,0.5983117321270173,0.10889217130582789,0.2516184462760132
10060003,32.898960147979786,6.7639902562937735,0.5984896951550241,0.047651435395194605,0.5983117321270173,0.10688278327765079,0.2509486502666209
10250005,15.343147305585578,6.346833285355868,0.6555453685225819,0.04364696974881275,0.6553504397882652,0.04921027575563165,0.24940256176423656
13060008,17.89062768277261,3.6257966898328844,0.6694831656749053,0.017526592220849638,0.6692840924873005,0.057578990011956495,0.24812989157336887
10060006,29.996119371252384,6.7639902562937735,0.5984896951550241,0.047651435395194605,0.5983117321270173,0.09734667646026894,0.24776994799416027
10130304,13.768341768408705,6.346833285355868,0.6555453685225819,0.04364696974881275,0.6553504397882652,0.044036890449926584,0.24767809999566817
13040206,33.88418049337573,3.1403351039207097,0.6199923949410107,0.012866441776635373,0.6198080380091568,0.1101193254013788,0.24759793506239033
15010011,82.01739175819573,7.110150752612784,0.42233889949646064,0.05097437594806938,0.42221331553067487,0.26824148207109466,0.24714305784994628
17020013,181.09130004157547,7.785762289663054,0.08972067950362798,0.05745985594456633,0.0896940007421914,0.5937086519483634,0.24695416954504038
10120108,12.615006438404773,6.346833285355868,0.6555453685225819,0.04364696974881275,0.6553504397882652,0.04024807468319442,0.24641516140675748
11040001,27.812715650259012,6.631280478444527,0.6014919088495942,0.04637749828432375,0.601313053102725,0.090173988493437,0.24595484662682857
12050001,28.05951827673702,6.7639902562937735,0.5984896951550241,0.047651435395194605,0.5983117321270173,0.09098475849080419,0.24564930867100535
13060004,28.040209518445998,6.7639902562937735,0.5984896951550241,0.047651435395194605,0.5983117321270173,0.09092132739149954,0.2456281649712371
10110102,17.038533912813243,7.009405848473602,0.6315424444078354,0.05000728313701951,0.6313546530279144,0.054779781294102256,0.24538057248634537
11040003,27.584740339582915,6.7639902562937735,0.5984896951550241,0.047651435395194605,0.5983117321270173,0.08942506801121061,0.24512941184447415
10250007,11.346597019272492,6.346833285355868,0.6555453685225819,0.04364696974881275,0.6553504397882652,0.03608122963747507,0.24502621305818437
11080008,26.95716741667118,6.631280478444527,0.6014919088495942,0.04637749828432375,0.601313053102725,0.08736343153546504,0.2450179943075046
17020015,181.0454451135384,7.534248784135115,0.08595073984877805,0.055045471761501534,0.08592518209223396,0.5935580141678242,0.2448428893405199
10120113,11.03216022812703,6.346833285355868,0.6555453685225819,0.04364696974881275,0.6553504397882652,0.035048275004993176,0.24468189484735706
13070002,30.955477968671012,3.1403351039207097,0.6199923949410107,0.012866441776635373,0.6198080380091568,0.10049826029307961,0.24439091335962393
10050015,17.412877772831738,8.56701792475694,0.6119352967057954,0.06495945818000731,0.6117533355806037,0.05600953632034655,0.24424077669365252
15040004,14.217465118401291,3.6257966898328844,0.6694831656749053,0.017526592220849638,0.6692840924873005,0.04551230318149848,0.24410766262988284
10190016,9.98395171353988,6.346833285355868,0.6555453685225819,0.04364696974881275,0.6553504397882652,0.03160481078121261,0.2435340734394302
10140103,9.810868083334267,6.346833285355868,0.6555453685225819,0.04364696974881275,0.6553504397882652,0.031036214666946317,0.24334454140134143
11080004,12.99333408202146,3.6257966898328844,0.6694831656749053,0.017526592220849638,0.6692840924873005,0.04149091681577753,0.24276720050797587
15040001,12.5202368767493,3.6257966898328844,0.6694831656749053,0.017526592220849638,0.6692840924873005,0.039936747699562236,0.24224914413590412
10250012,24.90126888848924,6.7639902562937735,0.5984896951550241,0.047651435395194605,0.5983117321270173,0.08060961020030259,0.2421909259075048
13070010,28.88842573912796,3.1403351039207097,0.6199923949410107,0.012866441776635373,0.6198080380091568,0.09370779799281792,0.24212742592620337
12080001,24.67900969448889,6.7639902562937735,0.5984896951550241,0.047651435395194605,0.5983117321270173,0.07987946770260693,0.24194754507493957
11090103,23.932237938882015,6.631280478444527,0.6014919088495942,0.04637749828432375,0.601313053102725,0.0774262517746912,0.24170560105391334
11090104,23.60204845075822,6.631280478444527,0.6014919088495942,0.04637749828432375,0.601313053102725,0.0763415480410352,0.24134403314269467
10130301,12.969350771877282,6.8204232440754655,0.6343308144017822,0.048193159438272175,0.6341421938901797,0.04141212937100864,0.24124916089982018
12080006,23.466811410572376,6.7639902562937735,0.5984896951550241,0.047651435395194605,0.5983117321270173,0.0758972815586232,0.24062014969361167
11080003,11.010081492028995,3.6257966898328844,0.6694831656749053,0.017526592220849638,0.6692840924873005,0.03497574426630726,0.24059547632481912
10210001,7.290742812299843,6.346833285355868,0.6555453685225819,0.04364696974881275,0.6553504397882652,0.022757364524548577,0.24058492468720885
12080003,23.34047050389934,6.7639902562937735,0.5984896951550241,0.047651435395194605,0.5983117321270173,0.07548223971716292,0.24048180241312492
10210002,6.890341507408176,6.346833285355868,0.6555453685225819,0.04364696974881275,0.6553504397882652,0.021442008324553813,0.24014647262054392
12050002,22.835412533735834,6.7639902562937735,0.5984896951550241,0.047651435395194605,0.5983117321270173,0.07382307646196054,0.2399287479947241
10160009,6.532757166826504,6.346833285355868,0.6555453685225819,0.04364696974881275,0.6553504397882652,0.02026730990659436,0.2397549064812241
10120110,6.440060131098284,6.346833285355868,0.6555453685225819,0.04364696974881275,0.6553504397882652,0.019962791366877713,0.23965340030131857
13020101,10.125989346183326,3.6257966898328844,0.6694831656749053,0.017526592220849638,0.6692840924873005,0.03207141785378617,0.23962736752064542
13020203,10.09979037970943,3.6257966898328844,0.6694831656749053,0.017526592220849638,0.6692840924873005,0.031985351768176844,0.2395986788254423
11100101,21.943129874719446,6.631280478444527,0.6014919088495942,0.04637749828432375,0.601313053102725,0.07089184343812568,0.23952746494172483
13020211,9.7655938917032,3.6257966898328844,0.6694831656749053,0.017526592220849638,0.6692840924873005,0.03088748466048995,0.23923272312288002
10260001,22.121495281161785,6.7639902562937735,0.5984896951550241,0.047651435395194605,0.5983117321270173,0.07147779068745344,0.2391469860698884
10130205,10.972413974352285,6.8204232440754655,0.6343308144017822,0.048193159438272175,0.6341421938901797,0.03485200290405601,0.23906245207750262
10210006,5.8326770536090295,6.346833285355868,0.6555453685225819,0.04364696974881275,0.6553504397882652,0.017967480445092505,0.23898829666072352
10120202,5.75177767164984,6.346833285355868,0.6555453685225819,0.04364696974881275,0.6553504397882652,0.01770171831511005,0.23889970928406268
10130201,10.6867668989969,6.8204232440754655,0.6343308144017822,0.048193159438272175,0.6341421938901797,0.03391362521400144,0.23874965951415109
09020201,6.052024847581463,6.842553633785157,0.6483860322405153,0.04840559837974367,0.6481932323601681,0.018688058718020154,0.23842896315264397
10130204,10.288572314784089,6.8204232440754655,0.6343308144017822,0.048193159438272175,0.6341421938901797,0.03260551830038794,0.23831362387627994
10150004,5.124576647736078,6.346833285355868,0.6555453685225819,0.04364696974881275,0.6553504397882652,0.015641303562787395,0.2382129043666218
13040202,25.199029661384646,3.1403351039207097,0.6199923949410107,0.012866441776635373,0.6198080380091568,0.08158778253380478,0.23808742077319897
10120109,4.642458829583535,6.346833285355868,0.6555453685225819,0.04364696974881275,0.6553504397882652,0.014057500879111139,0.23768497013872972
10160005,5.070307505193011,6.68705429035868,0.6506317986181877,0.046912894620326086,0.6504383309512638,0.015463024290866097,0.237604749954152
10270203,4.50782567705314,6.346833285355868,0.6555453685225819,0.04364696974881275,0.6553504397882652,0.013615218224828559,0.2375375425873022
12080005,51.508831563245835,4.623028193636296,0.5176416202109523,0.027099437880103647,0.5174876976440295,0.16801797301884933,0.23753503618099414
10120106,4.391862148353768,6.346833285355868,0.6555453685225819,0.04364696974881275,0.6553504397882652,0.013234267052630807,0.23741055886323625
10180009,4.386043424688861,6.346833285355868,0.6555453685225819,0.04364696974881275,0.6553504397882652,0.013215151994424983,0.23740418717716769
10270204,4.274071954377165,6.346833285355868,0.6555453685225819,0.04364696974881275,0.6553504397882652,0.012847315112033034,0.23728157488303703
09020313,4.976684323192076,6.842553633785157,0.6483860322405153,0.04840559837974367,0.6481932323601681,0.015155463272948122,0.23725143133761997
09020202,9.16202672674092,6.8204232440754655,0.6343308144017822,0.048193159438272175,0.6341421938901797,0.028904709372679145,0.23708002090037703
09020310,4.635726606450615,6.842553633785157,0.6483860322405153,0.04840559837974367,0.6481932323601681,0.01403538488865494,0.23687807187618892
13070006,24.00244448764754,3.1403351039207097,0.6199923949410107,0.012866441776635373,0.6198080380091568,0.07765688693514343,0.23677712224031186
09010005,8.860526784432237,6.8204232440754655,0.6343308144017822,0.048193159438272175,0.6341421938901797,0.02791425351359774,0.23674986894734987
10100004,1.4654392781784307,7.82722660318832,0.6486781041525121,0.05785788937234154,0.6484852174235488,0.0036206908253178793,0.2366545992070694
09020308,4.425020282636036,6.842553633785157,0.6483860322405153,0.04840559837974367,0.6481932323601681,0.013343194663444266,0.23664734180111868
10130305,8.752951519559925,6.8204232440754655,0.6343308144017822,0.048193159438272175,0.6341421938901797,0.027560858582344562,0.23663207063693215
10130202,8.618398319068755,6.8204232440754655,0.6343308144017822,0.048193159438272175,0.6341421938901797,0.027118838578081377,0.2364847306355111
10130302,8.83472859246477,7.009405848473602,0.6315424444078354,0.05000728313701951,0.6313546530279144,0.027829504010190798,0.23639714672504156
10160006,3.416776491965105,6.346833285355868,0.6555453685225819,0.04364696974881275,0.6553504397882652,0.0100310183419309,0.23634280929300297
10170103,3.90995936678668,6.68705429035868,0.6506317986181877,0.046912894620326086,0.6504383309512638,0.011651170784499279,0.2363341321186964
09020205,4.137017984963495,6.842553633785157,0.6483860322405153,0.04840559837974367,0.6481932323601681,0.012397079845065212,0.23633197019499233
09020109,4.076616877222214,6.842553633785157,0.6483860322405153,0.04840559837974367,0.6481932323601681,0.012198656486840792,0.23626582907558422
09020307,3.9616904091768976,6.842553633785157,0.6483860322405153,0.04840559837974367,0.6481932323601681,0.011821112157089399,0.23613998096566705
10120111,3.18516232266186,6.346833285355868,0.6555453685225819,0.04364696974881275,0.6553504397882652,0.009270143864556036,0.23608918446721136
16020308,96.59644459178342,6.736411075448544,0.34439832294449446,0.04738669121028558,0.3442959148848606,0.316135051099046,0.23593921906473073
09020203,3.6285861825813956,6.842553633785157,0.6483860322405153,0.04840559837974367,0.6481932323601681,0.010726833231561417,0.23577522132382442
09020309,3.5555632839070164,6.842553633785157,0.6483860322405153,0.04840559837974367,0.6481932323601681,0.010486946094982475,0.23569525894496476
10130103,7.865076456116401,6.8204232440754655,0.6343308144017822,0.048193159438272175,0.6341421938901797,0.024644104927315474,0.23565981941858913
09020312,3.4752109005062395,6.842553633785157,0.6483860322405153,0.04840559837974367,0.6481932323601681,0.010222980907058912,0.23560727054899022
10140101,2.7131940461012776,6.346833285355868,0.6555453685225819,0.04364696974881275,0.6553504397882652,0.007719683386054918,0.23557236430771097
10130106,7.710881654919759,6.8204232440754655,0.6343308144017822,0.048193159438272175,0.6341421938901797,0.024137560404899797,0.23549097124445054
10160002,7.443459536889056,6.8204232440754655,0.6343308144017822,0.048193159438272175,0.6341421938901797,0.023259053425351894,0.23519813558460126
09020314,3.086575280479231,6.842553633785157,0.6483860322405153,0.04840559837974367,0.6481932323601681,0.008946276095920386,0.2351817022786107
10170202,2.7615922331130114,6.68705429035868,0.6506317986181877,0.046912894620326086,0.6504383309512638,0.00787867601314342,0.23507663386157776
09020302,2.9901646344958666,6.842553633785157,0.6483860322405153,0.04840559837974367,0.6481932323601681,0.008629557994879158,0.23507612957826365
09020304,2.8889555382588874,6.842553633785157,0.6483860322405153,0.04840559837974367,0.6481932323601681,0.008297076530396429,0.23496530242343608
09020108,2.8472784854639515,6.842553633785157,0.6483860322405153,0.04840559837974367,0.6481932323601681,0.008160163465624672,0.2349196647351788
07020002,2.819312420058123,6.842553633785157,0.6483860322405153,0.04840559837974367,0.6481932323601681,0.008068292292699878,0.23488904101087058
09030007,2.8130235173350346,6.842553633785157,0.6483860322405153,0.04840559837974367,0.6481932323601681,0.00804763265176735,0.23488215446389304
09020305,2.793628931502838,6.842553633785157,0.6483860322405153,0.04840559837974367,0.6481932323601681,0.00798391960086305,0.2348609167802583
10130104,7.091651760084403,6.8204232440754655,0.6343308144017822,0.048193159438272175,0.6341421938901797,0.022103331566374493,0.2348128949649421
07020001,2.509908447158376,6.68705429035868,0.6506317986181877,0.046912894620326086,0.6504383309512638,0.007051870944705504,0.23480103217209847
07010102,2.6918708626804433,6.842553633785157,0.6483860322405153,0.04840559837974367,0.6481932323601681,0.007649634709455803,0.23474948848312252
10280201,1.6809072769947664,6.704359198557442,0.6529558037084967,0.047079011730247394,0.6527616449904381,0.004328523603785506,0.23472306010815702
07110002,1.668341223565054,6.704359198557442,0.6529558037084967,0.047079011730247394,0.6527616449904381,0.004287242928407313,0.23470929988303094
10280203,1.6614630503403112,6.704359198557442,0.6529558037084967,0.047079011730247394,0.6527616449904381,0.004264647478079669,0.23470176806625506
09020103,2.644030608073994,6.842553633785157,0.6483860322405153,0.04840559837974367,0.6481932323601681,0.007492474943148481,0.23469710189435344
07140103,1.656036710875157,6.704359198557442,0.6529558037084967,0.047079011730247394,0.6527616449904381,0.004246821439124332,0.23469582605326997
07110008,1.6494136982644547,6.704359198557442,0.6529558037084967,0.047079011730247394,0.6527616449904381,0.004225064215574604,0.23468857364542003
09010002,6.967220803143436,6.8204232440754655,0.6343308144017822,0.048193159438272175,0.6341421938901797,0.02169456409063446,0.23467663913969541
07110005,1.6312465002049588,6.704359198557442,0.6529558037084967,0.047079011730247394,0.6527616449904381,0.004165383249723215,0.23466867999013627
07020005,2.584180287258112,6.842553633785157,0.6483860322405153,0.04840559837974367,0.6481932323601681,0.007295860972127218,0.234631563904013
09030006,2.583197955151637,6.842553633785157,0.6483860322405153,0.04840559837974367,0.6481932323601681,0.007292633918141829,0.2346304882193512
07140107,1.5413219319958915,6.704359198557442,0.6529558037084967,0.047079011730247394,0.6527616449904381,0.0038699725283279605,0.23457020974967116
09030005,2.456197410352313,6.842553633785157,0.6483860322405153,0.04840559837974367,0.6481932323601681,0.0068754251029765,0.2344914186142961
07010105,2.4542497106891092,6.842553633785157,0.6483860322405153,0.04840559837974367,0.6481932323601681,0.006869026725157986,0.23448928582168993
09010004,6.785990399110725,6.8204232440754655,0.6343308144017822,0.048193159438272175,0.6341421938901797,0.021099205052939815,0.23447818612713056
10160001,6.741668212122921,6.8204232440754655,0.6343308144017822,0.048193159438272175,0.6341421938901797,0.020953602471880522,0.23442965193344412
08020204,1.411128124868637,6.704359198557442,0.6529558037084967,0.047079011730247394,0.6527616449904381,0.0034422735440499475,0.23442764342157849
07010108,2.383290329300179,6.842553633785157,0.6483860322405153,0.04840559837974367,0.6481932323601681,0.006635918438253237,0.23441158305938836
08020201,1.3908426705877508,6.704359198557442,0.6529558037084967,0.047079011730247394,0.6527616449904381,0.003375633905936647,0.23440543020887405
07020008,2.3057606878790398,6.842553633785157,0.6483860322405153,0.04840559837974367,0.6481932323601681,0.006381226225014177,0.2343266856549753
09030002,2.3029285579879923,6.842553633785157,0.6483860322405153,0.04840559837974367,0.6481932323601681,0.006371922410151766,0.23432358438335452
07010107,2.3022097041144414,6.842553633785157,0.6483860322405153,0.04840559837974367,0.6481932323601681,0.006369560907109909,0.23432279721567392
10160010,2.0712113348596546,6.68705429035868,0.6506317986181877,0.046912894620326086,0.6504383309512638,0.005610709391203454,0.23432064498759778
04090004,2.277015489582502,6.842553633785157,0.6483860322405153,0.04840559837974367,0.6481932323601681,0.006286795526768426,0.2342952087555601
07010202,2.24628142220662,6.842553633785157,0.6483860322405153,0.04840559837974367,0.6481932323601681,0.0061858312052738675,0.23426155398172854
07100001,2.211270126480512,6.842553633785157,0.6483860322405153,0.04840559837974367,0.6481932323601681,0.006070815783644195,0.234223215507852
07080107,1.1976631406503555,6.704359198557442,0.6529558037084967,0.047079011730247394,0.6527616449904381,0.002741020858199511,0.234193892526295
09030001,2.176565779328824,6.842553633785157,0.6483860322405153,0.04840559837974367,0.6481932323601681,0.00595680871714601,0.2341852131523526
07110003,1.1883325181551194,6.704359198557442,0.6529558037084967,0.047079011730247394,0.6527616449904381,0.0027103688797993904,0.23418367520016162
07010205,2.1491946103868695,6.842553633785157,0.6483860322405153,0.04840559837974367,0.6481932323601681,0.0058668918354349365,0.23415524085844894
07020010,2.1363593960513603,6.842553633785157,0.6483860322405153,0.04840559837974367,0.6481932323601681,0.005824726940994741,0.23414118589363553
07030003,2.1043825876742783,6.842553633785157,0.6483860322405153,0.04840559837974367,0.6481932323601681,0.005719680097637876,0.23410617027918323
10280103,1.1144842399163264,6.704359198557442,0.6529558037084967,0.047079011730247394,0.6527616449904381,0.0024677702931973403,0.23410280900462763
07010207,2.0881006922146446,6.842553633785157,0.6483860322405153,0.04840559837974367,0.6481932323601681,0.005666192529343635,0.23408834108975182
07030004,2.0868897809569216,6.842553633785157,0.6483860322405153,0.04840559837974367,0.6481932323601681,0.005662214571202564,0.23408701510370478
10290203,1.0938218294453381,6.704359198557442,0.6529558037084967,0.047079011730247394,0.6527616449904381,0.002399892318306113,0.23408018301299718
05140206,1.0587671103905394,6.820422908834125,0.65192386397417,0.0481931562201492,0.6517300121070418,0.0022847342469299982,0.23406930085804034
07110007,1.0794907645891616,6.704359198557442,0.6529558037084967,0.047079011730247394,0.6527616449904381,0.0023528134132655837,0.23406449004465035
07030002,2.0571993374833553,6.842553633785157,0.6483860322405153,0.04840559837974367,0.6481932323601681,0.0055646786530463635,0.23405450313098605
07050003,2.0361948740703144,6.842553633785157,0.6483860322405153,0.04840559837974367,0.6481932323601681,0.005495677001851991,0.2340315025805879
07100009,1.04471006101476,6.704359198557442,0.6529558037084967,0.047079011730247394,0.6527616449904381,0.0022385555086887063,0.23402640407645806
10300200,1.04471006101476,6.704359198557442,0.6529558037084967,0.047079011730247394,0.6527616449904381,0.0022385555086887063,0.23402640407645806
10290111,1.04471006101476,6.704359198557442,0.6529558037084967,0.047079011730247394,0.6527616449904381,0.0022385555086887063,0.23402640407645806
07110004,1.04471006101476,6.704359198557442,0.6529558037084967,0.047079011730247394,0.6527616449904381,0.0022385555086887063,0.23402640407645806
10300102,1.04471006101476,6.704359198557442,0.6529558037084967,0.047079011730247394,0.6527616449904381,0.0022385555086887063,0.23402640407645806
07110001,1.04471006101476,6.704359198557442,0.6529558037084967,0.047079011730247394,0.6527616449904381,0.0022385555086887063,0.23402640407645806
07070001,2.0252363515938976,6.842553633785157,0.6483860322405153,0.04840559837974367,0.6481932323601681,0.005459677217870176,0.234019502652594
07050004,1.9781813279594065,6.842553633785157,0.6483860322405153,0.04840559837974367,0.6481932323601681,0.005305097009658132,0.2339679759165233
07100003,1.9727917764159335,6.842553633785157,0.6483860322405153,0.04840559837974367,0.6481932323601681,0.005287391822508912,0.23396207418747358
04030102,1.9450014503848503,6.842553633785157,0.6483860322405153,0.04840559837974367,0.6481932323601681,0.005196097970070666,0.2339316429033275
10130303,6.28474589167895,6.8204232440754655,0.6343308144017822,0.048193159438272175,0.6341421938901797,0.019452569383902493,0.23392930757078478
04080205,1.9317441192550353,6.842553633785157,0.6483860322405153,0.04840559837974367,0.6481932323601681,0.005152546381991542,0.23391712570730114
07070006,1.926913723966871,6.842553633785157,0.6483860322405153,0.04840559837974367,0.6481932323601681,0.0051366780760867155,0.23391183627199952
07010101,1.9228715973979562,6.842553633785157,0.6483860322405153,0.04840559837974367,0.6481932323601681,0.00512339930756466,0.2339074100158255
04080102,1.9200552178423147,6.842553633785157,0.6483860322405153,0.04840559837974367,0.6481932323601681,0.005114147234045434,0.23390432599131908
04040001,1.9161696605192784,6.842553633785157,0.6483860322405153,0.04840559837974367,0.6481932323601681,0.005101382810321406,0.23390007118341105
07020011,1.9016876660100863,6.842553633785157,0.6483860322405153,0.04840559837974367,0.6481932323601681,0.005053808087079409,0.23388421294233042
04070006,1.8984670918854576,6.842553633785157,0.6483860322405153,0.04840559837974367,0.6481932323601681,0.005043228196128456,0.23388068631201342
04030101,1.8955493401816805,6.842553633785157,0.6483860322405153,0.04840559837974367,0.6481932323601681,0.005033643105503821,0.2338774912818052
04080103,1.8922676306182336,6.842553633785157,0.6483860322405153,0.04840559837974367,0.6481932323601681,0.005022862378847523,0.2338738977062531
07040005,1.8893287067348155,6.842553633785157,0.6483860322405153,0.04840559837974367,0.6481932323601681,0.005013207735608005,0.23387067949183993
07050006,1.8884141986644132,6.842553633785157,0.6483860322405153,0.04840559837974367,0.6481932323601681,0.005010203490003275,0.23386967807663836
04070003,1.885007044085549,6.842553633785157,0.6483860322405153,0.04840559837974367,0.6481932323601681,0.004999010664593123,0.23386594713483497
07070004,1.8825541840692837,6.842553633785157,0.6483860322405153,0.04840559837974367,0.6481932323601681,0.004990952787181892,0.2338632611756979
07040007,1.8807130827840115,6.842553633785157,0.6483860322405153,0.04840559837974367,0.6481932323601681,0.004984904595128532,0.23386124511168013
07040002,1.8717223059934616,6.842553633785157,0.6483860322405153,0.04840559837974367,0.6481932323601681,0.004955369042047807,0.23385139992731988
07050007,1.8712921985557374,6.842553633785157,0.6483860322405153,0.04840559837974367,0.6481932323601681,0.004953956098388627,0.23385092894610016
10240009,1.8662026141318757,6.842553633785157,0.6483860322405153,0.04840559837974367,0.6481932323601681,0.004937236331630787,0.2338453556905142
04030109,1.86339881066162,6.842553633785157,0.6483860322405153,0.04840559837974367,0.6481932323601681,0.004928025571742866,0.23384228543721822
04010202,1.8319515957216834,6.842553633785157,0.6483860322405153,0.04840559837974367,0.6481932323601681,0.004824718492973466,0.2338078497442951
04030112,1.8297223241912859,6.842553633785157,0.6483860322405153,0.04840559837974367,0.6481932323601681,0.004817395124909585,0.23380540862160712
04050005,1.8261641184634223,6.842553633785157,0.6483860322405153,0.04840559837974367,0.6481932323601681,0.004805706082172153,0.23380151227402798
07040004,1.8252791998909919,6.842553633785157,0.6483860322405153,0.04840559837974367,0.6481932323601681,0.004802799040870048,0.2338005432602606
04070005,1.8177704501113574,6.842553633785157,0.6483860322405153,0.04840559837974367,0.6481932323601681,0.004778132086851195,0.23379232094225433
07090001,1.817402142461115,6.842553633785157,0.6483860322405153,0.04840559837974367,0.6481932323601681,0.004776922161345625,0.23379191763375248
04030106,1.8151115054147022,6.842553633785157,0.6483860322405153,0.04840559837974367,0.6481932323601681,0.00476939720175102,0.23378940931388761
07080207,1.8101955492443786,6.842553633785157,0.6483860322405153,0.04840559837974367,0.6481932323601681,0.0047532478202466635,0.23378402618671948
04070007,1.8034982613224186,6.842553633785157,0.6483860322405153,0.04840559837974367,0.6481932323601681,0.004731246595266431,0.23377669244505941
07040008,1.7981767342360775,6.842553633785157,0.6483860322405153,0.04840559837974367,0.6481932323601681,0.004713764874900029,0.23377086520493728
07080105,1.7977219894375307,6.842553633785157,0.6483860322405153,0.04840559837974367,0.6481932323601681,0.00471227099517767,0.23377036724502984
04040003,1.7831455315705154,6.842553633785157,0.6483860322405153,0.04840559837974367,0.6481932323601681,0.004664385950860622,0.2337544055635908
07060002,1.78220843479976,6.842553633785157,0.6483860322405153,0.04840559837974367,0.6481932323601681,0.004661307499236341,0.23375337941304938
04030111,1.779187616386395,6.842553633785157,0.6483860322405153,0.04840559837974367,0.6481932323601681,0.004651383824711471,0.23375007152154106
07080106,1.7789965271281096,6.842553633785157,0.6483860322405153,0.04840559837974367,0.6481932323601681,0.004650756078404036,0.23374986227277195
07140104,1.7781961369667216,6.842553633785157,0.6483860322405153,0.04840559837974367,0.6481932323601681,0.004648126720936079,0.2337489858202826
04010102,1.7759522428962042,6.842553633785157,0.6483860322405153,0.04840559837974367,0.6481932323601681,0.004640755316443316,0.23374652868545173
07080201,1.7757700364144335,6.842553633785157,0.6483860322405153,0.04840559837974367,0.6481932323601681,0.004640156750897829,0.2337463291636032
04080101,1.774984379618585,6.842553633785157,0.6483860322405153,0.04840559837974367,0.6481932323601681,0.00463757579393075,0.2337454688446142
04030105,1.7686886452779607,6.842553633785157,0.6483860322405153,0.04840559837974367,0.6481932323601681,0.0046168937104877385,0.23373857481679985
07080203,1.7645780822637755,6.842553633785157,0.6483860322405153,0.04840559837974367,0.6481932323601681,0.004603390121762821,0.2337340736205582
04050004,1.7623399237483535,6.842553633785157,0.6483860322405153,0.04840559837974367,0.6481932323601681,0.004596037559111637,0.23373162276634116
07060004,1.7609378181322386,6.842553633785157,0.6483860322405153,0.04840559837974367,0.6481932323601681,0.004591431509399329,0.23373008741643705
04020104,1.743707861604708,6.842553633785157,0.6483860322405153,0.04840559837974367,0.6481932323601681,0.004534829470726504,0.23371122007021275
04030104,1.7432468144642208,6.842553633785157,0.6483860322405153,0.04840559837974367,0.6481932323601681,0.004533314887214111,0.23371071520904196
10160007,6.084131628379602,6.8204232440754655,0.6343308144017822,0.048193159438272175,0.6341421938901797,0.018793532533087094,0.233709628620513
04030107,1.7419150746496868,6.842553633785157,0.6483860322405153,0.04840559837974367,0.6481932323601681,0.004528939995822832,0.23370925691191155
07060006,1.7362350880035942,6.842553633785157,0.6483860322405153,0.04840559837974367,0.6481932323601681,0.0045102807018606245,0.2337030371472575
04030110,1.7317549312843898,6.842553633785157,0.6483860322405153,0.04840559837974367,0.6481932323601681,0.00449556296281842,0.2336981312342434
07130005,1.7294812516487241,6.842553633785157,0.6483860322405153,0.04840559837974367,0.6481932323601681,0.004488093709923793,0.2336956414832785
04070002,1.727007580678438,6.842553633785157,0.6483860322405153,0.04840559837974367,0.6481932323601681,0.0044799674665580436,0.23369293273548997
07130007,1.7233099686083893,6.842553633785157,0.6483860322405153,0.04840559837974367,0.6481932323601681,0.004467820460786347,0.23368888373356603
07080102,1.7192742176982976,6.842553633785157,0.6483860322405153,0.04840559837974367,0.6481932323601681,0.004454562636907227,0.23368446445893967
04020102,1.7158352602483307,6.842553633785157,0.6483860322405153,0.04840559837974367,0.6481932323601681,0.004443265336054134,0.23368069869198863
04060106,1.7144006271051413,6.842553633785157,0.6483860322405153,0.04840559837974367,0.6481932323601681,0.004438552430335401,0.23367912772341573
04020105,1.7138436439813127,6.842553633785157,0.6483860322405153,0.04840559837974367,0.6481932323601681,0.0044367226880336905,0.23367851780931517
07130004,1.7134217326723558,6.842553633785157,0.6483860322405153,0.04840559837974367,0.6481932323601681,0.00443533666943359,0.23367805580311515
07090004,1.7082536553518612,6.842553633785157,0.6483860322405153,0.04840559837974367,0.6481932323601681,0.004418359046077932,0.2336723965953299
04010301,1.7053480666985061,6.842553633785157,0.6483860322405153,0.04840559837974367,0.6481932323601681,0.0044088139122256354,0.2336692148840458
04010101,1.702323816454491,6.842553633785157,0.6483860322405153,0.04840559837974367,0.6481932323601681,0.004398878963812124,0.23366590323457462
07130009,1.7023218184001658,6.842553633785157,0.6483860322405153,0.04840559837974367,0.6481932323601681,0.004398872400014474,0.2336659010466421
04030202,1.7009565838662462,6.842553633785157,0.6483860322405153,0.04840559837974367,0.6481932323601681,0.004394387475298446,0.23366440607173675
07130012,1.6981379229073899,6.842553633785157,0.6483860322405153,0.04840559837974367,0.6481932323601681,0.004385127907153637,0.2336613195490218
07130010,1.692799249262014,6.842553633785157,0.6483860322405153,0.04840559837974367,0.6481932323601681,0.004367589858717223,0.23365547353287633
04020201,1.6843159090126294,6.842553633785157,0.6483860322405153,0.04840559837974367,0.6481932323601681,0.004339721282722665,0.2336461840075448
07010106,1.6792960324658617,6.842553633785157,0.6483860322405153,0.04840559837974367,0.6481932323601681,0.004323230512941619,0.23364068708428445
04030103,1.6786491424379588,6.842553633785157,0.6483860322405153,0.04840559837974367,0.6481932323601681,0.0043211054179468685,0.2336399787192862
07130006,1.6772343288152054,6.842553633785157,0.6483860322405153,0.04840559837974367,0.6481932323601681,0.004316457621229449,0.23363842945371374
04020202,1.6711823897649125,6.842553633785157,0.6483860322405153,0.04840559837974367,0.6481932323601681,0.004296576428399803,0.23363180238943718
04010201,1.6691737643006053,6.842553633785157,0.6483860322405153,0.04840559837974367,0.6481932323601681,0.004289977903555687,0.23362960288115583
07120002,1.6544053107724905,6.842553633785157,0.6483860322405153,0.04840559837974367,0.6481932323601681,0.004241462135312134,0.233613430958408
07140203,1.6536622613196386,6.842553633785157,0.6483860322405153,0.04840559837974367,0.6481932323601681,0.004239021147501228,0.23361261729580432
09010001,5.993862852206346,6.8204232440754655,0.6343308144017822,0.048193159438272175,0.6341421938901797,0.018496991055936923,0.23361078146146294
07140201,1.651850004545287,6.842553633785157,0.6483860322405153,0.04840559837974367,0.6481932323601681,0.0042330677123974874,0.23361063281743644
04090003,1.6505357973774584,6.842553633785157,0.6483860322405153,0.04840559837974367,0.6481932323601681,0.004228750417410777,0.23360919371910752
04060102,1.6419833758324238,6.842553633785157,0.6483860322405153,0.04840559837974367,0.6481932323601681,0.004200654902818801,0.23359982854757688
04060103,1.6410774074901051,6.842553633785157,0.6483860322405153,0.04840559837974367,0.6481932323601681,0.004197678711029441,0.2335988364836471
05120109,1.6406182679460748,6.842553633785157,0.6483860322405153,0.04840559837974367,0.6481932323601681,0.004196170394152036,0.2335983337113546
04010302,1.6397405189199463,6.842553633785157,0.6483860322405153,0.04840559837974367,0.6481932323601681,0.0041932869054884065,0.23359737254846671
07120006,1.636259126806667,6.842553633785157,0.6483860322405153,0.04840559837974367,0.6481932323601681,0.004181850202748255,0.23359356031422004
04060105,1.6326140812600092,6.842553633785157,0.6483860322405153,0.04840559837974367,0.6481932323601681,0.004169875882983346,0.23358956887429838
12040103,1.628578750322167,6.842553633785157,0.6483860322405153,0.04840559837974367,0.6481932323601681,0.004156619438752831,0.23358515005955485
04040002,1.6250821595571312,6.842553633785157,0.6483860322405153,0.04840559837974367,0.6481932323601681,0.004145132807002521,0.2335813211823048
04080202,1.6159648987671174,6.842553633785157,0.6483860322405153,0.04840559837974367,0.6481932323601681,0.0041151817420069705,0.23357133749397294
04080204,1.611382153722972,6.842553633785157,0.6483860322405153,0.04840559837974367,0.6481932323601681,0.0041001269906033935,0.23356631924350504
04070001,1.6105545386205904,6.842553633785157,0.6483860322405153,0.04840559837974367,0.6481932323601681,0.004097408196626382,0.23356541297884606
04020203,1.6096902636881438,6.842553633785157,0.6483860322405153,0.04840559837974367,0.6481932323601681,0.004094568971636341,0.23356446657051602
04060104,1.6091911942003767,6.842553633785157,0.6483860322405153,0.04840559837974367,0.6481932323601681,0.004092929481112851,0.23356392007367488
04020101,1.6015522037444292,6.842553633785157,0.6483860322405153,0.04840559837974367,0.6481932323601681,0.004067834674140006,0.23355555513801726
05120106,1.5994458403734133,6.842553633785157,0.6483860322405153,0.04840559837974367,0.6481932323601681,0.004060915071017691,0.23355324860364315
04060101,1.5975522027176636,6.842553633785157,0.6483860322405153,0.04840559837974367,0.6481932323601681,0.004054694292012718,0.23355117501064152
07100006,1.5943076869200739,6.842553633785157,0.6483860322405153,0.04840559837974367,0.6481932323601681,0.004044035750399085,0.23354762216343697
08020402,1.5848901644798696,6.842553633785157,0.6483860322405153,0.04840559837974367,0.6481932323601681,0.004013098297451313,0.23353730967912104
04090005,1.5812648426037073,6.842553633785157,0.6483860322405153,0.04840559837974367,0.6481932323601681,0.004001188771811588,0.23353333983724112
11010005,1.5745946053580733,6.842553633785157,0.6483860322405153,0.04840559837974367,0.6481932323601681,0.0039792764108644765,0.23352603571692543
05120112,1.5733043428954012,6.842553633785157,0.6483860322405153,0.04840559837974367,0.6481932323601681,0.003975037776501496,0.23352462283880446
07050002,1.5707325529391158,6.842553633785157,0.6483860322405153,0.04840559837974367,0.6481932323601681,0.003966589202975993,0.23352180664762925
07140106,1.5702681028713623,6.842553633785157,0.6483860322405153,0.04840559837974367,0.6481932323601681,0.003965063440525312,0.23352129806014568
05120107,1.5668551154982104,6.842553633785157,0.6483860322405153,0.04840559837974367,0.6481932323601681,0.003953851453833626,0.2335175607312485
05120115,1.5623576795914316,6.842553633785157,0.6483860322405153,0.04840559837974367,0.6481932323601681,0.003939076951024098,0.23351263589697865
12020006,1.5586952793179676,6.842553633785157,0.6483860322405153,0.04840559837974367,0.6481932323601681,0.0039270456193383355,0.23350862545308337
07010204,1.5541148245140541,6.842553633785157,0.6483860322405153,0.04840559837974367,0.6481932323601681,0.0039119983915907805,0.23350360971050085
04050002,1.5501745958991928,6.842553633785157,0.6483860322405153,0.04840559837974367,0.6481932323601681,0.003899054367496361,0.23349929503580272
11140205,1.5443167717982706,6.842553633785157,0.6483860322405153,0.04840559837974367,0.6481932323601681,0.003879810860655864,0.23349288053352257
10250013,16.957972771157422,6.7639902562937735,0.5984896951550241,0.047651435395194605,0.5983117321270173,0.05451513031554386,0.23349276594591858
11010012,1.5344194975810377,6.842553633785157,0.6483860322405153,0.04840559837974367,0.6481932323601681,0.0038472973776935444,0.23348204270586845
11140209,1.5297198135575882,6.842553633785157,0.6483860322405153,0.04840559837974367,0.6481932323601681,0.003831858470670169,0.2334768964035273
07010103,1.5249913422635393,6.842553633785157,0.6483860322405153,0.04840559837974367,0.6481932323601681,0.003816324994737049,0.23347171857821628
04050007,1.5203934757217847,6.842553633785157,0.6483860322405153,0.04840559837974367,0.6481932323601681,0.003801220567781993,0.23346668376923127
07140108,1.5100253162220445,6.842553633785157,0.6483860322405153,0.04840559837974367,0.6481932323601681,0.003767160182079185,0.23345533030733034
08040206,1.4979487866687087,6.842553633785157,0.6483860322405153,0.04840559837974367,0.6481932323601681,0.0037274876389872032,0.23344210612629968
12040204,1.4951471666583922,6.842553633785157,0.6483860322405153,0.04840559837974367,0.6481932323601681,0.0037182840519719308,0.23343903826396126
05120204,1.4947468038995435,6.842553633785157,0.6483860322405153,0.04840559837974367,0.6481932323601681,0.0037169688223993367,0.23343859985410373
05120201,1.492020956476698,6.842553633785157,0.6483860322405153,0.04840559837974367,0.6481932323601681,0.003708014155508704,0.23343561496514018
08080205,1.4877091824144606,6.842553633785157,0.6483860322405153,0.04840559837974367,0.6481932323601681,0.0036938495694385487,0.2334308934364501
08060204,1.4853920105691651,6.842553633785157,0.6483860322405153,0.04840559837974367,0.6481932323601681,0.0036862374405170722,0.23342835606014298
12020007,1.4849126272489406,6.842553633785157,0.6483860322405153,0.04840559837974367,0.6481932323601681,0.0036846626209180154,0.23342783112027662
07090003,1.478779197394101,6.842553633785157,0.6483860322405153,0.04840559837974367,0.6481932323601681,0.0036645137230791854,0.233421114820997
07070002,1.4743504815531028,6.842553633785157,0.6483860322405153,0.04840559837974367,0.6481932323601681,0.0036499649721927515,0.23341626523736816
08060203,1.4712941544055453,6.842553633785157,0.6483860322405153,0.04840559837974367,0.6481932323601681,0.0036399246481137884,0.2334129184626752
08020302,1.4684036056503604,6.842553633785157,0.6483860322405153,0.04840559837974367,0.6481932323601681,0.0036304289217510876,0.23340975322055432
08040302,1.4670902669828378,6.842553633785157,0.6483860322405153,0.04840559837974367,0.6481932323601681,0.00362611447987012,0.23340831507326065
08040205,1.4628885861720748,6.842553633785157,0.6483860322405153,0.04840559837974367,0.6481932323601681,0.00361231156055563,0.2334037141001558
08020205,1.4619030509046433,6.842553633785157,0.6483860322405153,0.04840559837974367,0.6481932323601681,0.003609073983883196,0.23340263490793167
07030001,1.4618514988252134,6.842553633785157,0.6483860322405153,0.04840559837974367,0.6481932323601681,0.003608904630420876,0.23340257845677756
08040203,1.4595927800041355,6.842553633785157,0.6483860322405153,0.04840559837974367,0.6481932323601681,0.0036014845252187876,0.23340010508837686
08050002,1.4509769111439041,6.842553633785157,0.6483860322405153,0.04840559837974367,0.6481932323601681,0.003573180580188655,0.23339067044003348
11010014,1.4506548529845098,6.842553633785157,0.6483860322405153,0.04840559837974367,0.6481932323601681,0.003572122588639819,0.23339031777618388
11110206,1.450186216481894,6.842553633785157,0.6483860322405153,0.04840559837974367,0.6481932323601681,0.0035705830733542073,0.23338980460442202
08060205,1.4498157312044482,6.842553633785157,0.6483860322405153,0.04840559837974367,0.6481932323601681,0.003569365994137078,0.2333893989113496
08080204,1.449550342952749,6.842553633785157,0.6483860322405153,0.04840559837974367,0.6481932323601681,0.003568494168601013,0.23338910830283763
08040303,1.4484401754231724,6.842553633785157,0.6483860322405153,0.04840559837974367,0.6481932323601681,0.003564847163146182,0.23338789263435267
08040103,1.445836252206149,6.842553633785157,0.6483860322405153,0.04840559837974367,0.6481932323601681,0.003556293028816503,0.2333850412562428
11110205,1.4337164115956218,6.842553633785157,0.6483860322405153,0.04840559837974367,0.6481932323601681,0.0035164782048005857,0.23337176964823747
08050001,1.4277450523944457,6.842553633785157,0.6483860322405153,0.04840559837974367,0.6481932323601681,0.003496861724405279,0.23336523082143903
07080202,1.4241159581954972,6.842553633785157,0.6483860322405153,0.04840559837974367,0.6481932323601681,0.003484939806328005,0.23336125684874662
08060201,1.4167736348581286,6.842553633785157,0.6483860322405153,0.04840559837974367,0.6481932323601681,0.0034608195789306764,0.23335321677294749
08090203,1.4137975162960836,6.842553633785157,0.6483860322405153,0.04840559837974367,0.6481932323601681,0.003451042747649958,0.23334995782918724
04030108,1.4135937025512935,6.842553633785157,0.6483860322405153,0.04840559837974367,0.6481932323601681,0.0034503732001994907,0.23334973464670375
08020304,1.4117639989169815,6.842553633785157,0.6483860322405153,0.04840559837974367,0.6481932323601681,0.0034443624505087617,0.2333477310634735
04020103,1.4056548987122586,6.842553633785157,0.6483860322405153,0.04840559837974367,0.6481932323601681,0.003424293477874305,0.2333410414059287
08060206,1.4040742866900209,6.842553633785157,0.6483860322405153,0.04840559837974367,0.6481932323601681,0.0034191010177153673,0.23333931058587573
05080003,1.400554134545255,6.842553633785157,0.6483860322405153,0.04840559837974367,0.6481932323601681,0.0034075369846016507,0.23333545590817115
08070201,1.3984731639269123,6.842553633785157,0.6483860322405153,0.04840559837974367,0.6481932323601681,0.00340070079907627,0.2333331771796627
08090301,1.3939486099225158,6.842553633785157,0.6483860322405153,0.04840559837974367,0.6481932323601681,0.003385837210748294,0.23332822265022002
05140204,1.3931896938722976,6.842553633785157,0.6483860322405153,0.04840559837974367,0.6481932323601681,0.0033833440996626544,0.2333273916131915
04070004,1.3868046293330054,6.842553633785157,0.6483860322405153,0.04840559837974367,0.6481932323601681,0.0033623685580584702,0.2333203997659901
05140205,1.3820892662154214,6.842553633785157,0.6483860322405153,0.04840559837974367,0.6481932323601681,0.003346878143726232,0.233315236294546
05120203,1.3763090976712875,6.842553633785157,0.6483860322405153,0.04840559837974367,0.6481932323601681,0.0033278897427428777,0.23330890682755157
08090201,1.3756732632511914,6.842553633785157,0.6483860322405153,0.04840559837974367,0.6481932323601681,0.0033258009664666123,0.2333082105687928
08070300,1.3712563989985966,6.842553633785157,0.6483860322405153,0.04840559837974367,0.6481932323601681,0.0033112911491702934,0.23330337396302736
09020303,1.3700237222160419,6.842553633785157,0.6483860322405153,0.04840559837974367,0.6481932323601681,0.0033072416892192032,0.23330202414304368
08030209,1.3689226771563903,6.842553633785157,0.6483860322405153,0.04840559837974367,0.6481932323601681,0.003303624651941869,0.23330081846395123
08030207,1.3670962658662358,6.842553633785157,0.6483860322405153,0.04840559837974367,0.6481932323601681,0.0032976247179134447,0.23329881848594172
05120207,1.3670001911966558,6.842553633785157,0.6483860322405153,0.04840559837974367,0.6481932323601681,0.0032973091035267015,0.23329871328114615
08040101,1.3653443490001906,6.842553633785157,0.6483860322405153,0.04840559837974367,0.6481932323601681,0.003291869505121989,0.23329690008167792
07020009,1.364602243441748,6.842553633785157,0.6483860322405153,0.04840559837974367,0.6481932323601681,0.0032894316180935934,0.23329608745266847
07080208,1.362454589459628,6.842553633785157,0.6483860322405153,0.04840559837974367,0.6481932323601681,0.0032823763714040525,0.23329373570377196
05120209,1.361134760163142,6.842553633785157,0.6483860322405153,0.04840559837974367,0.6481932323601681,0.003278040607192352,0.23329229044903474
03180005,1.3560759030856364,6.842553633785157,0.6483860322405153,0.04840559837974367,0.6481932323601681,0.00326142178267682,0.2332867508408629
08070202,1.3539877716593662,6.842553633785157,0.6483860322405153,0.04840559837974367,0.6481932323601681,0.003254562073219351,0.23328446427104374
08080201,1.3521744307866834,6.842553633785157,0.6483860322405153,0.04840559837974367,0.6481932323601681,0.0032486050767499396,0.23328247860555393
08080102,1.3518365373411234,6.842553633785157,0.6483860322405153,0.04840559837974367,0.6481932323601681,0.003247495064786629,0.23328210860156615
08070205,1.3517584605925774,6.842553633785157,0.6483860322405153,0.04840559837974367,0.6481932323601681,0.0032472385752746803,0.23328202310506216
08080103,1.3496924169389573,6.842553633785157,0.6483860322405153,0.04840559837974367,0.6481932323601681,0.003240451426241826,0.23327976072205123
08070203,1.3472869549887863,6.842553633785157,0.6483860322405153,0.04840559837974367,0.6481932323601681,0.0032325492559657698,0.23327712666529252
08040306,1.3449479911675228,6.842553633785157,0.6483860322405153,0.04840559837974367,0.6481932323601681,0.003224865538339788,0.23327456542608385
05110004,1.342806763388264,6.842553633785157,0.6483860322405153,0.04840559837974367,0.6481932323601681,0.0032178314023351335,0.2332722207140823
04080201,1.3404920713103532,6.842553633785157,0.6483860322405153,0.04840559837974367,0.6481932323601681,0.003210227419684321,0.23326968605319873
05120114,1.3322353445120163,6.842553633785157,0.6483860322405153,0.04840559837974367,0.6481932323601681,0.003183103290334159,0.23326064467674865
07050001,1.3321708421691079,6.842553633785157,0.6483860322405153,0.04840559837974367,0.6481932323601681,0.0031828913940300705,0.23326057404464728
07120001,1.3235394306075623,6.842553633785157,0.6483860322405153,0.04840559837974367,0.6481932323601681,0.0031545363897544044,0.2332511223765554
07090002,1.312814199105057,6.842553633785157,0.6483860322405153,0.04840559837974367,0.6481932323601681,0.0031193029887118767,0.23323937790954122
04090001,1.3126967296343963,6.842553633785157,0.6483860322405153,0.04840559837974367,0.6481932323601681,0.0031189170903777406,0.23323924927676318
07070003,1.3009667628694408,6.842553633785157,0.6483860322405153,0.04840559837974367,0.6481932323601681,0.003080383038861122,0.23322640459292432
07140202,1.2765199993282843,6.842553633785157,0.6483860322405153,0.04840559837974367,0.6481932323601681,0.003000073105799424,0.23319963461523707
07030005,1.2656764513370038,6.842553633785157,0.6483860322405153,0.04840559837974367,0.6481932323601681,0.002964451023888051,0.2331877605879333
08090302,1.2562031365184423,6.842553633785157,0.6483860322405153,0.04840559837974367,0.6481932323601681,0.0029333302876944755,0.2331773870092021
11140203,1.252207923685199,6.842553633785157,0.6483860322405153,0.04840559837974367,0.6481932323601681,0.002920205635236295,0.23317301212504937
08080203,1.2339956042296945,6.842553633785157,0.6483860322405153,0.04840559837974367,0.6481932323601681,0.002860376441326538,0.23315306906041278
11010010,1.2206651815064684,6.842553633785157,0.6483860322405153,0.04840559837974367,0.6481932323601681,0.00281658474044212,0.23313847182678463
07080103,1.2107346811066926,6.842553633785157,0.6483860322405153,0.04840559837974367,0.6481932323601681,0.0027839621063240074,0.23312759761541194
04080203,1.2008183802693455,6.842553633785157,0.6483860322405153,0.04840559837974367,0.6481932323601681,0.0027513861191130096,0.23311673895300825
07080205,1.198275740791085,6.842553633785157,0.6483860322405153,0.04840559837974367,0.6481932323601681,0.0027430333076680358,0.2331139546825266
08080202,1.1940283508977343,6.842553633785157,0.6483860322405153,0.04840559837974367,0.6481932323601681,0.0027290802296891185,0.23310930365653362
08060202,1.1922381373931763,6.842553633785157,0.6483860322405153,0.04840559837974367,0.6481932323601681,0.0027231992088138945,0.23310734331624192
07100004,1.1840304928199912,6.842553633785157,0.6483860322405153,0.04840559837974367,0.6481932323601681,0.0026962363192208814,0.23309835568637757
08050003,1.1795786812147318,6.842553633785157,0.6483860322405153,0.04840559837974367,0.6481932323601681,0.0026816116965619444,0.2330934808121579
04050006,1.1760357179993945,6.842553633785157,0.6483860322405153,0.04840559837974367,0.6481932323601681,0.002669972726921453,0.2330896011556111
07080204,1.1749756131881777,6.842553633785157,0.6483860322405153,0.04840559837974367,0.6481932323601681,0.0026664901822368004,0.23308844030738285
09030003,1.1665998706910379,6.842553633785157,0.6483860322405153,0.04840559837974367,0.6481932323601681,0.0026389750750466447,0.23307926860498615
08040204,1.1605219062370882,6.842553633785157,0.6483860322405153,0.04840559837974367,0.6481932323601681,0.0026190083863016776,0.23307261304207116
04030201,1.146367134918565,6.842553633785157,0.6483860322405153,0.04840559837974367,0.6481932323601681,0.002572508622225322,0.2330571131207124
08020203,1.1287916660959127,6.842553633785157,0.6483860322405153,0.04840559837974367,0.6481932323601681,0.0025147715429469585,0.2330378674276196
03180002,1.1190101964503862,6.842553633785157,0.6483860322405153,0.04840559837974367,0.6481932323601681,0.0024826384889680636,0.2330271564096266
07010104,1.111372775809411,6.842553633785157,0.6483860322405153,0.04840559837974367,0.6481932323601681,0.002457548838986047,0.23301879319296595
07050005,1.109786925239525,6.842553633785157,0.6483860322405153,0.04840559837974367,0.6481932323601681,0.0024523391697020536,0.23301705663653793
07140204,1.0943094988666893,6.842553633785157,0.6483860322405153,0.04840559837974367,0.6481932323601681,0.0024014943585319703,0.23300010836614793
07070005,1.0908243109570581,6.842553633785157,0.6483860322405153,0.04840559837974367,0.6481932323601681,0.0023900451862413842,0.2329962919753844
05120205,1.0905359000957997,6.842553633785157,0.6483860322405153,0.04840559837974367,0.6481932323601681,0.002389097729252939,0.23299597615638823
07100008,1.090398051190359,6.842553633785157,0.6483860322405153,0.04840559837974367,0.6481932323601681,0.002388644882545851,0.23299582520748588
08040304,1.082575642850936,6.842553633785157,0.6483860322405153,0.04840559837974367,0.6481932323601681,0.0023629475304582136,0.23298725942345666
05120208,1.0702207410104962,6.842553633785157,0.6483860322405153,0.04840559837974367,0.6481932323601681,0.0023223605080444224,0.23297373041598543
12010005,1.069794373594628,6.842553633785157,0.6483860322405153,0.04840559837974367,0.6481932323601681,0.002320959850711176,0.23297326353020764
08070204,1.0636071297645033,6.842553633785157,0.6483860322405153,0.04840559837974367,0.6481932323601681,0.0023006341688679667,0.23296648830292657
09020107,1.0636071297645033,6.842553633785157,0.6483860322405153,0.04840559837974367,0.6481932323601681,0.0023006341688679667,0.23296648830292657
09020301,1.0636071297645033,6.842553633785157,0.6483860322405153,0.04840559837974367,0.6481932323601681,0.0023006341688679667,0.23296648830292657
09020306,1.0636071297645033,6.842553633785157,0.6483860322405153,0.04840559837974367,0.6481932323601681,0.0023006341688679667,0.23296648830292657
09020311,1.0636071297645033,6.842553633785157,0.6483860322405153,0.04840559837974367,0.6481932323601681,0.0023006341688679667,0.23296648830292657
09030004,1.0636071297645033,6.842553633785157,0.6483860322405153,0.04840559837974367,0.6481932323601681,0.0023006341688679667,0.23296648830292657
08070100,1.0636071297645033,6.842553633785157,0.6483860322405153,0.04840559837974367,0.6481932323601681,0.0023006341688679667,0.23296648830292657
09030008,1.0636071297645033,6.842553633785157,0.6483860322405153,0.04840559837974367,0.6481932323601681,0.0023006341688679667,0.23296648830292657
09030009,1.0636071297645033,6.842553633785157,0.6483860322405153,0.04840559837974367,0.6481932323601681,0.0023006341688679667,0.23296648830292657
08090100,1.0636071297645033,6.842553633785157,0.6483860322405153,0.04840559837974367,0.6481932323601681,0.0023006341688679667,0.23296648830292657
08080206,1.0636071297645033,6.842553633785157,0.6483860322405153,0.04840559837974367,0.6481932323601681,0.0023006341688679667,0.23296648830292657
09020104,1.0636071297645033,6.842553633785157,0.6483860322405153,0.04840559837974367,0.6481932323601681,0.0023006341688679667,0.23296648830292657
10240004,1.0636071297645033,6.842553633785157,0.6483860322405153,0.04840559837974367,0.6481932323601681,0.0023006341688679667,0.23296648830292657
08080100,1.0636071297645033,6.842553633785157,0.6483860322405153,0.04840559837974367,0.6481932323601681,0.0023006341688679667,0.23296648830292657
08090202,1.0636071297645033,6.842553633785157,0.6483860322405153,0.04840559837974367,0.6481932323601681,0.0023006341688679667,0.23296648830292657
07040003,1.0636071297645033,6.842553633785157,0.6483860322405153,0.04840559837974367,0.6481932323601681,0.0023006341688679667,0.23296648830292657
08060100,1.0636071297645033,6.842553633785157,0.6483860322405153,0.04840559837974367,0.6481932323601681,0.0023006341688679667,0.23296648830292657
11010013,1.0636071297645033,6.842553633785157,0.6483860322405153,0.04840559837974367,0.6481932323601681,0.0023006341688679667,0.23296648830292657
05090203,1.0636071297645033,6.842553633785157,0.6483860322405153,0.04840559837974367,0.6481932323601681,0.0023006341688679667,0.23296648830292657
07110009,1.0636071297645033,6.842553633785157,0.6483860322405153,0.04840559837974367,0.6481932323601681,0.0023006341688679667,0.23296648830292657
05110005,1.0636071297645033,6.842553633785157,0.6483860322405153,0.04840559837974367,0.6481932323601681,0.0023006341688679667,0.23296648830292657
05120108,1.0636071297645033,6.842553633785157,0.6483860322405153,0.04840559837974367,0.6481932323601681,0.0023006341688679667,0.23296648830292657
05120111,1.0636071297645033,6.842553633785157,0.6483860322405153,0.04840559837974367,0.6481932323601681,0.0023006341688679667,0.23296648830292657
08040305,1.0636071297645033,6.842553633785157,0.6483860322405153,0.04840559837974367,0.6481932323601681,0.0023006341688679667,0.23296648830292657
05120113,1.0636071297645033,6.842553633785157,0.6483860322405153,0.04840559837974367,0.6481932323601681,0.0023006341688679667,0.23296648830292657
05120202,1.0636071297645033,6.842553633785157,0.6483860322405153,0.04840559837974367,0.6481932323601681,0.0023006341688679667,0.23296648830292657
07080209,1.0636071297645033,6.842553633785157,0.6483860322405153,0.04840559837974367,0.6481932323601681,0.0023006341688679667,0.23296648830292657
07080206,1.0636071297645033,6.842553633785157,0.6483860322405153,0.04840559837974367,0.6481932323601681,0.0023006341688679667,0.23296648830292657
07080104,1.0636071297645033,6.842553633785157,0.6483860322405153,0.04840559837974367,0.6481932323601681,0.0023006341688679667,0.23296648830292657
05120206,1.0636071297645033,6.842553633785157,0.6483860322405153,0.04840559837974367,0.6481932323601681,0.0023006341688679667,0.23296648830292657
07080101,1.0636071297645033,6.842553633785157,0.6483860322405153,0.04840559837974367,0.6481932323601681,0.0023006341688679667,0.23296648830292657
07060003,1.0636071297645033,6.842553633785157,0.6483860322405153,0.04840559837974367,0.6481932323601681,0.0023006341688679667,0.23296648830292657
05140203,1.0636071297645033,6.842553633785157,0.6483860322405153,0.04840559837974367,0.6481932323601681,0.0023006341688679667,0.23296648830292657
07060001,1.0636071297645033,6.842553633785157,0.6483860322405153,0.04840559837974367,0.6481932323601681,0.0023006341688679667,0.23296648830292657
07040006,1.0636071297645033,6.842553633785157,0.6483860322405153,0.04840559837974367,0.6481932323601681,0.0023006341688679667,0.23296648830292657
07040001,1.0636071297645033,6.842553633785157,0.6483860322405153,0.04840559837974367,0.6481932323601681,0.0023006341688679667,0.23296648830292657
07020012,1.0636071297645033,6.842553633785157,0.6483860322405153,0.04840559837974367,0.6481932323601681,0.0023006341688679667,0.23296648830292657
07020007,1.0636071297645033,6.842553633785157,0.6483860322405153,0.04840559837974367,0.6481932323601681,0.0023006341688679667,0.23296648830292657
05140101,1.0636071297645033,6.842553633785157,0.6483860322405153,0.04840559837974367,0.6481932323601681,0.0023006341688679667,0.23296648830292657
05140104,1.0636071297645033,6.842553633785157,0.6483860322405153,0.04840559837974367,0.6481932323601681,0.0023006341688679667,0.23296648830292657
07010206,1.0636071297645033,6.842553633785157,0.6483860322405153,0.04840559837974367,0.6481932323601681,0.0023006341688679667,0.23296648830292657
07010203,1.0636071297645033,6.842553633785157,0.6483860322405153,0.04840559837974367,0.6481932323601681,0.0023006341688679667,0.23296648830292657
07010201,1.0636071297645033,6.842553633785157,0.6483860322405153,0.04840559837974367,0.6481932323601681,0.0023006341688679667,0.23296648830292657
05140201,1.0636071297645033,6.842553633785157,0.6483860322405153,0.04840559837974367,0.6481932323601681,0.0023006341688679667,0.23296648830292657
05140202,1.0636071297645033,6.842553633785157,0.6483860322405153,0.04840559837974367,0.6481932323601681,0.0023006341688679667,0.23296648830292657
11010004,1.0636071297645033,6.842553633785157,0.6483860322405153,0.04840559837974367,0.6481932323601681,0.0023006341688679667,0.23296648830292657
11110203,1.0636071297645033,6.842553633785157,0.6483860322405153,0.04840559837974367,0.6481932323601681,0.0023006341688679667,0.23296648830292657
11110207,1.0636071297645033,6.842553633785157,0.6483860322405153,0.04840559837974367,0.6481932323601681,0.0023006341688679667,0.23296648830292657
11140201,1.0636071297645033,6.842553633785157,0.6483860322405153,0.04840559837974367,0.6481932323601681,0.0023006341688679667,0.23296648830292657
08020100,1.0636071297645033,6.842553633785157,0.6483860322405153,0.04840559837974367,0.6481932323601681,0.0023006341688679667,0.23296648830292657
08040301,1.0636071297645033,6.842553633785157,0.6483860322405153,0.04840559837974367,0.6481932323601681,0.0023006341688679667,0.23296648830292657
08040207,1.0636071297645033,6.842553633785157,0.6483860322405153,0.04840559837974367,0.6481932323601681,0.0023006341688679667,0.23296648830292657
08040202,1.0636071297645033,6.842553633785157,0.6483860322405153,0.04840559837974367,0.6481932323601681,0.0023006341688679667,0.23296648830292657
08040201,1.0636071297645033,6.842553633785157,0.6483860322405153,0.04840559837974367,0.6481932323601681,0.0023006341688679667,0.23296648830292657
08040102,1.0636071297645033,6.842553633785157,0.6483860322405153,0.04840559837974367,0.6481932323601681,0.0023006341688679667,0.23296648830292657
08030208,1.0636071297645033,6.842553633785157,0.6483860322405153,0.04840559837974367,0.6481932323601681,0.0023006341688679667,0.23296648830292657
08030206,1.0636071297645033,6.842553633785157,0.6483860322405153,0.04840559837974367,0.6481932323601681,0.0023006341688679667,0.23296648830292657
03180003,1.0636071297645033,6.842553633785157,0.6483860322405153,0.04840559837974367,0.6481932323601681,0.0023006341688679667,0.23296648830292657
04030203,1.0636071297645033,6.842553633785157,0.6483860322405153,0.04840559837974367,0.6481932323601681,0.0023006341688679667,0.23296648830292657
08030100,1.0636071297645033,6.842553633785157,0.6483860322405153,0.04840559837974367,0.6481932323601681,0.0023006341688679667,0.23296648830292657
08020401,1.0636071297645033,6.842553633785157,0.6483860322405153,0.04840559837974367,0.6481932323601681,0.0023006341688679667,0.23296648830292657
08020303,1.0636071297645033,6.842553633785157,0.6483860322405153,0.04840559837974367,0.6481932323601681,0.0023006341688679667,0.23296648830292657
08020301,1.0636071297645033,6.842553633785157,0.6483860322405153,0.04840559837974367,0.6481932323601681,0.0023006341688679667,0.23296648830292657
04030204,1.0636071297645033,6.842553633785157,0.6483860322405153,0.04840559837974367,0.6481932323601681,0.0023006341688679667,0.23296648830292657
04080104,1.0636071297645033,6.842553633785157,0.6483860322405153,0.04840559837974367,0.6481932323601681,0.0023006341688679667,0.23296648830292657
04080206,1.0636071297645033,6.842553633785157,0.6483860322405153,0.04840559837974367,0.6481932323601681,0.0023006341688679667,0.23296648830292657
04090002,1.0636071297645033,6.842553633785157,0.6483860322405153,0.04840559837974367,0.6481932323601681,0.0023006341688679667,0.23296648830292657
12040202,1.0636071297645033,6.842553633785157,0.6483860322405153,0.04840559837974367,0.6481932323601681,0.0023006341688679667,0.23296648830292657
12040201,1.0636071297645033,6.842553633785157,0.6483860322405153,0.04840559837974367,0.6481932323601681,0.0023006341688679667,0.23296648830292657
12030203,1.0636071297645033,6.842553633785157,0.6483860322405153,0.04840559837974367,0.6481932323601681,0.0023006341688679667,0.23296648830292657
12020003,1.0636071297645033,6.842553633785157,0.6483860322405153,0.04840559837974367,0.6481932323601681,0.0023006341688679667,0.23296648830292657
07140105,1.0636071297645033,6.842553633785157,0.6483860322405153,0.04840559837974367,0.6481932323601681,0.0023006341688679667,0.23296648830292657
07140101,1.0636071297645033,6.842553633785157,0.6483860322405153,0.04840559837974367,0.6481932323601681,0.0023006341688679667,0.23296648830292657
07130011,1.0636071297645033,6.842553633785157,0.6483860322405153,0.04840559837974367,0.6481932323601681,0.0023006341688679667,0.23296648830292657
07130008,1.0636071297645033,6.842553633785157,0.6483860322405153,0.04840559837974367,0.6481932323601681,0.0023006341688679667,0.23296648830292657
07130003,1.0636071297645033,6.842553633785157,0.6483860322405153,0.04840559837974367,0.6481932323601681,0.0023006341688679667,0.23296648830292657
07130001,1.0636071297645033,6.842553633785157,0.6483860322405153,0.04840559837974367,0.6481932323601681,0.0023006341688679667,0.23296648830292657
11010009,1.0636071297645033,6.842553633785157,0.6483860322405153,0.04840559837974367,0.6481932323601681,0.0023006341688679667,0.23296648830292657
11100103,16.321368842887928,6.7639902562937735,0.5984896951550241,0.047651435395194605,0.5983117321270173,0.05242382613206509,0.23279566455142564
10110203,5.225571355081581,6.8204232440754655,0.6343308144017822,0.048193159438272175,0.6341421938901797,0.015973080739461448,0.23276947802263778
10060005,1.1676329631861815,7.105020886580523,0.6444199468162011,0.05092513220116389,0.6442283262653848,0.002642368881715239,0.23259860911608798
13060009,15.435784627232245,6.631280478444527,0.6014919088495942,0.04637749828432375,0.601313053102725,0.04951459812893616,0.23240171650532834
10130203,4.812070725954199,6.8204232440754655,0.6343308144017822,0.048193159438272175,0.6341421938901797,0.014614692018996124,0.23231668178248266
13040210,19.55304324114554,3.1403351039207097,0.6199923949410107,0.012866441776635373,0.6198080380091568,0.06304018253295794,0.23190488743958337
13060001,14.885878566078691,6.631280478444527,0.6014919088495942,0.04637749828432375,0.601313053102725,0.04770810464823002,0.2317995520117596
09020105,4.191215429500441,6.8204232440754655,0.6343308144017822,0.048193159438272175,0.6341421938901797,0.01257512358224742,0.23163682563689977
10260005,15.205664731974995,6.7639902562937735,0.5984896951550241,0.047651435395194605,0.5983117321270173,0.048758632483293055,0.2315739333351683
10160008,4.0885089319697325,6.8204232440754655,0.6343308144017822,0.048193159438272175,0.6341421938901797,0.012237723012728007,0.23152435878039326
10060001,1.4708158061600118,7.351757752224085,0.6376227681059189,0.05329366340404447,0.6374331687202371,0.0036383532288331013,0.23145506178437159
10160004,3.997104466473163,6.8204232440754655,0.6343308144017822,0.048193159438272175,0.6341421938901797,0.011937450688613955,0.2314242680056886
11040007,15.036787642207932,6.7639902562937735,0.5984896951550241,0.047651435395194605,0.5983117321270173,0.04820385525267869,0.23138900759163017
10170201,3.9586793695576286,6.8204232440754655,0.6343308144017822,0.048193159438272175,0.6341421938901797,0.011811220606829074,0.2313821913117603
10110205,3.7900505295328997,6.8204232440754655,0.6343308144017822,0.048193159438272175,0.6341421938901797,0.011257258900124684,0.2311975374095255
13030101,7.449387516115541,3.4728303179655047,0.6538888862102191,0.016058203523383108,0.6536944500367778,0.023278527398422753,0.23101039365286125
10160003,3.5500630194773537,6.8204232440754655,0.6343308144017822,0.048193159438272175,0.6341421938901797,0.010468877205518878,0.2309347435113236
13060003,14.078512623383622,6.631280478444527,0.6014919088495942,0.04637749828432375,0.601313053102725,0.04505583107815285,0.23091546082173386
10170102,3.349922759431848,6.8204232440754655,0.6343308144017822,0.048193159438272175,0.6341421938901797,0.009811397500275041,0.23071558360957564
09020102,3.3227657179829015,6.8204232440754655,0.6343308144017822,0.048193159438272175,0.6341421938901797,0.009722184047653924,0.23068584579203524
16020309,91.77318397331312,6.736411075448544,0.34439832294449446,0.04738669121028558,0.3442959148848606,0.30029018325973655,0.23065759645162762
09020106,3.244419656414791,6.8204232440754655,0.6343308144017822,0.048193159438272175,0.6341421938901797,0.00946480981692641,0.23060005438179276
11100202,14.231854102246169,6.7639902562937735,0.5984896951550241,0.047651435395194605,0.5983117321270173,0.04555957235590116,0.230507579959371
10130206,3.1595534560135734,6.8204232440754655,0.6343308144017822,0.048193159438272175,0.6341421938901797,0.009186016312749538,0.2305071232137338
07020003,3.0811120900194315,6.8204232440754655,0.6343308144017822,0.048193159438272175,0.6341421938901797,0.00892832899795827,0.2304212274421367
09010003,3.0578792936125168,6.8204232440754655,0.6343308144017822,0.048193159438272175,0.6341421938901797,0.008852007061881365,0.23039578679677775
10260006,3.010089012654717,6.8204232440754655,0.6343308144017822,0.048193159438272175,0.6341421938901797,0.00869501146374179,0.2303434549307312
10230004,2.7912080066644798,6.8204232440754655,0.6343308144017822,0.048193159438272175,0.6341421938901797,0.00797596663353514,0.23010377332066234
10230002,2.73035976982514,6.8204232440754655,0.6343308144017822,0.048193159438272175,0.6341421938901797,0.00777607441388558,0.23003714258077915
10250010,13.599207905777755,6.7639902562937735,0.5984896951550241,0.047651435395194605,0.5983117321270173,0.04348126969614089,0.22981481240611756
10230005,2.4830506168406847,6.8204232440754655,0.6343308144017822,0.048193159438272175,0.6341421938901797,0.006963640428982433,0.2297663312524781
09020101,2.470167235497472,6.8204232440754655,0.6343308144017822,0.048193159438272175,0.6341421938901797,0.006921317301361067,0.22975222354327096
10230007,2.41712964794871,6.8204232440754655,0.6343308144017822,0.048193159438272175,0.6341421938901797,0.00674708380421024,0.22969414571088734
10280202,1.5609838203198967,6.720719468279332,0.6380125801524623,0.04723606085714932,0.6378228648547896,0.0039345636932283405,0.22966449646838905
10240002,2.315160406332196,6.8204232440754655,0.6343308144017822,0.048193159438272175,0.6341421938901797,0.006412105190178662,0.22958248617287683
10230003,2.2857605597458317,6.8204232440754655,0.6343308144017822,0.048193159438272175,0.6341421938901797,0.0063155239103131235,0.22955029241292166
07100007,2.2581556746199016,6.8204232440754655,0.6343308144017822,0.048193159438272175,0.6341421938901797,0.0062248392488074384,0.22952006419241977
10240003,2.2546235754007427,6.8204232440754655,0.6343308144017822,0.048193159438272175,0.6341421938901797,0.006213235968423088,0.22951619643229162
09020204,2.239018151691797,6.8204232440754655,0.6343308144017822,0.048193159438272175,0.6341421938901797,0.006161970673884,0.22949910800077863
07100005,2.2296024834331263,6.8204232440754655,0.6343308144017822,0.048193159438272175,0.6341421938901797,0.006131039312098135,0.22948879754685
12080004,13.276103443206548,6.7639902562937735,0.5984896951550241,0.047651435395194605,0.5983117321270173,0.04241984094229604,0.2294610028215026
11090102,12.712766384098419,6.631280478444527,0.6014919088495942,0.04637749828432375,0.601313053102725,0.040569225361547175,0.2294199255828653
10170203,1.9752937163309479,6.8204232440754655,0.6343308144017822,0.048193159438272175,0.6341421938901797,0.005295610932034839,0.2292103214201622
11110204,1.9039192648372034,6.8204232440754655,0.6343308144017822,0.048193159438272175,0.6341421938901797,0.005061139100533382,0.2291321641429951
11140206,1.8839410795212717,6.8204232440754655,0.6343308144017822,0.048193159438272175,0.6341421938901797,0.004995508870064815,0.22911028739950556
07100002,1.8117189181647613,6.8204232440754655,0.6343308144017822,0.048193159438272175,0.6341421938901797,0.00475825223139574,0.22903120185328252
07020004,1.6602085928425254,6.8204232440754655,0.6343308144017822,0.048193159438272175,0.6341421938901797,0.00426052646641666,0.22886529326495617
11140109,1.5035658129484941,6.8204232440754655,0.6343308144017822,0.048193159438272175,0.6341421938901797,0.003745940102184466,0.22869376447687875
11100104,12.551048860681783,6.7639902562937735,0.5984896951550241,0.047651435395194605,0.5983117321270173,0.040037967984323033,0.22866704516884495
11140204,1.477182882587077,6.8204232440754655,0.6343308144017822,0.048193159438272175,0.6341421938901797,0.003659269677785351,0.2286648743354124
11140208,1.4596871837162024,6.8204232440754655,0.6343308144017822,0.048193159438272175,0.6341421938901797,0.0036017946503518797,0.2286457159929346
10110101,1.4592151845180679,6.8204232440754655,0.6343308144017822,0.048193159438272175,0.6341421938901797,0.00360024408829308,0.22864519913891498
10050012,3.1320269122154922,8.56701792475694,0.6119352967057954,0.06495945818000731,0.6117533355806037,0.009095589009923865,0.22860279425684496
10230006,1.417334137431181,6.8204232440754655,0.6343308144017822,0.048193159438272175,0.6341421938901797,0.003462660882956339,0.2285993380704694
10230001,1.417334137431181,6.8204232440754655,0.6343308144017822,0.048193159438272175,0.6341421938901797,0.003462660882956339,0.2285993380704694
11140202,1.417334137431181,6.8204232440754655,0.6343308144017822,0.048193159438272175,0.6341421938901797,0.003462660882956339,0.2285993380704694
10130102,1.417334137431181,6.8204232440754655,0.6343308144017822,0.048193159438272175,0.6341421938901797,0.003462660882956339,0.2285993380704694
10130101,1.417334137431181,6.8204232440754655,0.6343308144017822,0.048193159438272175,0.6341421938901797,0.003462660882956339,0.2285993380704694
11140207,1.417334137431181,6.8204232440754655,0.6343308144017822,0.048193159438272175,0.6341421938901797,0.003462660882956339,0.2285993380704694
11140304,1.417334137431181,6.8204232440754655,0.6343308144017822,0.048193159438272175,0.6341421938901797,0.003462660882956339,0.2285993380704694
16060006,64.80826730738755,7.110150752612784,0.42233889949646064,0.05097437594806938,0.42221331553067487,0.21170787874286254,0.22829852340720225
13070005,15.725446676240693,3.1403351039207097,0.6199923949410107,0.012866441776635373,0.6198080380091568,0.05046616538761314,0.2277135483911351
11080001,26.59935527284725,3.2170676518388555,0.5825897656662906,0.013603029856193806,0.5824165305385631,0.08618798476228441,0.2274025150523471
11070207,1.0747928229986317,3.4135641819229563,0.6643149020877939,0.015489282895633356,0.6641173657016494,0.0023373802302993373,0.2273146762758607
11040006,10.61547844585673,6.7639902562937735,0.5984896951550241,0.047651435395194605,0.5983117321270173,0.03367943589523454,0.22654753447248213
11030007,10.590239463474788,6.7639902562937735,0.5984896951550241,0.047651435395194605,0.5983117321270173,0.03359652344826679,0.22651989699015954
10260013,9.933559111475986,6.7639902562937735,0.5984896951550241,0.047651435395194605,0.5983117321270173,0.03143926631182946,0.22580081127801377
10260011,9.3249356129053,6.7639902562937735,0.5984896951550241,0.047651435395194605,0.5983117321270173,0.029439880489338054,0.22513434933718332
11030006,9.083990623979282,6.7639902562937735,0.5984896951550241,0.047651435395194605,0.5983117321270173,0.028648353385980447,0.22487050696939745
11080002,24.19264140208899,3.2170676518388555,0.5825897656662906,0.013603029856193806,0.5824165305385631,0.0782817018085568,0.22476708740110454
11120101,8.89023149076706,6.7639902562937735,0.5984896951550241,0.047651435395194605,0.5983117321270173,0.028011836286603704,0.22465833460293852
12050005,8.620911601542154,6.7639902562937735,0.5984896951550241,0.047651435395194605,0.5983117321270173,0.02712709494898561,0.22436342082373248
10260003,8.017081131404277,6.7639902562937735,0.5984896951550241,0.047651435395194605,0.5983117321270173,0.025143454678740972,0.22370220740031763
10250015,7.974121984764525,6.7639902562937735,0.5984896951550241,0.047651435395194605,0.5983117321270173,0.02500232981428937,0.22365516577883374
10140102,7.955827247973411,6.7639902562937735,0.5984896951550241,0.047651435395194605,0.5983117321270173,0.02494222987162815,0.22363513246461333
10250008,7.946912035987667,6.7639902562937735,0.5984896951550241,0.047651435395194605,0.5983117321270173,0.02491294255608634,0.2236253700260994
11120102,7.885737532300568,6.7639902562937735,0.5984896951550241,0.047651435395194605,0.5983117321270173,0.02471197851894815,0.22355838201372
03170004,1.4782806486766344,7.494550589660921,0.6122626125525766,0.05466439205513134,0.6120805540988601,0.003662875943335445,0.2234692740324423
03170007,1.4741253541773756,7.494550589660921,0.6122626125525766,0.05466439205513134,0.6120805540988601,0.003649225407446499,0.22346472385381264
03170001,1.4656328379902566,7.494550589660921,0.6122626125525766,0.05466439205513134,0.6120805540988601,0.0036213266876276282,0.22345542428053966
03170009,1.4242999523591653,7.494550589660921,0.6122626125525766,0.05466439205513134,0.6120805540988601,0.0034855442445777983,0.22341016346618972
11030005,7.7452258785748445,6.7639902562937735,0.5984896951550241,0.047651435395194605,0.5983117321270173,0.024250384431612062,0.2234045173179413
03170008,1.4187543655334791,7.494550589660921,0.6122626125525766,0.05466439205513134,0.6120805540988601,0.0034673264667517516,0.22340409087358104
13060010,7.185929021963737,6.631280478444527,0.6014919088495942,0.04637749828432375,0.601313053102725,0.0224130412986269,0.22336786422855856
03170002,1.2828712026750106,7.494550589660921,0.6122626125525766,0.05466439205513134,0.6120805540988601,0.0030209374101797617,0.22325529452139037
03170005,1.2288235295293377,7.494550589660921,0.6122626125525766,0.05466439205513134,0.6120805540988601,0.002843385686199526,0.22319611061339698
03170006,1.1437803437579228,7.494550589660921,0.6122626125525766,0.05466439205513134,0.6120805540988601,0.002564010768323065,0.22310298564077147
03160204,1.1437803437579228,7.494550589660921,0.6122626125525766,0.05466439205513134,0.6120805540988601,0.002564010768323065,0.22310298564077147
03170003,1.1437803437579228,7.494550589660921,0.6122626125525766,0.05466439205513134,0.6120805540988601,0.002564010768323065,0.22310298564077147
10260009,7.394050208762502,6.7639902562937735,0.5984896951550241,0.047651435395194605,0.5983117321270173,0.02309673910395771,0.22301996887538986
10130306,7.382745632651034,6.7639902562937735,0.5984896951550241,0.047651435395194605,0.5983117321270173,0.023059602501017424,0.2230075900077431
03160203,1.1387571459625534,7.465956010748142,0.6122537120125064,0.054389900636058246,0.6120716562053969,0.0025475090879258774,0.22300302197646035
11130301,7.106653784666982,6.7639902562937735,0.5984896951550241,0.047651435395194605,0.5983117321270173,0.02215261463764847,0.22270526071995345
10260007,7.035007026114713,6.7639902562937735,0.5984896951550241,0.047651435395194605,0.5983117321270173,0.021917248251675396,0.2226268052579624
11070106,2.9436288987809625,6.436954134090684,0.6138516554542485,0.04451207777270591,0.6136691244930038,0.008476683696653586,0.22221929532078777
11100203,6.647248266284595,6.7639902562937735,0.5984896951550241,0.047651435395194605,0.5983117321270173,0.020643424009312288,0.2222021971771747
10240013,2.904159837616019,6.436954134090684,0.6138516554542485,0.04451207777270591,0.6136691244930038,0.008347024093457918,0.22217607545305587
10280102,2.8379331785841106,6.436954134090684,0.6138516554542485,0.04451207777270591,0.6136691244930038,0.008129463247630682,0.22210355517111346
10300104,2.7510550264151967,6.436954134090684,0.6138516554542485,0.04451207777270591,0.6136691244930038,0.0078440602913881,0.22200842085236594
10290106,2.7411640535950745,6.436954134090684,0.6138516554542485,0.04451207777270591,0.6136691244930038,0.007811567509111959,0.22199758992494056
10290108,2.728082114415644,6.436954134090684,0.6138516554542485,0.04451207777270591,0.6136691244930038,0.007768592100197461,0.22198326478863573
13060007,6.429886927220106,6.7639902562937735,0.5984896951550241,0.047651435395194605,0.5983117321270173,0.019929371428851803,0.22196417965035453
11110105,2.618745380245814,6.436954134090684,0.6138516554542485,0.04451207777270591,0.6136691244930038,0.00740941057551093,0.22186353761374022
10240012,2.6002061996800228,6.436954134090684,0.6138516554542485,0.04451207777270591,0.6136691244930038,0.007348507611903871,0.22184323662587122
13060011,6.3734982111377745,6.691844291990688,0.5989178079157439,0.04695887586555942,0.5987397175868931,0.019744129157154646,0.2218142408698691
10200102,6.282970540302777,6.7639902562937735,0.5984896951550241,0.047651435395194605,0.5983117321270173,0.019446737186526286,0.22180330156957936
10240010,2.530422968579207,6.436954134090684,0.6138516554542485,0.04451207777270591,0.6136691244930038,0.007119263090063562,0.22176682178525778
10280101,2.4964160307742946,6.436954134090684,0.6138516554542485,0.04451207777270591,0.6136691244930038,0.007007547079306229,0.22172958311500532
11030009,6.2086384068865526,6.7639902562937735,0.5984896951550241,0.047651435395194605,0.5983117321270173,0.01920254908985082,0.22172190553735424
10140104,6.056259354335336,6.7639902562937735,0.5984896951550241,0.047651435395194605,0.5983117321270173,0.018701969473666005,0.2215550456652926
11050003,2.3164543554538692,6.436954134090684,0.6138516554542485,0.04451207777270591,0.6136691244930038,0.006416355935565546,0.2215325194004251
10150006,6.030599933077098,6.7639902562937735,0.5984896951550241,0.047651435395194605,0.5983117321270173,0.01861767584517887,0.22152694778913026
10300103,2.306416579592355,6.436954134090684,0.6138516554542485,0.04451207777270591,0.6136691244930038,0.006383380891397864,0.22152152771903588
11070103,2.2909604627833207,6.436954134090684,0.6138516554542485,0.04451207777270591,0.6136691244930038,0.00633260608416264,0.2215046027832908
10250014,5.96582380551857,6.7639902562937735,0.5984896951550241,0.047651435395194605,0.5983117321270173,0.018404880132590437,0.2214560158849341
11110104,2.1649095398227485,6.436954134090684,0.6138516554542485,0.04451207777270591,0.6136691244930038,0.005918516866655942,0.22136657304412188
10240005,2.1649095398227485,6.436954134090684,0.6138516554542485,0.04451207777270591,0.6136691244930038,0.005918516866655942,0.22136657304412188
11110102,2.1649095398227485,6.436954134090684,0.6138516554542485,0.04451207777270591,0.6136691244930038,0.005918516866655942,0.22136657304412188
11110101,2.1649095398227485,6.436954134090684,0.6138516554542485,0.04451207777270591,0.6136691244930038,0.005918516866655942,0.22136657304412188
10290105,2.1649095398227485,6.436954134090684,0.6138516554542485,0.04451207777270591,0.6136691244930038,0.005918516866655942,0.22136657304412188
10300101,2.1649095398227485,6.436954134090684,0.6138516554542485,0.04451207777270591,0.6136691244930038,0.005918516866655942,0.22136657304412188
11070105,2.1649095398227485,6.436954134090684,0.6138516554542485,0.04451207777270591,0.6136691244930038,0.005918516866655942,0.22136657304412188
11090204,2.1649095398227485,6.436954134090684,0.6138516554542485,0.04451207777270591,0.6136691244930038,0.005918516866655942,0.22136657304412188
10240011,2.1649095398227485,6.436954134090684,0.6138516554542485,0.04451207777270591,0.6136691244930038,0.005918516866655942,0.22136657304412188
11120304,5.719758180024938,6.7639902562937735,0.5984896951550241,0.047651435395194605,0.5983117321270173,0.017596531253242478,0.22118656625848476
10250004,5.709068618194866,6.7639902562937735,0.5984896951550241,0.047651435395194605,0.5983117321270173,0.017561415030451406,0.22117486085088775
11060002,5.701135704199812,6.7639902562937735,0.5984896951550241,0.047651435395194605,0.5983117321270173,0.0175353546568214,0.22116617405967776
11120202,5.588165083549568,6.7639902562937735,0.5984896951550241,0.047651435395194605,0.5983117321270173,0.017164235470959206,0.22104246766439037
11120302,5.48121489976005,6.7639902562937735,0.5984896951550241,0.047651435395194605,0.5983117321270173,0.016812893990251033,0.2209253538374876
11060003,5.333573015442507,6.7639902562937735,0.5984896951550241,0.047651435395194605,0.5983117321270173,0.016327876420269505,0.22076368131416046
11040008,5.291604547055,6.7639902562937735,0.5984896951550241,0.047651435395194605,0.5983117321270173,0.016190006027682426,0.2207177245166314
11030008,5.257126995450216,6.7639902562937735,0.5984896951550241,0.047651435395194605,0.5983117321270173,0.01607674400603077,0.2206799705094142
11030001,5.154057987071087,6.7639902562937735,0.5984896951550241,0.047651435395194605,0.5983117321270173,0.015738152554048663,0.22056710669208682
13070003,9.195354660424474,3.1403351039207097,0.6199923949410107,0.012866441776635373,0.6198080380091568,0.029014194790603888,0.22056289152546535
10210005,5.029663289243579,6.7639902562937735,0.5984896951550241,0.047651435395194605,0.5983117321270173,0.015329504192929663,0.22043089057171383
10040106,57.169268402479155,47.22442902997594,0.03818431865698475,0.43604824617476073,0.03817296441475538,0.1866130440143816,0.22027808486796588
10210008,4.803107636222101,6.7639902562937735,0.5984896951550241,0.047651435395194605,0.5983117321270173,0.01458524742052406,0.22018280498091194
10150001,4.754315268707674,6.7639902562937735,0.5984896951550241,0.047651435395194605,0.5983117321270173,0.014424959873159827,0.22012937579845723
11030011,4.680202630222063,6.7639902562937735,0.5984896951550241,0.047651435395194605,0.5983117321270173,0.014181492838115088,0.22004822012010897
11100102,4.53696019489931,6.7639902562937735,0.5984896951550241,0.047651435395194605,0.5983117321270173,0.01371092787465896,0.21989136513229027
10220001,4.484111453322323,6.7639902562937735,0.5984896951550241,0.047651435395194605,0.5983117321270173,0.01353731475440697,0.2198334940922063
10270206,4.463050195051293,6.7639902562937735,0.5984896951550241,0.047651435395194605,0.5983117321270173,0.013468126526726281,0.21981043134964603
10260014,4.420189551185208,6.7639902562937735,0.5984896951550241,0.047651435395194605,0.5983117321270173,0.013327325253213259,0.21976349759180835
10260012,4.417924631350855,6.7639902562937735,0.5984896951550241,0.047651435395194605,0.5983117321270173,0.013319884777095396,0.21976101743310242
10210004,4.415478178053901,6.7639902562937735,0.5984896951550241,0.047651435395194605,0.5983117321270173,0.013311847946363744,0.2197583384895252
11100201,4.410932308308808,6.7639902562937735,0.5984896951550241,0.047651435395194605,0.5983117321270173,0.013296914333809223,0.21975336061867368
11030014,4.391966796682947,6.7639902562937735,0.5984896951550241,0.047651435395194605,0.5983117321270173,0.013234610832301161,0.21973259278483767
10210010,4.360978711575106,6.7639902562937735,0.5984896951550241,0.047651435395194605,0.5983117321270173,0.01313281203850454,0.21969865985357215
11030015,4.282108924468474,6.7639902562937735,0.5984896951550241,0.047651435395194605,0.5983117321270173,0.012873717319792163,0.21961229494733467
11130203,4.111448499426678,6.7639902562937735,0.5984896951550241,0.047651435395194605,0.5983117321270173,0.012313081663938834,0.21942541639538357
10220002,4.109451963161145,6.7639902562937735,0.5984896951550241,0.047651435395194605,0.5983117321270173,0.012306522853257399,0.2194232301251564
11130302,4.088281406477649,6.7639902562937735,0.5984896951550241,0.047651435395194605,0.5983117321270173,0.01223697556994245,0.21940004769738475
11050001,4.047364482047612,6.7639902562937735,0.5984896951550241,0.047651435395194605,0.5983117321270173,0.012102559598824851,0.2193552423736789
10270201,4.010497568783955,6.7639902562937735,0.5984896951550241,0.047651435395194605,0.5983117321270173,0.011981448297878566,0.21931487194003016
11080006,3.975026198867301,6.7639902562937735,0.5984896951550241,0.047651435395194605,0.5983117321270173,0.011864921488969183,0.2192760296703937
12110104,7.879820139331919,3.1403351039207097,0.6199923949410107,0.012866441776635373,0.6198080380091568,0.02469253932273668,0.21912233970284292
11130208,3.8273373183238673,6.7639902562937735,0.5984896951550241,0.047651435395194605,0.5983117321270173,0.011379749531935598,0.2191143056847158
11060005,3.8082920251418844,6.7639902562937735,0.5984896951550241,0.047651435395194605,0.5983117321270173,0.011317183940461271,0.21909345048755768
10250011,3.73986059243862,6.7639902562937735,0.5984896951550241,0.047651435395194605,0.5983117321270173,0.011092380204356772,0.2190185159088562
10220004,3.7198221187814275,6.7639902562937735,0.5984896951550241,0.047651435395194605,0.5983117321270173,0.011026551920978546,0.21899657314773013
10140204,3.674406882631731,6.7639902562937735,0.5984896951550241,0.047651435395194605,0.5983117321270173,0.01087735856992318,0.21894684203071169
07020006,3.6696248603000443,6.7639902562937735,0.5984896951550241,0.047651435395194605,0.5983117321270173,0.010861649173760748,0.2189416055653242
10170204,3.626141891970756,6.7639902562937735,0.5984896951550241,0.047651435395194605,0.5983117321270173,0.010718803505459092,0.21889399034255697
10200203,3.612875255227672,6.7639902562937735,0.5984896951550241,0.047651435395194605,0.5983117321270173,0.010675221347559244,0.21887946295659036
11030012,3.564954971478016,6.7639902562937735,0.5984896951550241,0.047651435395194605,0.5983117321270173,0.010517798677938643,0.2188269887333835
11090101,3.562055649131445,6.7639902562937735,0.5984896951550241,0.047651435395194605,0.5983117321270173,0.01050827412949748,0.21882381388390312
10260010,3.5554077200294967,6.7639902562937735,0.5984896951550241,0.047651435395194605,0.5983117321270173,0.010486435052914703,0.21881653419170885
11090105,3.4333302064660374,6.7639902562937735,0.5984896951550241,0.047651435395194605,0.5983117321270173,0.01008539886151396,0.21868285546124192
11070202,3.393076598901272,6.7639902562937735,0.5984896951550241,0.047651435395194605,0.5983117321270173,0.009953161949107303,0.21863877649043972
11030003,3.3859571400180792,6.7639902562937735,0.5984896951550241,0.047651435395194605,0.5983117321270173,0.00992977385254466,0.21863098045825216
10240006,3.319008543637723,6.7639902562937735,0.5984896951550241,0.047651435395194605,0.5983117321270173,0.00970984137416856,0.21855766963212678
11120303,3.3152092914331646,6.7639902562937735,0.5984896951550241,0.047651435395194605,0.5983117321270173,0.00969736047093084,0.21855350933104756
11030017,3.292722562944851,6.7639902562937735,0.5984896951550241,0.047651435395194605,0.5983117321270173,0.00962348943861064,0.2185288856536075
11100303,3.231628071791088,6.7639902562937735,0.5984896951550241,0.047651435395194605,0.5983117321270173,0.009422788250220733,0.2184619852574775
11090203,3.228134396458638,6.7639902562937735,0.5984896951550241,0.047651435395194605,0.5983117321270173,0.009411311195942525,0.2184581595727181
11100301,3.225772615850261,6.7639902562937735,0.5984896951550241,0.047651435395194605,0.5983117321270173,0.009403552523010386,0.2184555733484074
10240007,3.208993956584166,6.7639902562937735,0.5984896951550241,0.047651435395194605,0.5983117321270173,0.009348433038574067,0.2184372001869286
11050002,3.202730769741865,6.7639902562937735,0.5984896951550241,0.047651435395194605,0.5983117321270173,0.009327857876744925,0.21843034179965226
11030004,3.186115181208484,6.7639902562937735,0.5984896951550241,0.047651435395194605,0.5983117321270173,0.009273274095106504,0.21841214720577276
10260015,3.1713841035449253,6.7639902562937735,0.5984896951550241,0.047651435395194605,0.5983117321270173,0.009224881110117086,0.2183960162107763
10250016,3.1404004024563803,6.7639902562937735,0.5984896951550241,0.047651435395194605,0.5983117321270173,0.00912309671823897,0.21836208808015026
10270103,3.0819160072796965,6.7639902562937735,0.5984896951550241,0.047651435395194605,0.5983117321270173,0.008930969942280015,0.21829804582149728
11130206,3.0792843201340525,6.7639902562937735,0.5984896951550241,0.047651435395194605,0.5983117321270173,0.00892232460081589,0.21829516404100924
11070107,3.0784000213608573,6.7639902562937735,0.5984896951550241,0.047651435395194605,0.5983117321270173,0.008919419595612961,0.21829419570594158
11070102,3.0604042032420136,6.7639902562937735,0.5984896951550241,0.047651435395194605,0.5983117321270173,0.008860301629094337,0.21827448971710206
10290101,3.036857960532724,6.7639902562937735,0.5984896951550241,0.047651435395194605,0.5983117321270173,0.008782949992234348,0.21824870583814873
11070101,3.017455943158379,6.7639902562937735,0.5984896951550241,0.047651435395194605,0.5983117321270173,0.00871921252801041,0.21822746001674076
11090201,2.9967710860778167,6.7639902562937735,0.5984896951550241,0.047651435395194605,0.5983117321270173,0.008651260813881295,0.21820480944536438
11070104,2.9949877966218175,6.7639902562937735,0.5984896951550241,0.047651435395194605,0.5983117321270173,0.008645402539161214,0.21820285668712436
10250009,2.992316949402938,6.7639902562937735,0.5984896951550241,0.047651435395194605,0.5983117321270173,0.0086366285531485,0.2181999320251201
11140305,2.9915696688597775,6.7639902562937735,0.5984896951550241,0.047651435395194605,0.5983117321270173,0.008634173665805295,0.21819911372933906
10210003,2.9891285261457625,6.7639902562937735,0.5984896951550241,0.047651435395194605,0.5983117321270173,0.008626154280841451,0.21819644060101775
11140104,2.973457844014375,6.7639902562937735,0.5984896951550241,0.047651435395194605,0.5983117321270173,0.008574674606205415,0.21817928070947243
11130202,2.960328810670368,6.7639902562937735,0.5984896951550241,0.047651435395194605,0.5983117321270173,0.008531544488501002,0.21816490400357094
11140102,2.9523013499170627,6.7639902562937735,0.5984896951550241,0.047651435395194605,0.5983117321270173,0.008505173519817642,0.21815611368067647
10210007,2.8967990165088366,6.7639902562937735,0.5984896951550241,0.047651435395194605,0.5983117321270173,0.008322843099135224,0.21809533687378235
11140307,2.8933994180393974,6.7639902562937735,0.5984896951550241,0.047651435395194605,0.5983117321270173,0.00831167509626001,0.21809161420615727
11110103,2.875184575424017,6.7639902562937735,0.5984896951550241,0.047651435395194605,0.5983117321270173,0.008251837613531146,0.21807166837858097
10200101,2.862272926692897,6.7639902562937735,0.5984896951550241,0.047651435395194605,0.5983117321270173,0.008209421624863907,0.21805752971569192
11060004,2.861907283859732,6.7639902562937735,0.5984896951550241,0.047651435395194605,0.5983117321270173,0.008208220453534764,0.21805712932524887
10270207,2.8534851844988576,6.7639902562937735,0.5984896951550241,0.047651435395194605,0.5983117321270173,0.008180553059657774,0.21804790686062323
10240008,2.841695324802501,6.7639902562937735,0.5984896951550241,0.047651435395194605,0.5983117321270173,0.008141822254190327,0.21803499659213407
11130101,2.837295227348446,6.7639902562937735,0.5984896951550241,0.047651435395194605,0.5983117321270173,0.008127367517414837,0.21803017834654223
10290104,2.8316659472210293,6.7639902562937735,0.5984896951550241,0.047651435395194605,0.5983117321270173,0.008108874799167805,0.21802401410712655
11130303,2.825196103213912,6.7639902562937735,0.5984896951550241,0.047651435395194605,0.5983117321270173,0.00808762074898417,0.218016929423732
11140105,2.776094146855698,6.7639902562937735,0.5984896951550241,0.047651435395194605,0.5983117321270173,0.007926316172953569,0.2179631612317218
10250017,2.751505978006161,6.7639902562937735,0.5984896951550241,0.047651435395194605,0.5983117321270173,0.007845541710064376,0.21793623641075874
10220003,2.737276597503188,6.7639902562937735,0.5984896951550241,0.047651435395194605,0.5983117321270173,0.007798796847752466,0.2179206547899881
10150007,2.735024633711739,6.7639902562937735,0.5984896951550241,0.047651435395194605,0.5983117321270173,0.007791398933462334,0.21791818881855807
11070203,2.733982167247637,6.7639902562937735,0.5984896951550241,0.047651435395194605,0.5983117321270173,0.007787974332418103,0.21791704728487662
11140107,2.7248918288003408,6.7639902562937735,0.5984896951550241,0.047651435395194605,0.5983117321270173,0.007758111709867617,0.2179070930773598
11030018,2.717116354170828,6.7639902562937735,0.5984896951550241,0.047651435395194605,0.5983117321270173,0.00773256853946112,0.21789857868722431
10120112,2.701371222239465,6.7639902562937735,0.5984896951550241,0.047651435395194605,0.5983117321270173,0.007680844290182618,0.21788133727079814
10270202,2.6361892431185474,6.7639902562937735,0.5984896951550241,0.047651435395194605,0.5983117321270173,0.00746671531678223,0.21780996094633134
11140108,2.6221500548693224,6.7639902562937735,0.5984896951550241,0.047651435395194605,0.5983117321270173,0.007420595254032915,0.2177945875920816
11140103,2.615689055792042,6.7639902562937735,0.5984896951550241,0.047651435395194605,0.5983117321270173,0.007399370260281306,0.21778751259416437
11010001,2.5903619320391567,6.7639902562937735,0.5984896951550241,0.047651435395194605,0.5983117321270173,0.0073161682605640335,0.21775977859425863
16060008,55.17353806001908,7.110150752612784,0.42233889949646064,0.05097437594806938,0.42221331553067487,0.18005688086655475,0.21774819078176633
11070201,2.5565873452602363,6.7639902562937735,0.5984896951550241,0.047651435395194605,0.5983117321270173,0.007205215544928069,0.2177227943557133
10260008,2.5348440795471,6.7639902562937735,0.5984896951550241,0.047651435395194605,0.5983117321270173,0.007133786858221752,0.21769898479347785
11090202,2.5207910970310117,6.7639902562937735,0.5984896951550241,0.047651435395194605,0.5983117321270173,0.00708762147999963,0.2176835963340705
11030016,2.5029557486078855,6.7639902562937735,0.5984896951550241,0.047651435395194605,0.5983117321270173,0.007029030671626083,0.21766406606461264
10290102,2.4916180093673357,6.7639902562937735,0.5984896951550241,0.047651435395194605,0.5983117321270173,0.0069917851246665995,0.2176516508822928
11140306,2.4740004411217473,6.7639902562937735,0.5984896951550241,0.047651435395194605,0.5983117321270173,0.006933909744797557,0.21763235908900314
11140302,2.473891380973923,6.7639902562937735,0.5984896951550241,0.047651435395194605,0.5983117321270173,0.006933551471885206,0.21763223966469902
10210009,2.471309601222304,6.7639902562937735,0.5984896951550241,0.047651435395194605,0.5983117321270173,0.006925070080936113,0.21762941253438264
11100302,2.4538435092369815,6.7639902562937735,0.5984896951550241,0.047651435395194605,0.5983117321270173,0.006867692314925114,0.217610286612379
11070204,2.45306262118904,6.7639902562937735,0.5984896951550241,0.047651435395194605,0.5983117321270173,0.006865127023746455,0.21760943151531942
10270205,2.431607883255633,6.7639902562937735,0.5984896951550241,0.047651435395194605,0.5983117321270173,0.006794646178116832,0.21758593790010958
11130201,2.4055108138407846,6.7639902562937735,0.5984896951550241,0.047651435395194605,0.5983117321270173,0.006708914833994958,0.21755736078540225
10290103,2.3760684921806403,6.7639902562937735,0.5984896951550241,0.047651435395194605,0.5983117321270173,0.006612194019490147,0.2175251205139007
11070205,2.366217663192176,6.7639902562937735,0.5984896951550241,0.047651435395194605,0.5983117321270173,0.006579833113502165,0.217514333545238
11030010,2.3659903450405224,6.7639902562937735,0.5984896951550241,0.047651435395194605,0.5983117321270173,0.0065790863518495534,0.21751408462468713
11130102,2.333851755547253,6.7639902562937735,0.5984896951550241,0.047651435395194605,0.5983117321270173,0.00647350804220719,0.21747889185480632
11070206,2.319345903313826,6.7639902562937735,0.5984896951550241,0.047651435395194605,0.5983117321270173,0.006425854944082028,0.2174630074887646
11060006,2.319345903313826,6.7639902562937735,0.5984896951550241,0.047651435395194605,0.5983117321270173,0.006425854944082028,0.2174630074887646
11110201,2.319345903313826,6.7639902562937735,0.5984896951550241,0.047651435395194605,0.5983117321270173,0.006425854944082028,0.2174630074887646
11060001,2.319345903313826,6.7639902562937735,0.5984896951550241,0.047651435395194605,0.5983117321270173,0.006425854944082028,0.2174630074887646
10270102,2.319345903313826,6.7639902562937735,0.5984896951550241,0.047651435395194605,0.5983117321270173,0.006425854944082028,0.2174630074887646
10270101,2.319345903313826,6.7639902562937735,0.5984896951550241,0.047651435395194605,0.5983117321270173,0.006425854944082028,0.2174630074887646
11030013,2.319345903313826,6.7639902562937735,0.5984896951550241,0.047651435395194605,0.5983117321270173,0.006425854944082028,0.2174630074887646
10270104,2.319345903313826,6.7639902562937735,0.5984896951550241,0.047651435395194605,0.5983117321270173,0.006425854944082028,0.2174630074887646
11130304,2.319345903313826,6.7639902562937735,0.5984896951550241,0.047651435395194605,0.5983117321270173,0.006425854944082028,0.2174630074887646
11140106,2.319345903313826,6.7639902562937735,0.5984896951550241,0.047651435395194605,0.5983117321270173,0.006425854944082028,0.2174630074887646
11070209,2.319345903313826,6.7639902562937735,0.5984896951550241,0.047651435395194605,0.5983117321270173,0.006425854944082028,0.2174630074887646
11110202,2.319345903313826,6.7639902562937735,0.5984896951550241,0.047651435395194605,0.5983117321270173,0.006425854944082028,0.2174630074887646
10170101,2.319345903313826,6.7639902562937735,0.5984896951550241,0.047651435395194605,0.5983117321270173,0.006425854944082028,0.2174630074887646
10240001,2.319345903313826,6.7639902562937735,0.5984896951550241,0.047651435395194605,0.5983117321270173,0.006425854944082028,0.2174630074887646
10200201,2.319345903313826,6.7639902562937735,0.5984896951550241,0.047651435395194605,0.5983117321270173,0.006425854944082028,0.2174630074887646
10200103,2.319345903313826,6.7639902562937735,0.5984896951550241,0.047651435395194605,0.5983117321270173,0.006425854944082028,0.2174630074887646
10130105,2.319345903313826,6.7639902562937735,0.5984896951550241,0.047651435395194605,0.5983117321270173,0.006425854944082028,0.2174630074887646
10200202,2.319345903313826,6.7639902562937735,0.5984896951550241,0.047651435395194605,0.5983117321270173,0.006425854944082028,0.2174630074887646
10190001,27.49362815086644,3.0514832367384073,0.5473874886586908,0.012013515241694705,0.5472247210525593,0.08912575584399444,0.21612133071274944
13070001,4.655599572634285,3.1403351039207097,0.6199923949410107,0.012866441776635373,0.6198080380091568,0.01410066946431098,0.21559171641670105
08030204,1.339725486951588,6.794412263189868,0.5956585465666991,0.047943469065962474,0.5954814253907402,0.0032077091174790035,0.21554420119139392
08030205,1.3288617179213642,6.794412263189868,0.5956585465666991,0.047943469065962474,0.5954814253907402,0.0031720206075400007,0.2155323050214142
08030202,1.0051294927215293,6.794412263189868,0.5956585465666991,0.047943469065962474,0.5954814253907402,0.002108529594018165,0.21517780801690697
14010003,26.230792583136235,3.0514832367384073,0.5473874886586908,0.012013515241694705,0.5472247210525593,0.08497722142791092,0.21473848590738828
13030102,3.63774234225196,3.1403351039207097,0.6199923949410107,0.012866441776635373,0.6198080380091568,0.010756912083062856,0.21447713062295168
13040201,3.5649998807026817,3.1403351039207097,0.6199923949410107,0.012866441776635373,0.6198080380091568,0.01051794620899406,0.2143974753315954
13040100,3.415918587214256,3.1403351039207097,0.6199923949410107,0.012866441776635373,0.6198080380091568,0.010028200043590589,0.21423422660979427
13040205,3.097878073839925,3.1403351039207097,0.6199923949410107,0.012866441776635373,0.6198080380091568,0.008983406842355568,0.21388596220938258
13040208,2.962045498398868,3.1403351039207097,0.6199923949410107,0.012866441776635373,0.6198080380091568,0.008537183970239826,0.21373722125201067
13040203,2.9320787426968304,3.1403351039207097,0.6199923949410107,0.012866441776635373,0.6198080380091568,0.008438740340249488,0.21370440670868054
16060009,50.818690167640284,7.110150752612784,0.42233889949646064,0.05097437594806938,0.42221331553067487,0.16575079318578556,0.2129794948881766
03130010,2.2573513496580593,14.390821059759238,0.5106028414463875,0.12086459991352291,0.5104510118852299,0.006222196965147408,0.21251260292130006
03130004,1.8714091042578287,14.390821059759238,0.5106028414463875,0.12086459991352291,0.5104510118852299,0.00495434014468963,0.2120899839811475
16040107,48.91168294532295,7.110150752612784,0.42233889949646064,0.05097437594806938,0.42221331553067487,0.1594860938886927,0.21089126178914563
12020004,1.9300528830136359,5.746916128684432,0.5838458927986689,0.037888112023950614,0.583672284157095,0.005146990510797809,0.20890246223061448
12010002,1.6137937332383605,5.746916128684432,0.5838458927986689,0.037888112023950614,0.583672284157095,0.004108049257660452,0.20855614847956871
12020005,1.5671987852559528,5.746916128684432,0.5838458927986689,0.037888112023950614,0.583672284157095,0.003954980441529406,0.20850512554085834
03090103,1.1461179222069637,2.8122458625012716,0.6132020432766777,0.009716974818771238,0.613019705479912,0.0025716899348701173,0.20843612341118445
12010004,1.4116208025638401,5.746916128684432,0.5838458927986689,0.037888112023950614,0.583672284157095,0.0034438920369296347,0.20833476273932508
03100101,0.9896329792630546,2.8122458625012716,0.6132020432766777,0.009716974818771238,0.613019705479912,0.002057622079964429,0.20826476745954922
03110101,0.9752786897446379,2.8122458625012716,0.6132020432766777,0.009716974818771238,0.613019705479912,0.0020104668797093304,0.20824904905946418
16060005,46.488726181718654,7.110150752612784,0.42233889949646064,0.05097437594806938,0.42221331553067487,0.1515264514939496,0.20823804765756462
03100208,0.9410253789115117,2.8122458625012716,0.6132020432766777,0.009716974818771238,0.613019705479912,0.0018979415102256055,0.20821154060296962
03110102,0.9250513784844091,2.8122458625012716,0.6132020432766777,0.009716974818771238,0.613019705479912,0.00184546540626737,0.2081940485683169
03110103,0.9004199795234641,2.8122458625012716,0.6132020432766777,0.009716974818771238,0.613019705479912,0.0017645489283688036,0.20816707640901735
03100207,0.7980576136548717,2.8122458625012716,0.6132020432766777,0.009716974818771238,0.613019705479912,0.001428278863944776,0.2080549863875427
03120003,0.6499380734860006,2.8122458625012716,0.6132020432766777,0.009716974818771238,0.613019705479912,0.0009416921492630853,0.2078927908159821
03110205,0.46146683412386763,2.8122458625012716,0.6132020432766777,0.009716974818771238,0.613019705479912,0.00032254628188697134,0.20768640886019007
18030005,101.74018184287901,4.251642910581622,0.26629358068129144,0.02353435396404075,0.26621439734306446,0.33303271502200243,0.20759382210970254
15010013,45.87438769298708,7.110150752612784,0.42233889949646064,0.05097437594806938,0.42221331553067487,0.14950829138763544,0.20756532762212654
18100202,101.31502797287172,4.251642910581622,0.26629358068129144,0.02353435396404075,0.26621439734306446,0.3316360443018179,0.20712826520297437
12070103,1.888241097361888,5.494912255843435,0.5802175487018693,0.03546902059829836,0.5800450189612478,0.005009634835833766,0.20684122479845998
12040102,1.623039207888319,5.494912255843435,0.5802175487018693,0.03546902059829836,0.5800450189612478,0.004138421517326308,0.20655082035895753
12040203,1.559383246981119,5.494912255843435,0.5802175487018693,0.03546902059829836,0.5800450189612478,0.003929305658254461,0.20648111507260022
12020002,1.3147288050814006,5.494912255843435,0.5802175487018693,0.03546902059829836,0.5800450189612478,0.003125592650635461,0.20621321073672724
03130011,0.4609751764959527,2.8448445543640632,0.6081542378271548,0.01002990340627162,0.6079734010131962,0.0003209311400249147,0.20610807851983093
12040101,1.206111763515733,5.494912255843435,0.5802175487018693,0.03546902059829836,0.5800450189612478,0.002768775384300265,0.20609427164794883
12070204,1.1362393792749785,5.494912255843435,0.5802175487018693,0.03546902059829836,0.5800450189612478,0.0025392379859534753,0.2060177591818332
12030202,1.1233193789521723,5.494912255843435,0.5802175487018693,0.03546902059829836,0.5800450189612478,0.002496794561516745,0.20600361137368764
12070104,1.1069268552866494,5.494912255843435,0.5802175487018693,0.03546902059829836,0.5800450189612478,0.002442943569090933,0.20598566104287905
12070101,1.1069268552866494,5.494912255843435,0.5802175487018693,0.03546902059829836,0.5800450189612478,0.002442943569090933,0.20598566104287905
12040104,1.1069268552866494,5.494912255843435,0.5802175487018693,0.03546902059829836,0.5800450189612478,0.002442943569090933,0.20598566104287905
17040105,27.785778341914103,6.138163998310072,0.479230942258572,0.04164386528300181,0.4790884412426158,0.09008549688486885,0.20360593447016218
16010102,27.473017095926313,6.138163998310072,0.479230942258572,0.04164386528300181,0.4790884412426158,0.08905804657688488,0.2032634510341675
05110006,6.597311647209758,7.479010998647711,0.5348807925283027,0.054515220969169824,0.5347217438325078,0.020479377487224566,0.20323878076296742
13070009,40.165412960841955,3.181634893045001,0.46534650483212114,0.013262895865318593,0.4652081324027498,0.13075376881790438,0.20307493236199092
05100205,6.353180273445192,7.479010998647711,0.5348807925283027,0.054515220969169824,0.5347217438325078,0.019677382807958114,0.20297144920321195
17040103,26.926245868284973,6.138163998310072,0.479230942258572,0.04164386528300181,0.4790884412426158,0.08726185132109925,0.20266471928223895
16060004,40.21909710327374,7.110150752612784,0.42233889949646064,0.05097437594806938,0.42221331553067487,0.13093012630906728,0.2013726059292705
17040214,43.38247713649733,9.459917781092098,0.3892631248275418,0.0735307803667476,0.3891473760603591,0.14132212925412785,0.2013334285604115
16040104,40.09931586645976,7.110150752612784,0.42233889949646064,0.05097437594806938,0.42221331553067487,0.13053663360421974,0.20124144169432134
03080101,1.1775048545285036,2.906853490259695,0.5832541164606605,0.010625153326234515,0.5830806837858742,0.0026747989795300087,0.19879354536387958
03080102,1.0858325534239301,2.906853490259695,0.5832541164606605,0.010625153326234515,0.5830806837858742,0.002373646790082693,0.19869316130073045
13040211,36.08434290880752,3.181634893045001,0.46534650483212114,0.013262895865318593,0.4652081324027498,0.1173470672662977,0.19860603184478867
03060107,6.621250871072619,21.974698918345116,0.38087825069728104,0.1936654410040669,0.38076499520208246,0.020558020104384858,0.19832948543684478
03050106,5.850876955015603,21.974698918345116,0.38087825069728104,0.1936654410040669,0.38076499520208246,0.018027268844535677,0.1974859016835617
03060105,2.0093839825986906,9.270213150593904,0.5138833128722825,0.07170972563504406,0.5137305078513418,0.005407600684682823,0.1969492780570229
03070105,2.0040755155206074,9.270213150593904,0.5138833128722825,0.07170972563504406,0.5137305078513418,0.005390161867680181,0.196943465118022
03070204,1.9913689058600734,9.270213150593904,0.5138833128722825,0.07170972563504406,0.5137305078513418,0.005348419451774672,0.19692955097938683
03060201,1.9698760161955036,9.270213150593904,0.5138833128722825,0.07170972563504406,0.5137305078513418,0.005277813274095645,0.19690601558682716
03140302,1.7346062050173057,9.126641611745285,0.5160005917956808,0.07033152190078823,0.5158471571943624,0.004504929667014071,0.19689453625405492
03070107,1.9547821702113677,9.270213150593904,0.5138833128722825,0.07170972563504406,0.5137305078513418,0.005228228560823117,0.19688948734906966
03060108,1.9545910117365013,9.270213150593904,0.5138833128722825,0.07170972563504406,0.5137305078513418,0.005227600587132659,0.19688927802450618
03130012,1.6318445690759291,8.891205082932242,0.5185473179759889,0.06807146739560879,0.5183931260966317,0.004167347962594637,0.19687731381827836
03060203,1.9351194210254257,9.270213150593904,0.5138833128722825,0.07170972563504406,0.5137305078513418,0.00516363456790976,0.19686795601809856
03140303,1.709388766128804,9.126641611745285,0.5160005917956808,0.07033152190078823,0.5158471571943624,0.004422087992462201,0.19686692236253764
03140202,1.7066481970312284,9.126641611745285,0.5160005917956808,0.07033152190078823,0.5158471571943624,0.004413084963476106,0.1968639213528756
03070202,1.9130639427160732,9.270213150593904,0.5138833128722825,0.07170972563504406,0.5137305078513418,0.0050911802332619105,0.19684380457321593
03140201,1.6860286243674225,9.126641611745285,0.5160005917956808,0.07033152190078823,0.5158471571943624,0.004345347714837723,0.19684134226999614
03110202,1.9013425106999933,9.270213150593904,0.5138833128722825,0.07170972563504406,0.5137305078513418,0.005052674219203491,0.19683096923519647
03060204,1.8901960609263797,9.270213150593904,0.5138833128722825,0.07170972563504406,0.5137305078513418,0.0050160570762558185,0.19681876352088057
03070101,1.8749918911074526,9.270213150593904,0.5138833128722825,0.07170972563504406,0.5137305078513418,0.004966109938739596,0.1968021144750418
03130005,1.8576102392330276,9.270213150593904,0.5138833128722825,0.07170972563504406,0.5137305078513418,0.004909009566488408,0.19678308101762476
03070203,1.8409562677614923,9.270213150593904,0.5138833128722825,0.07170972563504406,0.5137305078513418,0.004854299693263727,0.1967648443932165
03130007,1.835143738788859,9.270213150593904,0.5138833128722825,0.07170972563504406,0.5137305078513418,0.00483520498520859,0.1967584794905315
03110204,1.8325078246641096,9.270213150593904,0.5138833128722825,0.07170972563504406,0.5137305078513418,0.004826545757717858,0.19675559308136792
03140103,1.606050513363835,9.126641611745285,0.5160005917956808,0.07033152190078823,0.5158471571943624,0.004082612047178245,0.1967537637141096
03070103,1.8277025493802475,9.270213150593904,0.5138833128722825,0.07170972563504406,0.5137305078513418,0.004810759973405742,0.19675033115326387
03140104,1.5989798733639775,9.126641611745285,0.5160005917956808,0.07033152190078823,0.5158471571943624,0.0040593843252699465,0.1967460211401402
03140106,1.5919618913993085,9.126641611745285,0.5160005917956808,0.07033152190078823,0.5158471571943624,0.004036329589993355,0.19673833622838133
03130009,1.8091027961827166,9.270213150593904,0.5138833128722825,0.07170972563504406,0.5137305078513418,0.004749658022967883,0.19672996383645125
03060104,1.8025585696793733,9.270213150593904,0.5138833128722825,0.07170972563504406,0.5137305078513418,0.004728159619240973,0.19672279770187562
03120002,1.7772397279551129,9.270213150593904,0.5138833128722825,0.07170972563504406,0.5137305078513418,0.004644984826771946,0.19669507277105258
03140107,1.5327313418251214,9.126641611745285,0.5160005917956808,0.07033152190078823,0.5158471571943624,0.0038417516261863107,0.19667347690711232
03070201,1.7401495993517881,9.270213150593904,0.5138833128722825,0.07170972563504406,0.5137305078513418,0.00452314024229891,0.1966544579095616
03150202,1.7137172849858138,9.270213150593904,0.5138833128722825,0.07170972563504406,0.5137305078513418,0.004436307586768724,0.19662551369105152
03140301,1.4869717144868662,9.126641611745285,0.5160005917956808,0.07033152190078823,0.5158471571943624,0.00369142691746662,0.1966233686708724
03150104,1.7054805644764228,9.270213150593904,0.5138833128722825,0.07170972563504406,0.5137305078513418,0.004409249179972116,0.19661649422211933
03150108,1.7038645354552944,9.270213150593904,0.5138833128722825,0.07170972563504406,0.5137305078513418,0.004403940371618237,0.1966147246193347
03160111,1.7011307139126577,9.270213150593904,0.5138833128722825,0.07170972563504406,0.5137305078513418,0.004394959508989033,0.1966117309984583
03160107,1.694797283507801,9.270213150593904,0.5138833128722825,0.07170972563504406,0.5137305078513418,0.004374153590405631,0.19660479569226383
03150109,1.4397553816754767,9.126641611745285,0.5160005917956808,0.07033152190078823,0.5158471571943624,0.00353631679333433,0.19657166529616166
03160105,1.6616459530858991,9.270213150593904,0.5138833128722825,0.07170972563504406,0.5137305078513418,0.004265248330917724,0.19656849393910117
03150102,1.660177413355577,9.270213150593904,0.5138833128722825,0.07170972563504406,0.5137305078513418,0.004260424038849694,0.1965668858417452
03110201,1.6542721541955345,9.270213150593904,0.5138833128722825,0.07170972563504406,0.5137305078513418,0.0042410247033484285,0.1965604193965781
03160103,1.6471405570513498,9.270213150593904,0.5138833128722825,0.07170972563504406,0.5137305078513418,0.00421759673144907,0.19655261007261163
03130003,1.3761872899980556,9.126641611745285,0.5160005917956808,0.07033152190078823,0.5158471571943624,0.0033274895930025168,0.1965020562293844
03130001,1.5912160067801377,9.270213150593904,0.5138833128722825,0.07170972563504406,0.5137305078513418,0.004033879288392634,0.19649137092492616
03140102,1.5865779325734637,9.270213150593904,0.5138833128722825,0.07170972563504406,0.5137305078513418,0.0040186427754511115,0.196486292087279
03110203,1.5738465469590488,9.270213150593904,0.5138833128722825,0.07170972563504406,0.5137305078513418,0.003976818968191104,0.19647235081819234
03140304,1.3389497573908156,9.126641611745285,0.5160005917956808,0.07033152190078823,0.5158471571943624,0.003205160772419146,0.1964612799558566
03140305,1.3389497573908156,9.126641611745285,0.5160005917956808,0.07033152190078823,0.5158471571943624,0.003205160772419146,0.1964612799558566
03150106,1.3389497573908156,9.126641611745285,0.5160005917956808,0.07033152190078823,0.5158471571943624,0.003205160772419146,0.1964612799558566
03150107,1.3389497573908156,9.126641611745285,0.5160005917956808,0.07033152190078823,0.5158471571943624,0.003205160772419146,0.1964612799558566
03150203,1.3389497573908156,9.126641611745285,0.5160005917956808,0.07033152190078823,0.5158471571943624,0.003205160772419146,0.1964612799558566
03150201,1.3389497573908156,9.126641611745285,0.5160005917956808,0.07033152190078823,0.5158471571943624,0.003205160772419146,0.1964612799558566
03140203,1.3389497573908156,9.126641611745285,0.5160005917956808,0.07033152190078823,0.5158471571943624,0.003205160772419146,0.1964612799558566
03130002,1.521100183797404,9.270213150593904,0.5138833128722825,0.07170972563504406,0.5137305078513418,0.0038035421707275775,0.19641459188570445
03070102,1.5191429765380469,9.270213150593904,0.5138833128722825,0.07170972563504406,0.5137305078513418,0.003797112559555439,0.1964124486819804
03070104,1.4548390531250897,9.270213150593904,0.5138833128722825,0.07170972563504406,0.5137305078513418,0.0035858680822975376,0.1963420338562278
03130006,1.4378417018879595,9.270213150593904,0.5138833128722825,0.07170972563504406,0.5137305078513418,0.0035300301740287397,0.1963234212201382
03060202,1.3969327320980618,9.270213150593904,0.5138833128722825,0.07170972563504406,0.5137305078513418,0.003395640334657214,0.19627862460701437
03150110,1.3802836861156167,9.270213150593904,0.5138833128722825,0.07170972563504406,0.5137305078513418,0.003340946642130582,0.19626039337617215
03060109,1.3621258025746266,9.270213150593904,0.5138833128722825,0.07170972563504406,0.5137305078513418,0.0032812962753544636,0.1962405099205801
03070106,1.3621258025746266,9.270213150593904,0.5138833128722825,0.07170972563504406,0.5137305078513418,0.0032812962753544636,0.1962405099205801
03130008,1.3621258025746266,9.270213150593904,0.5138833128722825,0.07170972563504406,0.5137305078513418,0.0032812962753544636,0.1962405099205801
03180004,1.3621258025746266,9.270213150593904,0.5138833128722825,0.07170972563504406,0.5137305078513418,0.0032812962753544636,0.1962405099205801
03160113,1.3621258025746266,9.270213150593904,0.5138833128722825,0.07170972563504406,0.5137305078513418,0.0032812962753544636,0.1962405099205801
03160112,1.3621258025746266,9.270213150593904,0.5138833128722825,0.07170972563504406,0.5137305078513418,0.0032812962753544636,0.1962405099205801
03160106,1.3621258025746266,9.270213150593904,0.5138833128722825,0.07170972563504406,0.5137305078513418,0.0032812962753544636,0.1962405099205801
03150204,1.3621258025746266,9.270213150593904,0.5138833128722825,0.07170972563504406,0.5137305078513418,0.0032812962753544636,0.1962405099205801
03160201,1.3621258025746266,9.270213150593904,0.5138833128722825,0.07170972563504406,0.5137305078513418,0.0032812962753544636,0.1962405099205801
10040105,34.11590468762438,47.22442902997594,0.03818431865698475,0.43604824617476073,0.03817296441475538,0.11088056132111741,0.19503392397021116
03140101,1.577584371253505,8.348900748454284,0.5183100918616202,0.06286565944178651,0.5181559705222873,0.003989098074927616,0.19500357601300047
18030009,65.97218150772592,13.147687731911972,0.26004499770055917,0.1089312389677754,0.2599676724005858,0.2155314471003414,0.19481011948956753
12080002,10.438490052791852,4.623028193636296,0.5176416202109523,0.027099437880103647,0.5174876976440295,0.03309801226523916,0.19256171592979074
11120201,9.252196089661535,4.623028193636296,0.5176416202109523,0.027099437880103647,0.5174876976440295,0.029200924267881092,0.19126268659733806
11120301,8.531590882557404,4.623028193636296,0.5176416202109523,0.027099437880103647,0.5174876976440295,0.026833667929469854,0.19047360115120096
11130104,8.448959179615544,4.623028193636296,0.5176416202109523,0.027099437880103647,0.5174876976440295,0.026562214961028334,0.19038311682838713
04100001,1.62830252741495,5.1401591411228384,0.5342841532541222,0.03206359587855408,0.5341252819711261,0.0041557120203474735,0.19011486329000923
07130002,1.49816686458265,5.1401591411228384,0.5342841532541222,0.03206359587855408,0.5341252819711261,0.003728204045583986,0.1899723606317547
04100002,1.488252946035924,5.1401591411228384,0.5342841532541222,0.03206359587855408,0.5341252819711261,0.0036956358844232534,0.18996150457803448
07090007,1.468622953147024,5.1401591411228384,0.5342841532541222,0.03206359587855408,0.5341252819711261,0.003631149499047328,0.1899400091162425
07090006,1.4009031250098123,5.1401591411228384,0.5342841532541222,0.03206359587855408,0.5341252819711261,0.003408683451323128,0.18986585376700113
05120104,1.3675464070530567,5.1401591411228384,0.5342841532541222,0.03206359587855408,0.5341252819711261,0.003299103474335375,0.18982932710800518
11130103,7.92779984987123,4.623028193636296,0.5176416202109523,0.027099437880103647,0.5174876976440295,0.024850157214988334,0.18981243091304045
05120110,1.3028303956247271,5.1401591411228384,0.5342841532541222,0.03206359587855408,0.5341252819711261,0.0030865052489269518,0.18975846103286906
17040216,32.805095516076555,9.459917781092098,0.3892631248275418,0.0735307803667476,0.3891473760603591,0.10657442907394123,0.18975086183368264
04050003,1.2134608021039024,5.1401591411228384,0.5342841532541222,0.03206359587855408,0.5341252819711261,0.0027929176719323316,0.18966059850720418
07060005,0.8004220189032244,5.1401591411228384,0.5342841532541222,0.03206359587855408,0.5341252819711261,0.0014360461590677586,0.189208308002916
05120105,0.8004220189032244,5.1401591411228384,0.5342841532541222,0.03206359587855408,0.5341252819711261,0.0014360461590677586,0.189208308002916
12050004,6.1284645120917025,4.623028193636296,0.5176416202109523,0.027099437880103647,0.5174876976440295,0.01893917025389856,0.18784210192601056
11120104,5.888344043187598,4.623028193636296,0.5176416202109523,0.027099437880103647,0.5174876976440295,0.018150351776885558,0.18757916243367287
12050003,5.316915521330038,4.623028193636296,0.5176416202109523,0.027099437880103647,0.5174876976440295,0.0162731549748358,0.18695343016632296
11130204,5.083874251377597,4.623028193636296,0.5176416202109523,0.027099437880103647,0.5174876976440295,0.015507592336698213,0.1866982426202771
12050006,5.055424359185157,4.623028193636296,0.5176416202109523,0.027099437880103647,0.5174876976440295,0.015414131746966535,0.18666708909036653
03100203,0.980741121618263,2.8335541989340713,0.5476236543218176,0.009921522524242507,0.5474608164909907,0.0020284114856440336,0.18647025016695906
03100204,0.9615471633494663,2.8335541989340713,0.5476236543218176,0.009921522524242507,0.5474608164909907,0.0019653575152826395,0.1864492321768386
03100206,0.9600886015477249,2.8335541989340713,0.5476236543218176,0.009921522524242507,0.5474608164909907,0.001960566001654793,0.18644763500562933
03100205,0.8697939183491021,2.8335541989340713,0.5476236543218176,0.009921522524242507,0.5474608164909907,0.00166393941747319,0.1863487594775688
15010010,26.457979525800972,7.110150752612784,0.42233889949646064,0.05097437594806938,0.42221331553067487,0.08572355204657053,0.1863037478417716
03090101,1.1135419314657875,2.8166947348623594,0.544891578541688,0.00975968142030557,0.5447295531032591,0.0024646747207114836,0.18565130308142538
03130013,0.8905413396595045,2.8166947348623594,0.544891578541688,0.00975968142030557,0.5447295531032591,0.0017320966610214472,0.18540711039486205
03120001,0.8460863877823162,2.8166947348623594,0.544891578541688,0.00975968142030557,0.5447295531032591,0.0015860579347292104,0.1853584308194313
11130207,3.860111712946792,4.623028193636296,0.5176416202109523,0.027099437880103647,0.5174876976440295,0.011487416521632354,0.18535818401525514
10070008,25.201320484764594,47.22442902997594,0.03818431865698475,0.43604824617476073,0.03817296441475538,0.0815953081055227,0.18527217289834627
11130209,3.7457096778446535,4.623028193636296,0.5176416202109523,0.027099437880103647,0.5174876976440295,0.011111595003757106,0.1852329101759634
11120103,3.5444834758259267,4.623028193636296,0.5176416202109523,0.027099437880103647,0.5174876976440295,0.01045054787630495,0.18501256113347933
16050203,24.94317459022521,7.110150752612784,0.42233889949646064,0.05097437594806938,0.42221331553067487,0.08074727439849608,0.18464498862574677
11090106,2.997825432413271,4.623028193636296,0.5176416202109523,0.027099437880103647,0.5174876976440295,0.008654724441427805,0.18441395332185362
11120105,2.6463890072795424,4.623028193636296,0.5176416202109523,0.027099437880103647,0.5174876976440295,0.0075002225078521475,0.18402911934399505
11130105,2.634986358838365,4.623028193636296,0.5176416202109523,0.027099437880103647,0.5174876976440295,0.0074627637280224425,0.18401663308405183
16050301,24.28782242330927,7.110150752612784,0.42233889949646064,0.05097437594806938,0.42221331553067487,0.07859438047581989,0.18392735731818802
12010003,2.295033591990041,4.623028193636296,0.5176416202109523,0.027099437880103647,0.5174876976440295,0.0063459866992854825,0.18364437407447284
12010001,2.2915906759742413,4.623028193636296,0.5176416202109523,0.027099437880103647,0.5174876976440295,0.0063346763941687975,0.1836406039727673
11140303,2.157802158564137,4.623028193636296,0.5176416202109523,0.027099437880103647,0.5174876976440295,0.0058951684462336595,0.18349410132345556
16040105,23.324632715297938,7.110150752612784,0.42233889949646064,0.05097437594806938,0.42221331553067487,0.0754302110819498,0.18287263418689803
16050302,23.184549258820784,7.110150752612784,0.42233889949646064,0.05097437594806938,0.42221331553067487,0.07497002366312065,0.18271923838062162
12090103,22.194586304865435,3.1821995053119405,0.4632323301973658,0.013268315816521619,0.463094586425301,0.0717179016212042,0.18269360128767562
16040108,22.645350331651194,7.110150752612784,0.42233889949646064,0.05097437594806938,0.42221331553067487,0.07319870413139501,0.18212879853671307
18100201,54.08953089923384,13.147687731911972,0.26004499770055917,0.1089312389677754,0.2599676724005858,0.17649581470029096,0.18179824202288408
16050303,21.905702723811345,7.110150752612784,0.42233889949646064,0.05097437594806938,0.42221331553067487,0.07076889170346931,0.18131886106073783
16050304,21.68592216323821,7.110150752612784,0.42233889949646064,0.05097437594806938,0.42221331553067487,0.0700468917512803,0.18107819441000816
16050201,21.439394397894446,7.110150752612784,0.42233889949646064,0.05097437594806938,0.42221331553067487,0.0692370246987653,0.1808082387258365
16050202,21.17966559010359,7.110150752612784,0.42233889949646064,0.05097437594806938,0.42221331553067487,0.06838379097182382,0.1805238274835227
16040203,38.09705080444804,6.260355992977723,0.3674737772635646,0.04281683775858899,0.36736450763595974,0.1239590032839025,0.17804678289281706
10040205,18.505555066790695,47.22442902997594,0.03818431865698475,0.43604824617476073,0.03817296441475538,0.05959908469504848,0.17794009842818817
18100203,74.48818962194902,4.251642910581622,0.26629358068129144,0.02353435396404075,0.26621439734306446,0.24350734012416606,0.17775203047709043
10070007,17.131807589271318,47.22442902997594,0.03818431865698475,0.43604824617476073,0.03817296441475538,0.05508619415321776,0.1764358015809113
13070011,15.770809199957872,3.181634893045001,0.46534650483212114,0.013262895865318593,0.4652081324027498,0.05061518557333642,0.17636207128046824
03160202,1.4857004203440074,8.20322743967071,0.46024164316972976,0.06146727993177366,0.4601047886890321,0.0036872505958303087,0.1750864397388787
03180001,1.4746362908658757,8.20322743967071,0.46024164316972976,0.06146727993177366,0.4601047886890321,0.0036509038828480846,0.1750743241678846
03150101,1.4310224867040144,8.20322743967071,0.46024164316972976,0.06146727993177366,0.4601047886890321,0.0035076284064477687,0.17502656567575117
06030006,1.4114228267509044,8.20322743967071,0.46024164316972976,0.06146727993177366,0.4601047886890321,0.0034432416676380946,0.17500510342948128
03160110,1.3752628309706982,8.20322743967071,0.46024164316972976,0.06146727993177366,0.4601047886890321,0.003324452657561948,0.17496550709278924
03160109,1.2108175708274593,8.20322743967071,0.46024164316972976,0.06146727993177366,0.4601047886890321,0.002784234406905435,0.1747854343425704
03150105,1.123940408466723,8.20322743967071,0.46024164316972976,0.06146727993177366,0.4601047886890321,0.0024988347022764394,0.17469030110769404
03150103,1.123940408466723,8.20322743967071,0.46024164316972976,0.06146727993177366,0.4601047886890321,0.0024988347022764394,0.17469030110769404
12110207,11.186777927298579,3.1821995053119405,0.4632323301973658,0.013268315816521619,0.463094586425301,0.03555620878730002,0.17063970367637418
03070205,1.6322820697219327,7.074963121345479,0.45498913578717126,0.050636595039672556,0.45485384315812455,0.004168785193643068,0.16988640779714673
12090104,10.015217655727222,3.1821995053119405,0.4632323301973658,0.013268315816521619,0.463094586425301,0.03170752236182527,0.16935680820121593
17040204,34.335320313583246,6.736411075448544,0.34439832294449446,0.04738669121028558,0.3442959148848606,0.1116013624285434,0.16776132284122988
14040102,34.039854380877614,6.736411075448544,0.34439832294449446,0.04738669121028558,0.3442959148848606,0.11063072886235975,0.16743777831916865
14040101,33.636176393049574,6.736411075448544,0.34439832294449446,0.04738669121028558,0.3442959148848606,0.10930460844865458,0.16699573818126692
12110206,7.5343793171597,3.1821995053119405,0.4632323301973658,0.013268315816521619,0.463094586425301,0.023557733512604633,0.1666402119181424
13040303,6.703854864174168,3.181634893045001,0.46534650483212114,0.013262895865318593,0.4652081324027498,0.020829382043377153,0.16643347010381518
17040202,32.99939044522753,6.736411075448544,0.34439832294449446,0.04738669121028558,0.3442959148848606,0.10721270631371053,0.16629843746961892
16010204,32.909327229858874,6.736411075448544,0.34439832294449446,0.04738669121028558,0.3442959148848606,0.10691684012326771,0.16619981540613796
17040203,32.68845132323631,6.736411075448544,0.34439832294449446,0.04738669121028558,0.3442959148848606,0.10619124185558958,0.16595794931691193
16020310,32.65898381542977,6.736411075448544,0.34439832294449446,0.04738669121028558,0.3442959148848606,0.10609443830220903,0.1659256814657851
17040104,32.48200483634088,6.736411075448544,0.34439832294449446,0.04738669121028558,0.3442959148848606,0.10551304559801616,0.16573188389772078
17040201,32.48200483634088,6.736411075448544,0.34439832294449446,0.04738669121028558,0.3442959148848606,0.10551304559801616,0.16573188389772078
13040301,6.233830580580706,3.1821995053119405,0.4632323301973658,0.013268315816521619,0.463094586425301,0.019285307765846933,0.1652160700025565
12060102,5.733523199479953,3.1821995053119405,0.4632323301973658,0.013268315816521619,0.463094586425301,0.017641750645542166,0.1646682176291216
13070007,5.40345501981637,3.1821995053119405,0.4632323301973658,0.013268315816521619,0.463094586425301,0.01655744542166447,0.16430678255449568
12110102,4.273520611518662,3.181634893045001,0.46534650483212114,0.013262895865318593,0.4652081324027498,0.012845503898536987,0.16377217738886846
12110204,4.8588596936934065,3.1821995053119405,0.4632323301973658,0.013268315816521619,0.463094586425301,0.01476839820839971,0.16371043348340744
11130205,4.85834014869395,3.1821995053119405,0.4632323301973658,0.013268315816521619,0.463094586425301,0.014766691453881523,0.1637098645652347
10080016,6.704293963241968,9.820087376849234,0.39325561208285376,0.07698820017166648,0.39313867613546233,0.020830824525392536,0.16365256694417377
12090102,4.359387513987236,3.1821995053119405,0.4632323301973658,0.013268315816521619,0.463094586425301,0.013127584803760167,0.16316349568186092
12050007,4.182784836529705,3.1821995053119405,0.4632323301973658,0.013268315816521619,0.463094586425301,0.012547428286057786,0.1629701101759601
12090203,3.5090723705877083,3.181634893045001,0.46534650483212114,0.013262895865318593,0.4652081324027498,0.010334219042570604,0.16293508243687965
12060103,4.077911033816585,3.1821995053119405,0.4632323301973658,0.013268315816521619,0.463094586425301,0.012202907913795132,0.16285527005187259
12090202,4.070733336735807,3.1821995053119405,0.4632323301973658,0.013268315816521619,0.463094586425301,0.012179328499238928,0.1628474102470205
12110109,4.0146143453786785,3.1821995053119405,0.4632323301973658,0.013268315816521619,0.463094586425301,0.011994972298803908,0.16278595818020883
12110203,3.6548596463972385,3.1821995053119405,0.4632323301973658,0.013268315816521619,0.463094586425301,0.01081314404799309,0.16239201542993856
12090108,3.5943488103115144,3.1821995053119405,0.4632323301973658,0.013268315816521619,0.463094586425301,0.010614360221767153,0.1623257541545299
12110110,3.389296954583122,3.1821995053119405,0.4632323301973658,0.013268315816521619,0.463094586425301,0.009940745459633079,0.16210121590048523
12090110,3.372314857386508,3.1821995053119405,0.4632323301973658,0.013268315816521619,0.463094586425301,0.009884957662331759,0.16208261996805146
12110205,3.3645569340211123,3.1821995053119405,0.4632323301973658,0.013268315816521619,0.463094586425301,0.009859472149489791,0.16207412479710412
12110106,2.620734931592941,3.181634893045001,0.46534650483212114,0.013262895865318593,0.4652081324027498,0.007415946440074007,0.16196232490271412
16040204,23.39094790430167,6.260355992977723,0.3674737772635646,0.04281683775858899,0.36736450763595974,0.07564806275711726,0.16194313605055533
12060105,3.230668782443334,3.1821995053119405,0.4632323301973658,0.013268315816521619,0.463094586425301,0.009419636893879627,0.1619275130452341
12110105,2.5040052788417566,3.181634893045001,0.46534650483212114,0.013262895865318593,0.4652081324027498,0.007032478477822864,0.1618345022486304
12110107,3.0760239805733907,3.1821995053119405,0.4632323301973658,0.013268315816521619,0.463094586425301,0.008911614076642236,0.16175817210615495
12110103,2.3746516489154468,3.181634893045001,0.46534650483212114,0.013262895865318593,0.4652081324027498,0.006607539555205129,0.16169285594109117
12110202,2.990552990874007,3.1821995053119405,0.4632323301973658,0.013268315816521619,0.463094586425301,0.008630833782354257,0.1616645786747256
12110101,2.976715006926349,3.1821995053119405,0.4632323301973658,0.013268315816521619,0.463094586425301,0.008585374694787335,0.16164942564553664
13040302,2.3256675288395803,3.181634893045001,0.46534650483212114,0.013262895865318593,0.4652081324027498,0.0064466220825197896,0.16163921678352938
12070202,2.9309669003376397,3.1821995053119405,0.4632323301973658,0.013268315816521619,0.463094586425301,0.008435087832820787,0.1615993300248811
12090109,2.9242175354013646,3.1821995053119405,0.4632323301973658,0.013268315816521619,0.463094586425301,0.008412915529917431,0.16159193925724666
13070008,2.2790169241901337,3.181634893045001,0.46534650483212114,0.013262895865318593,0.4652081324027498,0.0062933704289674704,0.16158813289901194
12070203,2.893952409593603,3.1821995053119405,0.4632323301973658,0.013268315816521619,0.463094586425301,0.008313491725877553,0.16155879798923337
10070006,4.745566498651369,9.820087376849234,0.39325561208285376,0.07698820017166648,0.39313867613546233,0.014396219335116369,0.16150769854741506
12090107,2.605872774818564,3.1821995053119405,0.4632323301973658,0.013268315816521619,0.463094586425301,0.007367122847793857,0.1612433416965388
12100406,2.5892291165900065,3.1821995053119405,0.4632323301973658,0.013268315816521619,0.463094586425301,0.007312446854548904,0.16122511636545717
12100404,2.5732055757709125,3.1821995053119405,0.4632323301973658,0.013268315816521619,0.463094586425301,0.0072598080057120675,0.16120757008251155
12090105,2.566864766622034,3.1821995053119405,0.4632323301973658,0.013268315816521619,0.463094586425301,0.007238977847255872,0.16120062669635948
12100407,2.564505598671928,3.1821995053119405,0.4632323301973658,0.013268315816521619,0.463094586425301,0.007231227757153542,0.16119804333299206
12090206,2.5311886550916514,3.1821995053119405,0.4632323301973658,0.013268315816521619,0.463094586425301,0.007121778442758701,0.16116156022819375
12030101,2.529583174222366,3.1821995053119405,0.4632323301973658,0.013268315816521619,0.463094586425301,0.0071165042860824165,0.16115980217596834
12070201,2.4873790406006875,3.1821995053119405,0.4632323301973658,0.013268315816521619,0.463094586425301,0.006977859710886283,0.1611135873175696
12100403,2.481228935372182,3.1821995053119405,0.4632323301973658,0.013268315816521619,0.463094586425301,0.006957656032865995,0.16110685275822953
12080008,2.4733649696843516,3.1821995053119405,0.4632323301973658,0.013268315816521619,0.463094586425301,0.0069318221609538325,0.16109824146759213
12060204,2.4648796705398377,3.1821995053119405,0.4632323301973658,0.013268315816521619,0.463094586425301,0.006903947149803291,0.16108894979720864
12090204,2.4470121011594856,3.1821995053119405,0.4632323301973658,0.013268315816521619,0.463094586425301,0.0068452504925343004,0.16106938424478565
12080007,2.4340390258827926,3.1821995053119405,0.4632323301973658,0.013268315816521619,0.463094586425301,0.0068026327118484615,0.16105517831789035
12100304,2.4247589640819234,3.1821995053119405,0.4632323301973658,0.013268315816521619,0.463094586425301,0.006772146830116855,0.16104501635731314
12100201,2.4184164836131545,3.1821995053119405,0.4632323301973658,0.013268315816521619,0.463094586425301,0.0067513111812165655,0.16103807114101307
12100302,2.382508629014339,3.1821995053119405,0.4632323301973658,0.013268315816521619,0.463094586425301,0.006633350478796173,0.1609987509068729
12100203,2.2714315979931725,3.1821995053119405,0.4632323301973658,0.013268315816521619,0.463094586425301,0.006268451914166788,0.16087711805199648
12070205,2.265157221485992,3.1821995053119405,0.4632323301973658,0.013268315816521619,0.463094586425301,0.006247839993228982,0.16087024741168385
13070012,1.61459033565023,3.181634893045001,0.46534650483212114,0.013262895865318593,0.4652081324027498,0.004110666172012584,0.1608605648133603
12060101,2.2342587954932864,3.1821995053119405,0.4632323301973658,0.013268315816521619,0.463094586425301,0.006146335738115276,0.1608364126599793
12030104,2.1946799140935553,3.1821995053119405,0.4632323301973658,0.013268315816521619,0.463094586425301,0.006016315365049611,0.16079307253562405
12070102,2.1418762442322326,3.1821995053119405,0.4632323301973658,0.013268315816521619,0.463094586425301,0.005842850309651352,0.1607352508504913
12100402,2.125487158531098,3.1821995053119405,0.4632323301973658,0.013268315816521619,0.463094586425301,0.005789010611264093,0.16071730428436223
12030109,2.036518011446653,3.1821995053119405,0.4632323301973658,0.013268315816521619,0.463094586425301,0.005496738538730678,0.16061988026018442
12100102,2.0234469121292133,3.1821995053119405,0.4632323301973658,0.013268315816521619,0.463094586425301,0.00545379873978923,0.1606055669938706
12030106,1.9983581589754806,3.1821995053119405,0.4632323301973658,0.013268315816521619,0.463094586425301,0.005371379810061144,0.1605780940172946
03040202,1.9147533678305848,8.4656559640348,0.41270503410376125,0.06398644198265332,0.41258231480192975,0.005096730154732323,0.16055516231310515
13080002,1.3295294023423445,3.181634893045001,0.46534650483212114,0.013262895865318593,0.4652081324027498,0.0031742140140850017,0.16054841409405113
12090101,1.96618709898427,3.1821995053119405,0.4632323301973658,0.013268315816521619,0.463094586425301,0.005265694831758459,0.1605428656911937
13080001,1.3174611898107815,3.181634893045001,0.46534650483212114,0.013262895865318593,0.4652081324027498,0.003134568793197071,0.16053519902042182
03040205,1.876972923282424,8.4656559640348,0.41270503410376125,0.06398644198265332,0.41258231480192975,0.004972617817015474,0.1605137915338662
12030107,1.905386660897343,3.1821995053119405,0.4632323301973658,0.013268315816521619,0.463094586425301,0.0050659596355365705,0.16047628729245306
12020001,1.8762513884314813,3.1821995053119405,0.4632323301973658,0.013268315816521619,0.463094586425301,0.004970247506709027,0.16044438324951055
12090402,1.8093916196543678,3.1821995053119405,0.4632323301973658,0.013268315816521619,0.463094586425301,0.0047506068354205375,0.16037116969241438
12030103,1.808075544504876,3.1821995053119405,0.4632323301973658,0.013268315816521619,0.463094586425301,0.004746283403937187,0.16036972854858658
12090401,1.7937828442132808,3.1821995053119405,0.4632323301973658,0.013268315816521619,0.463094586425301,0.004699330530123993,0.16035407759064887
11140301,1.7240010266605281,3.1821995053119405,0.4632323301973658,0.013268315816521619,0.463094586425301,0.00447009065192292,0.16027766429791518
12040205,1.6302161922273133,3.1821995053119405,0.4632323301973658,0.013268315816521619,0.463094586425301,0.004161998590458264,0.1601749669440936
12030102,1.6003683638347548,3.1821995053119405,0.4632323301973658,0.013268315816521619,0.463094586425301,0.004063945647940622,0.16014228262992106
12100202,1.5968889544432683,3.1821995053119405,0.4632323301973658,0.013268315816521619,0.463094586425301,0.004052515458629301,0.1601384725668173
12110208,1.5541230551586764,3.1821995053119405,0.4632323301973658,0.013268315816521619,0.463094586425301,0.0039120254300377124,0.16009164255728678
12090106,1.5491672158914667,3.1821995053119405,0.4632323301973658,0.013268315816521619,0.463094586425301,0.0038957450287836117,0.16008621575686874
12060201,1.5460613097039189,3.1821995053119405,0.4632323301973658,0.013268315816521619,0.463094586425301,0.003885541832863712,0.1600828146915621
03040204,1.4718508490000108,8.4656559640348,0.41270503410376125,0.06398644198265332,0.41258231480192975,0.003641753442569221,0.16007017007571744
12100303,1.5273971267245585,3.1821995053119405,0.4632323301973658,0.013268315816521619,0.463094586425301,0.0038242282244917796,0.1600623768221048
12030108,1.4800109666751053,3.1821995053119405,0.4632323301973658,0.013268315816521619,0.463094586425301,0.003668560201801753,0.1600104874812081
12110108,1.4655341737999277,3.1821995053119405,0.4632323301973658,0.013268315816521619,0.463094586425301,0.003621002566420027,0.15999463493608088
03040207,1.3694637970094776,8.4656559640348,0.41270503410376125,0.06398644198265332,0.41258231480192975,0.0033054022818971244,0.15995805302216007
12100101,1.4026102844924562,3.1821995053119405,0.4632323301973658,0.013268315816521619,0.463094586425301,0.0034142916318720975,0.15992573129123158
12100401,1.3907964275485505,3.1821995053119405,0.4632323301973658,0.013268315816521619,0.463094586425301,0.003375481993174187,0.15991279474499892
12100301,1.361626355676762,3.1821995053119405,0.4632323301973658,0.013268315816521619,0.463094586425301,0.0032796555450030677,0.15988085259560855
12060203,1.3587357026851825,3.1821995053119405,0.4632323301973658,0.013268315816521619,0.463094586425301,0.0032701594762139406,0.1598776872393455
12060104,1.3539893198799666,3.1821995053119405,0.4632323301973658,0.013268315816521619,0.463094586425301,0.0032545671592706217,0.15987248980036442
13080003,1.3105000486703537,3.1821995053119405,0.4632323301973658,0.013268315816521619,0.463094586425301,0.0031117007854102887,0.1598248676757443
12060202,1.2842570907982367,3.1821995053119405,0.4632323301973658,0.013268315816521619,0.463094586425301,0.003025490183892319,0.15979613080857163
18060003,58.087512252639726,4.251642910581622,0.26629358068129144,0.02353435396404075,0.26621439734306446,0.18962956200935308,0.1597927711054861
12110111,1.2434330374668618,3.1821995053119405,0.4632323301973658,0.013268315816521619,0.463094586425301,0.0028913793031276587,0.15975142718165009
12090301,1.2062292250260138,3.1821995053119405,0.4632323301973658,0.013268315816521619,0.463094586425301,0.0027691612564837995,0.1597106878327688
13090001,1.1960070677941024,3.1821995053119405,0.4632323301973658,0.013268315816521619,0.463094586425301,0.0027355805020555543,0.1596994942479594
11140101,1.1812686521507443,3.1821995053119405,0.4632323301973658,0.013268315816521619,0.463094586425301,0.002687163411107671,0.15968335521764343
11130210,1.1812686521507443,3.1821995053119405,0.4632323301973658,0.013268315816521619,0.463094586425301,0.002687163411107671,0.15968335521764343
12090201,1.1812686521507443,3.1821995053119405,0.4632323301973658,0.013268315816521619,0.463094586425301,0.002687163411107671,0.15968335521764343
12090205,1.1812686521507443,3.1821995053119405,0.4632323301973658,0.013268315816521619,0.463094586425301,0.002687163411107671,0.15968335521764343
12100204,1.1812686521507443,3.1821995053119405,0.4632323301973658,0.013268315816521619,0.463094586425301,0.002687163411107671,0.15968335521764343
12030105,1.1812686521507443,3.1821995053119405,0.4632323301973658,0.013268315816521619,0.463094586425301,0.002687163411107671,0.15968335521764343
12110201,1.1812686521507443,3.1821995053119405,0.4632323301973658,0.013268315816521619,0.463094586425301,0.002687163411107671,0.15968335521764343
12090302,1.1812686521507443,3.1821995053119405,0.4632323301973658,0.013268315816521619,0.463094586425301,0.002687163411107671,0.15968335521764343
12030201,1.1812686521507443,3.1821995053119405,0.4632323301973658,0.013268315816521619,0.463094586425301,0.002687163411107671,0.15968335521764343
10080015,2.976843373166682,9.820087376849234,0.39325561208285376,0.07698820017166648,0.39313867613546233,0.008585796390041646,0.15957089089905682
03040103,3.7146723531217622,17.597947948106324,0.31050963354344957,0.15165116310842422,0.3104173024054901,0.011009634453162618,0.15769269998902566
18040007,30.669819604542166,13.147687731911972,0.26004499770055917,0.1089312389677754,0.2599676724005858,0.09955984551833531,0.15615291896223218
03050104,2.7235986343167142,13.142738930525814,0.35186321693834305,0.1088837333367486,0.3517585891660731,0.007753863443538171,0.15613206198211996
03040105,4.120149662586858,16.111913562186768,0.3132387192832917,0.13738609249393172,0.31314557664203335,0.012341665808820693,0.15429111164826192
03050108,4.078881450136942,16.111913562186768,0.3132387192832917,0.13738609249393172,0.31314557664203335,0.012206095823294835,0.15424592165308665
03050109,4.065544941902964,16.111913562186768,0.3132387192832917,0.13738609249393172,0.31314557664203335,0.012162284130931367,0.15423131775563215
03040102,4.0335912795804445,16.111913562186768,0.3132387192832917,0.13738609249393172,0.31314557664203335,0.012057313324555407,0.15419632748684017
03050102,4.016633438440327,16.111913562186768,0.3132387192832917,0.13738609249393172,0.31314557664203335,0.012001605210696452,0.15417775811555384
03050107,4.01575806197214,16.111913562186768,0.3132387192832917,0.13738609249393172,0.31314557664203335,0.011998729516110314,0.1541767995506918
03040101,4.015706159747002,16.111913562186768,0.3132387192832917,0.13738609249393172,0.31314557664203335,0.011998559012386188,0.1541767427161171
03050105,3.9688465081985247,16.11189548703477,0.31324008632422,0.13738591898292682,0.3131469432764672,0.011844620619976202,0.15412582762645674
06010105,3.9113339757429695,16.11189548703477,0.31324008632422,0.13738591898292682,0.3131469432764672,0.011655686505080441,0.15406284958815816
03050101,3.8942510583536323,16.111913562186768,0.3132387192832917,0.13738609249393172,0.31314557664203335,0.011599567503899507,0.15404374554662154
16050103,16.16424204635335,6.260355992977723,0.3674737772635646,0.04281683775858899,0.36736450763595974,0.051907649727337864,0.15402966504062884
06010106,3.8592436054351444,16.11189548703477,0.31324008632422,0.13738591898292682,0.3131469432764672,0.011484564706256736,0.15400580898855026
03060101,3.8359269202715542,16.111913562186768,0.3132387192832917,0.13738609249393172,0.31314557664203335,0.011407967187670846,0.1539798787745453
03060102,3.794162397296975,16.111913562186768,0.3132387192832917,0.13738609249393172,0.31314557664203335,0.011270766775076536,0.15393414530368055
16050102,16.073781094289508,6.260355992977723,0.3674737772635646,0.04281683775858899,0.36736450763595974,0.05161047693419025,0.15393060744291298
06010203,3.74141858312808,16.11189548703477,0.31324008632422,0.13738591898292682,0.3131469432764672,0.011097498351295552,0.15387678687022985
03050103,3.6063114888929593,16.111913562186768,0.3132387192832917,0.13738609249393172,0.31314557664203335,0.010653658753636086,0.15372844262986707
06010202,3.584287856711618,16.111913562186768,0.3132387192832917,0.13738609249393172,0.31314557664203335,0.010581309036534217,0.15370432605749976
03060103,3.5832504377136205,16.111913562186768,0.3132387192832917,0.13738609249393172,0.31314557664203335,0.010577901016894077,0.15370319005095306
02070001,1.3091286206350605,3.6860649401436643,0.43682443914551305,0.01810513256597307,0.43669454785327017,0.0031071955144557958,0.152635625311233
02080102,1.2845419776991878,3.6860649401436643,0.43682443914551305,0.01810513256597307,0.43669454785327017,0.0030264260643374755,0.15260870216119357
04100010,1.2733240963393062,3.6860649401436643,0.43682443914551305,0.01810513256597307,0.43669454785327017,0.002989574261865158,0.15259641822703612
02070006,1.2709276120107666,3.6860649401436643,0.43682443914551305,0.01810513256597307,0.43669454785327017,0.0029817015839262396,0.1525937940010565
02080105,1.263682544570539,3.6860649401436643,0.43682443914551305,0.01810513256597307,0.43669454785327017,0.002957900851360041,0.15258586042353442
02080207,1.2514264308838237,3.6860649401436643,0.43682443914551305,0.01810513256597307,0.43669454785327017,0.0029176383573853433,0.15257243959220954
02080106,1.2452003630476167,3.6860649401436643,0.43682443914551305,0.01810513256597307,0.43669454785327017,0.0028971851350059643,0.1525656218514164
04100006,1.2311173062971341,3.6860649401436643,0.43682443914551305,0.01810513256597307,0.43669454785327017,0.0028509209600761716,0.15255020045977313
04100008,1.2306775958251857,3.6860649401436643,0.43682443914551305,0.01810513256597307,0.43669454785327017,0.0028494764695402666,0.15254971896292782
02070002,1.2298591093733116,3.6860649401436643,0.43682443914551305,0.01810513256597307,0.43669454785327017,0.002846787664044551,0.15254882269442926
04100003,1.2070031023349983,3.6860649401436643,0.43682443914551305,0.01810513256597307,0.43669454785327017,0.0027717035167211467,0.15252379464532145
03010201,1.2013275444377105,3.6860649401436643,0.43682443914551305,0.01810513256597307,0.43669454785327017,0.002753058771618114,0.15251757973028712
04100011,1.187195135381101,3.6860649401436643,0.43682443914551305,0.01810513256597307,0.43669454785327017,0.002706632469689595,0.15250210429631095
02070005,1.1719064389076506,3.6860649401436643,0.43682443914551305,0.01810513256597307,0.43669454785327017,0.0026564076541095555,0.1524853626911176
04100004,1.1719005228016854,3.6860649401436643,0.43682443914551305,0.01810513256597307,0.43669454785327017,0.002656388219141273,0.15248535621279483
02080201,1.164254883837351,3.6860649401436643,0.43682443914551305,0.01810513256597307,0.43669454785327017,0.0026312715711888394,0.1524769839968107
02080103,1.1603765429187543,3.6860649401436643,0.43682443914551305,0.01810513256597307,0.43669454785327017,0.002618530854036707,0.1524727370910933
03010204,1.1598101761586666,3.6860649401436643,0.43682443914551305,0.01810513256597307,0.43669454785327017,0.0026166702856013618,0.15247211690161486
04050001,1.1463210838349809,3.6860649401436643,0.43682443914551305,0.01810513256597307,0.43669454785327017,0.002572357340055237,0.15245734591976615
03010105,1.143349703794039,3.6860649401436643,0.43682443914551305,0.01810513256597307,0.43669454785327017,0.002562596075265026,0.1524540921648361
04100012,1.1337620419849765,3.6860649401436643,0.43682443914551305,0.01810513256597307,0.43669454785327017,0.0025310996983803017,0.15244359337254118
03010101,1.1291186787787773,3.6860649401436643,0.43682443914551305,0.01810513256597307,0.43669454785327017,0.0025158458105745307,0.15243850874327258
02080204,1.12620466124185,3.6860649401436643,0.43682443914551305,0.01810513256597307,0.43669454785327017,0.0025062729870415808,0.15243531780209493
05120102,1.121572940318588,3.6860649401436643,0.43682443914551305,0.01810513256597307,0.43669454785327017,0.0024910573452376497,0.15243024592149362
02080202,1.112706608012115,3.6860649401436643,0.43682443914551305,0.01810513256597307,0.43669454785327017,0.002461930604070589,0.15242053700777128
05060001,1.1104287617574997,3.6860649401436643,0.43682443914551305,0.01810513256597307,0.43669454785327017,0.002454447663438181,0.15241804269422712
02060005,1.1053400864202192,3.6860649401436643,0.43682443914551305,0.01810513256597307,0.43669454785327017,0.0024377308831158404,0.15241247043411968
03010202,1.1048255462826697,3.6860649401436643,0.43682443914551305,0.01810513256597307,0.43669454785327017,0.002436040570042922,0.15241190699642873
05120103,1.1030379038061238,3.6860649401436643,0.43682443914551305,0.01810513256597307,0.43669454785327017,0.0024301679952381653,0.1524099494714938
03010205,1.0970987184913945,3.6860649401436643,0.43682443914551305,0.01810513256597307,0.43669454785327017,0.002410657209106335,0.1524034458761165
02060003,1.0956723953403387,3.6860649401436643,0.43682443914551305,0.01810513256597307,0.43669454785327017,0.002405971602498622,0.15240188400724727
07120003,1.0940204334159096,3.6860649401436643,0.43682443914551305,0.01810513256597307,0.43669454785327017,0.0024005447511549656,0.1524000750567994
02040303,1.0900502394154312,3.6860649401436643,0.43682443914551305,0.01810513256597307,0.43669454785327017,0.002387502287931415,0.15239572756905823
05080001,1.0896832943159125,3.6860649401436643,0.43682443914551305,0.01810513256597307,0.43669454785327017,0.0023862968385339905,0.1523953257525924
06010101,1.0893621487251817,3.6860649401436643,0.43682443914551305,0.01810513256597307,0.43669454785327017,0.0023852418448596243,0.1523949740880343
03010103,1.0889183111675589,3.6860649401436643,0.43682443914551305,0.01810513256597307,0.43669454785327017,0.002383783796456491,0.1523944880718999
02040206,1.0872239908694727,3.6860649401436643,0.43682443914551305,0.01810513256597307,0.43669454785327017,0.0023782177938445176,0.1523926327376959
02060002,1.0871869670564924,3.6860649401436643,0.43682443914551305,0.01810513256597307,0.43669454785327017,0.0023780961671131455,0.15239259219545212
02060006,1.0690652244266614,3.6860649401436643,0.43682443914551305,0.01810513256597307,0.43669454785327017,0.002318564526652316,0.1523727483152985
02060004,1.0682937907886525,3.6860649401436643,0.43682443914551305,0.01810513256597307,0.43669454785327017,0.0023160302941055114,0.15237190357111624
05040005,1.0665533071395223,3.6860649401436643,0.43682443914551305,0.01810513256597307,0.43669454785327017,0.002310312640514217,0.15236999768658582
02080109,1.0632572648589398,3.6860649401436643,0.43682443914551305,0.01810513256597307,0.43669454785327017,0.002299484829524984,0.15236638841625608
02070009,1.0551102567220605,3.6860649401436643,0.43682443914551305,0.01810513256597307,0.43669454785327017,0.002272721136366813,0.15235746718520335
02040302,1.0354243585862706,3.6860649401436643,0.43682443914551305,0.01810513256597307,0.43669454785327017,0.0022080510969612653,0.1523359105054015
02040207,1.0313838416068284,3.6860649401436643,0.43682443914551305,0.01810513256597307,0.43669454785327017,0.0021947776160930366,0.15233148601177876
02050205,1.0230316998906834,3.6860649401436643,0.43682443914551305,0.01810513256597307,0.43669454785327017,0.002167340039703173,0.15232234015298213
02050303,1.0207710798596952,3.6860649401436643,0.43682443914551305,0.01810513256597307,0.43669454785327017,0.002159913688846506,0.15231986470269657
05030204,1.0144378721291007,3.6860649401436643,0.43682443914551305,0.01810513256597307,0.43669454785327017,0.0021391085017691412,0.15231292964033746
05030103,1.00681005838449,3.6860649401436643,0.43682443914551305,0.01810513256597307,0.43669454785327017,0.0021140504113513446,0.15230457694353153
04110003,1.0029727503245864,3.6860649401436643,0.43682443914551305,0.01810513256597307,0.43669454785327017,0.002101444491025362,0.15230037497008952
04110001,1.0019930229767482,3.6860649401436643,0.43682443914551305,0.01810513256597307,0.43669454785327017,0.0020982259939187346,0.15229930213772067
02040205,0.9964249394876574,3.6860649401436643,0.43682443914551305,0.01810513256597307,0.43669454785327017,0.0020799343124232273,0.15229320491055548
05040001,0.9857608941047683,3.6860649401436643,0.43682443914551305,0.01810513256597307,0.43669454785327017,0.002044901913577265,0.1522815274442735
05030105,0.9805299286078513,3.6860649401436643,0.43682443914551305,0.01810513256597307,0.43669454785327017,0.002027717696607267,0.15227579937195015
05090104,0.9748784099918972,3.6860649401436643,0.43682443914551305,0.01810513256597307,0.43669454785327017,0.0020091519228196612,0.15226961078068763
02050302,0.9737433438312352,3.6860649401436643,0.43682443914551305,0.01810513256597307,0.43669454785327017,0.0020054231230040988,0.1522683678474158
02040301,0.9726013482825184,3.6860649401436643,0.43682443914551305,0.01810513256597307,0.43669454785327017,0.0020016715594926423,0.1522671173262453
04110002,0.9645959396341329,3.6860649401436643,0.43682443914551305,0.01810513256597307,0.43669454785327017,0.001975373034062026,0.15225835115110176
04110004,0.9501079726516053,3.6860649401436643,0.43682443914551305,0.01810513256597307,0.43669454785327017,0.0019277786906795953,0.15224248636997428
02050204,0.9484000611409832,3.6860649401436643,0.43682443914551305,0.01810513256597307,0.43669454785327017,0.0019221680396475092,0.15224061615296358
05030102,0.9480942419290127,3.6860649401436643,0.43682443914551305,0.01810513256597307,0.43669454785327017,0.0019211633945786033,0.15224028127127395
05060003,0.9472897178051715,3.6860649401436643,0.43682443914551305,0.01810513256597307,0.43669454785327017,0.0019185204566525488,0.15223940029196525
05090102,0.9467639758338654,3.6860649401436643,0.43682443914551305,0.01810513256597307,0.43669454785327017,0.0019167933444950546,0.15223882458791277
04100007,0.9451296863592157,3.6860649401436643,0.43682443914551305,0.01810513256597307,0.43669454785327017,0.0019114245488223026,0.15223703498935517
05040002,0.9449125338138608,3.6860649401436643,0.43682443914551305,0.01810513256597307,0.43669454785327017,0.0019107111821489483,0.15223679720046407
02050202,0.943106836964426,3.6860649401436643,0.43682443914551305,0.01810513256597307,0.43669454785327017,0.0019047792970197084,0.15223481990542098
05040006,0.9383439476122272,3.6860649401436643,0.43682443914551305,0.01810513256597307,0.43669454785327017,0.0018891327545065698,0.15222960439124994
05070202,0.9290669916054562,3.6860649401436643,0.43682443914551305,0.01810513256597307,0.43669454785327017,0.0018586570756026603,0.1522194458316153
05070201,0.9290402827750947,3.6860649401436643,0.43682443914551305,0.01810513256597307,0.43669454785327017,0.0018585693345659015,0.15221941658460306
02050201,0.9272634805595479,3.6860649401436643,0.43682443914551305,0.01810513256597307,0.43669454785327017,0.001852732371044975,0.15221747093009608
05050003,0.927134364312334,3.6860649401436643,0.43682443914551305,0.01810513256597307,0.43669454785327017,0.001852308211947045,0.1522173295437301
05050001,0.9179483945236955,3.6860649401436643,0.43682443914551305,0.01810513256597307,0.43669454785327017,0.0018221314313850551,0.15220727061687608
05030203,0.9178604578529992,3.6860649401436643,0.43682443914551305,0.01810513256597307,0.43669454785327017,0.0018218425510952204,0.15220717432344616
05050009,0.9127880059168012,3.6860649401436643,0.43682443914551305,0.01810513256597307,0.43669454785327017,0.001805179066181607,0.15220161982847494
05020002,0.8973888720367719,3.6860649401436643,0.43682443914551305,0.01810513256597307,0.43669454785327017,0.0017545914532637965,0.15218475729083566
05070101,0.8971012789582896,3.6860649401436643,0.43682443914551305,0.01810513256597307,0.43669454785327017,0.001753646682769206,0.1521844423673375
05090202,0.8948108840276637,3.6860649401436643,0.43682443914551305,0.01810513256597307,0.43669454785327017,0.0017461225185478868,0.15218193431259705
04120101,0.886704287642212,3.6860649401436643,0.43682443914551305,0.01810513256597307,0.43669454785327017,0.0017194915818196854,0.15217305733368763
05100202,0.8849356272069224,3.6860649401436643,0.43682443914551305,0.01810513256597307,0.43669454785327017,0.0017136813648178377,0.15217112059468704
05100102,0.8825980357514622,3.6860649401436643,0.43682443914551305,0.01810513256597307,0.43669454785327017,0.0017060021555434666,0.15216856085826222
05010005,0.8800974344026498,3.6860649401436643,0.43682443914551305,0.01810513256597307,0.43669454785327017,0.0016977874433342602,0.15216582262085918
05100203,0.87851234183887,3.6860649401436643,0.43682443914551305,0.01810513256597307,0.43669454785327017,0.0016925802641721012,0.15216408689447178
02040103,0.8753922149906622,3.6860649401436643,0.43682443914551305,0.01810513256597307,0.43669454785327017,0.0016823303520353999,0.15216067025709287
05010004,0.8687219391925027,3.6860649401436643,0.43682443914551305,0.01810513256597307,0.43669454785327017,0.001660417864439591,0.15215336609456095
05010007,0.8654358298182242,3.6860649401436643,0.43682443914551305,0.01810513256597307,0.43669454785327017,0.0016496226839881,0.1521497677010771
05130102,0.8614776968004262,3.6860649401436643,0.43682443914551305,0.01810513256597307,0.43669454785327017,0.0016366198422346915,0.15214543342049264
02040203,0.8594726580935674,3.6860649401436643,0.43682443914551305,0.01810513256597307,0.43669454785327017,0.0016300331002284192,0.1521432378398239
05020006,0.8552180175922756,3.6860649401436643,0.43682443914551305,0.01810513256597307,0.43669454785327017,0.0016160562033158648,0.15213857887418636
05140103,0.851723134582996,3.6860649401436643,0.43682443914551305,0.01810513256597307,0.43669454785327017,0.0016045751817049187,0.15213475186698272
05130101,0.834565148384883,3.6860649401436643,0.43682443914551305,0.01810513256597307,0.43669454785327017,0.0015482095723789982,0.15211596333054075
02030103,0.8320071772061866,3.6860649401436643,0.43682443914551305,0.01810513256597307,0.43669454785327017,0.0015398063948463558,0.1521131622713632
05050007,0.8309780286035545,3.6860649401436643,0.43682443914551305,0.01810513256597307,0.43669454785327017,0.0015364255442381035,0.15211203532116044
05110001,0.8303073053957173,3.6860649401436643,0.43682443914551305,0.01810513256597307,0.43669454785327017,0.001534222154990539,0.15211130085807792
02030105,0.8061033628100921,3.6860649401436643,0.43682443914551305,0.01810513256597307,0.43669454785327017,0.00145470991176013,0.15208479677700112
02040106,0.8044246169848224,3.6860649401436643,0.43682443914551305,0.01810513256597307,0.43669454785327017,0.001449195072766083,0.15208295849733644
07120004,0.7980626712034457,3.6860649401436643,0.43682443914551305,0.01810513256597307,0.43669454785327017,0.0014282954784707335,0.15207599196590466
05020001,0.7966673539600577,3.6860649401436643,0.43682443914551305,0.01810513256597307,0.43669454785327017,0.0014237117292056143,0.15207446404948297
06010205,0.7905996761421069,3.6860649401436643,0.43682443914551305,0.01810513256597307,0.43669454785327017,0.0014037788330339305,0.15206781975075906
05120101,0.7888100321330933,3.6860649401436643,0.43682443914551305,0.01810513256597307,0.43669454785327017,0.0013978996830054948,0.15206586003408293
05050005,0.785644265822105,3.6860649401436643,0.43682443914551305,0.01810513256597307,0.43669454785327017,0.001387499840912024,0.15206239342005176
02080110,0.7838758721649115,3.6860649401436643,0.43682443914551305,0.01810513256597307,0.43669454785327017,0.0013816905003014826,0.15206045697318157
05020004,0.7791175981123047,3.6860649401436643,0.43682443914551305,0.01810513256597307,0.43669454785327017,0.0013660591194845197,0.15205524651290925
05100101,0.7778266251800666,3.6860649401436643,0.43682443914551305,0.01810513256597307,0.43669454785327017,0.001361818151161741,0.15205383285680166
05100201,0.7605546952073418,3.6860649401436643,0.43682443914551305,0.01810513256597307,0.43669454785327017,0.0013050782257470477,0.1520349195483301
06010102,0.7543925053200731,3.6860649401436643,0.43682443914551305,0.01810513256597307,0.43669454785327017,0.0012848348484784423,0.15202817175590724
05010001,0.7513438619249649,3.6860649401436643,0.43682443914551305,0.01810513256597307,0.43669454785327017,0.0012748197662538388,0.15202483339516568
02080104,0.74292243855408,3.6860649401436643,0.43682443914551305,0.01810513256597307,0.43669454785327017,0.001247154593067974,0.1520156116707704
07120007,0.7060764398649225,3.6860649401436643,0.43682443914551305,0.01810513256597307,0.43669454785327017,0.0011261119984792894,0.15197526413924084
05040003,0.7054969025677404,3.6860649401436643,0.43682443914551305,0.01810513256597307,0.43669454785327017,0.0011242081635824902,0.15197462952760857
02070004,0.6979177025471056,3.6860649401436643,0.43682443914551305,0.01810513256597307,0.43669454785327017,0.0010993097738511187,0.1519663300643648
02080203,0.693611011087693,3.6860649401436643,0.43682443914551305,0.01810513256597307,0.43669454785327017,0.0010851618846125068,0.15196161410128525
02070003,0.6611886684263707,3.6860649401436643,0.43682443914551305,0.01810513256597307,0.43669454785327017,0.0009786514189449097,0.1519261106127294
05070203,0.6609943750979463,3.6860649401436643,0.43682443914551305,0.01810513256597307,0.43669454785327017,0.0009780131469636789,0.1519258978554023
02050304,0.6550903979064473,3.6860649401436643,0.43682443914551305,0.01810513256597307,0.43669454785327017,0.0009586180228504668,0.15191943281403122
05140102,0.6287741506597603,3.6860649401436643,0.43682443914551305,0.01810513256597307,0.43669454785327017,0.0008721666587973689,0.1518906156926802
05070102,0.6244874298006131,3.6860649401436643,0.43682443914551305,0.01810513256597307,0.43669454785327017,0.0008580843748716168,0.1518859215980383
05060002,0.6112949741245037,3.6860649401436643,0.43682443914551305,0.01810513256597307,0.43669454785327017,0.0008147459088008791,0.15187147544268137
05050002,0.6008398883722696,3.6860649401436643,0.43682443914551305,0.01810513256597307,0.43669454785327017,0.0007803999621277063,0.15186002679379032
05100204,0.5756233925349246,3.6860649401436643,0.43682443914551305,0.01810513256597307,0.43669454785327017,0.0006975613855881813,0.15183241393494382
02080205,0.5756233925349246,3.6860649401436643,0.43682443914551305,0.01810513256597307,0.43669454785327017,0.0006975613855881813,0.15183241393494382
02080206,0.5756233925349246,3.6860649401436643,0.43682443914551305,0.01810513256597307,0.43669454785327017,0.0006975613855881813,0.15183241393494382
02050301,0.5756233925349246,3.6860649401436643,0.43682443914551305,0.01810513256597307,0.43669454785327017,0.0006975613855881813,0.15183241393494382
02070011,0.5756233925349246,3.6860649401436643,0.43682443914551305,0.01810513256597307,0.43669454785327017,0.0006975613855881813,0.15183241393494382
02070010,0.5756233925349246,3.6860649401436643,0.43682443914551305,0.01810513256597307,0.43669454785327017,0.0006975613855881813,0.15183241393494382
02050203,0.5756233925349246,3.6860649401436643,0.43682443914551305,0.01810513256597307,0.43669454785327017,0.0006975613855881813,0.15183241393494382
02050305,0.5756233925349246,3.6860649401436643,0.43682443914551305,0.01810513256597307,0.43669454785327017,0.0006975613855881813,0.15183241393494382
02050306,0.5756233925349246,3.6860649401436643,0.43682443914551305,0.01810513256597307,0.43669454785327017,0.0006975613855881813,0.15183241393494382
02050107,0.5756233925349246,3.6860649401436643,0.43682443914551305,0.01810513256597307,0.43669454785327017,0.0006975613855881813,0.15183241393494382
02050106,0.5756233925349246,3.6860649401436643,0.43682443914551305,0.01810513256597307,0.43669454785327017,0.0006975613855881813,0.15183241393494382
02040105,0.5756233925349246,3.6860649401436643,0.43682443914551305,0.01810513256597307,0.43669454785327017,0.0006975613855881813,0.15183241393494382
05080002,0.5756233925349246,3.6860649401436643,0.43682443914551305,0.01810513256597307,0.43669454785327017,0.0006975613855881813,0.15183241393494382
05090101,0.5756233925349246,3.6860649401436643,0.43682443914551305,0.01810513256597307,0.43669454785327017,0.0006975613855881813,0.15183241393494382
02080208,0.5756233925349246,3.6860649401436643,0.43682443914551305,0.01810513256597307,0.43669454785327017,0.0006975613855881813,0.15183241393494382
05090103,0.5756233925349246,3.6860649401436643,0.43682443914551305,0.01810513256597307,0.43669454785327017,0.0006975613855881813,0.15183241393494382
02040201,0.5756233925349246,3.6860649401436643,0.43682443914551305,0.01810513256597307,0.43669454785327017,0.0006975613855881813,0.15183241393494382
02040202,0.5756233925349246,3.6860649401436643,0.43682443914551305,0.01810513256597307,0.43669454785327017,0.0006975613855881813,0.15183241393494382
05090201,0.5756233925349246,3.6860649401436643,0.43682443914551305,0.01810513256597307,0.43669454785327017,0.0006975613855881813,0.15183241393494382
02050206,0.5756233925349246,3.6860649401436643,0.43682443914551305,0.01810513256597307,0.43669454785327017,0.0006975613855881813,0.15183241393494382
02070008,0.5756233925349246,3.6860649401436643,0.43682443914551305,0.01810513256597307,0.43669454785327017,0.0006975613855881813,0.15183241393494382
02070007,0.5756233925349246,3.6860649401436643,0.43682443914551305,0.01810513256597307,0.43669454785327017,0.0006975613855881813,0.15183241393494382
05070204,0.5756233925349246,3.6860649401436643,0.43682443914551305,0.01810513256597307,0.43669454785327017,0.0006975613855881813,0.15183241393494382
05050006,0.5756233925349246,3.6860649401436643,0.43682443914551305,0.01810513256597307,0.43669454785327017,0.0006975613855881813,0.15183241393494382
07120005,0.5756233925349246,3.6860649401436643,0.43682443914551305,0.01810513256597307,0.43669454785327017,0.0006975613855881813,0.15183241393494382
05030104,0.5756233925349246,3.6860649401436643,0.43682443914551305,0.01810513256597307,0.43669454785327017,0.0006975613855881813,0.15183241393494382
03010102,0.5756233925349246,3.6860649401436643,0.43682443914551305,0.01810513256597307,0.43669454785327017,0.0006975613855881813,0.15183241393494382
05010008,0.5756233925349246,3.6860649401436643,0.43682443914551305,0.01810513256597307,0.43669454785327017,0.0006975613855881813,0.15183241393494382
05020005,0.5756233925349246,3.6860649401436643,0.43682443914551305,0.01810513256597307,0.43669454785327017,0.0006975613855881813,0.15183241393494382
05030106,0.5756233925349246,3.6860649401436643,0.43682443914551305,0.01810513256597307,0.43669454785327017,0.0006975613855881813,0.15183241393494382
05030201,0.5756233925349246,3.6860649401436643,0.43682443914551305,0.01810513256597307,0.43669454785327017,0.0006975613855881813,0.15183241393494382
05010009,0.5756233925349246,3.6860649401436643,0.43682443914551305,0.01810513256597307,0.43669454785327017,0.0006975613855881813,0.15183241393494382
05030202,0.5756233925349246,3.6860649401436643,0.43682443914551305,0.01810513256597307,0.43669454785327017,0.0006975613855881813,0.15183241393494382
04100009,0.5756233925349246,3.6860649401436643,0.43682443914551305,0.01810513256597307,0.43669454785327017,0.0006975613855881813,0.15183241393494382
05010003,0.5756233925349246,3.6860649401436643,0.43682443914551305,0.01810513256597307,0.43669454785327017,0.0006975613855881813,0.15183241393494382
07090005,0.5756233925349246,3.6860649401436643,0.43682443914551305,0.01810513256597307,0.43669454785327017,0.0006975613855881813,0.15183241393494382
05040004,0.5756233925349246,3.6860649401436643,0.43682443914551305,0.01810513256597307,0.43669454785327017,0.0006975613855881813,0.15183241393494382
05010006,0.5756233925349246,3.6860649401436643,0.43682443914551305,0.01810513256597307,0.43669454785327017,0.0006975613855881813,0.15183241393494382
04100005,0.5756233925349246,3.6860649401436643,0.43682443914551305,0.01810513256597307,0.43669454785327017,0.0006975613855881813,0.15183241393494382
05030101,0.5756233925349246,3.6860649401436643,0.43682443914551305,0.01810513256597307,0.43669454785327017,0.0006975613855881813,0.15183241393494382
05020003,0.5756233925349246,3.6860649401436643,0.43682443914551305,0.01810513256597307,0.43669454785327017,0.0006975613855881813,0.15183241393494382
03010106,0.5756233925349246,3.6860649401436643,0.43682443914551305,0.01810513256597307,0.43669454785327017,0.0006975613855881813,0.15183241393494382
03010107,0.5756233925349246,3.6860649401436643,0.43682443914551305,0.01810513256597307,0.43669454785327017,0.0006975613855881813,0.15183241393494382
03010203,0.5756233925349246,3.6860649401436643,0.43682443914551305,0.01810513256597307,0.43669454785327017,0.0006975613855881813,0.15183241393494382
05050004,0.5756233925349246,3.6860649401436643,0.43682443914551305,0.01810513256597307,0.43669454785327017,0.0006975613855881813,0.15183241393494382
05130103,0.5756233925349246,3.6860649401436643,0.43682443914551305,0.01810513256597307,0.43669454785327017,0.0006975613855881813,0.15183241393494382
05050008,0.5756233925349246,3.6860649401436643,0.43682443914551305,0.01810513256597307,0.43669454785327017,0.0006975613855881813,0.15183241393494382
03010104,1.0018997607947742,5.289307022108581,0.4147777436173069,0.03349532927208991,0.4146544079879694,0.002097919618820088,0.1500825522929598
18070202,24.758230714527418,13.147687731911972,0.26004499770055917,0.1089312389677754,0.2599676724005858,0.08013971625475833,0.14967954254103985
03020104,0.5928071697727751,3.7803210537744336,0.4289352353815099,0.01900993674111908,0.42880768997191426,0.0007540117209217564,0.14952387947798504
03020204,0.5742785545692404,3.7803210537744336,0.4289352353815099,0.01900993674111908,0.42880768997191426,0.0006931434655301293,0.14950359005952116
18020128,18.17845587897743,12.212564133048327,0.2851818801811737,0.09995459327406642,0.2850970803402732,0.05852453289052867,0.14785873550162276
18020161,18.123897453745496,12.212564133048327,0.2851818801811737,0.09995459327406642,0.2850970803402732,0.058345303297582675,0.1477989923039741
06020002,2.088397650868083,10.57442809903397,0.3517972762681903,0.08422943481018651,0.3516926681036119,0.00566716806663877,0.1471964236601457
18070302,21.767184303717105,13.147687731911972,0.26004499770055917,0.1089312389677754,0.2599676724005858,0.07031384557734907,0.14640425231523677
18070203,19.711361225731313,13.147687731911972,0.26004499770055917,0.1089312389677754,0.2599676724005858,0.06356027210322523,0.14415306115719548
18050003,19.43250951016772,13.147687731911972,0.26004499770055917,0.1089312389677754,0.2599676724005858,0.06264421781352958,0.14384770972729694
18050004,18.968032754396404,13.147687731911972,0.26004499770055917,0.1089312389677754,0.2599676724005858,0.06111836769018257,0.1433390930195146
18040001,18.913054338851875,13.147687731911972,0.26004499770055917,0.1089312389677754,0.2599676724005858,0.060937758389291434,0.14327888991921756
18040011,18.7295587076197,13.147687731911972,0.26004499770055917,0.1089312389677754,0.2599676724005858,0.06033495786575543,0.14307795641137222
18020158,18.652941788027793,13.147687731911972,0.26004499770055917,0.1089312389677754,0.2599676724005858,0.06008326403014972,0.14299405846617033
06010108,1.1784447730539052,6.597144928503164,0.3794927415591795,0.04604981674815475,0.37937989805002437,0.0026778867008854907,0.14270253383302153
18040010,18.365586693687423,13.147687731911972,0.26004499770055917,0.1089312389677754,0.2599676724005858,0.05913927533599961,0.1426793955681203
18020115,18.355004364136217,13.147687731911972,0.26004499770055917,0.1089312389677754,0.2599676724005858,0.05910451138139828,0.14266780758325318
06010103,1.1423357177319702,6.597047864406951,0.37949252593484306,0.04604888498897089,0.3793796824898046,0.002559265035038243,0.14266261083793788
06010206,1.125133399223989,6.597047864406951,0.37949252593484306,0.04604888498897089,0.3793796824898046,0.0025027537898766423,0.14264377375621737
08010201,1.1196703713504874,6.597047864406951,0.37949252593484306,0.04604888498897089,0.3793796824898046,0.002484807226025911,0.1426377915682671
03160108,1.1195176092707186,6.597047864406951,0.37949252593484306,0.04604888498897089,0.3793796824898046,0.0024843053881290485,0.14263762428896817
18040009,18.31982416207943,13.147687731911972,0.26004499770055917,0.1089312389677754,0.2599676724005858,0.058988941086478834,0.14262928415161336
06040004,1.098136198701514,6.597047864406951,0.37949252593484306,0.04604888498897089,0.3793796824898046,0.0024140654298340915,0.1426142109695365
08010205,1.0958003197321708,6.597047864406951,0.37949252593484306,0.04604888498897089,0.3793796824898046,0.0024063918462387678,0.14261165310833807
08010204,1.089303980138775,6.597047864406951,0.37949252593484306,0.04604888498897089,0.3793796824898046,0.002385050755545378,0.14260453941144027
08010203,1.0873213744401427,6.597047864406951,0.37949252593484306,0.04604888498897089,0.3793796824898046,0.002378537708095279,0.14260236839562357
08030203,1.0859766995261875,6.597047864406951,0.37949252593484306,0.04604888498897089,0.3793796824898046,0.002374120323677596,0.142600895934151
08010209,1.0826661602929892,6.597047864406951,0.37949252593484306,0.04604888498897089,0.3793796824898046,0.002363244888826325,0.1425972707892006
03160104,1.067340867114943,6.597047864406951,0.37949252593484306,0.04604888498897089,0.3793796824898046,0.0023128998496063985,0.1425804891094606
08030201,1.066968593711485,6.597047864406951,0.37949252593484306,0.04604888498897089,0.3793796824898046,0.0023116768962260044,0.1425800814583338
03030003,3.224928361560978,12.481095492728809,0.315881156196955,0.10253233901423472,0.3157872278177328,0.009400779067728862,0.1425734486332321
06040002,1.0551582080713897,6.597047864406951,0.37949252593484306,0.04604888498897089,0.3793796824898046,0.002272878661089804,0.14256714871328843
08010207,1.0545951533029863,6.597047864406951,0.37949252593484306,0.04604888498897089,0.3793796824898046,0.0022710289728607494,0.1425665321505454
06030003,1.0510569792941589,6.597047864406951,0.37949252593484306,0.04604888498897089,0.3793796824898046,0.0022594057362171262,0.14256265773833085
05110002,1.0301646624168648,6.597047864406951,0.37949252593484306,0.04604888498897089,0.3793796824898046,0.0021907724970116763,0.14253977999192904
08010210,1.0290198458652318,6.597047864406951,0.37949252593484306,0.04604888498897089,0.3793796824898046,0.0021870116662385235,0.14253852638167133
05130204,1.0245006368954632,6.597047864406951,0.37949252593484306,0.04604888498897089,0.3793796824898046,0.002172165636855414,0.14253357770521027
05130206,1.0152023433003932,6.597047864406951,0.37949252593484306,0.04604888498897089,0.3793796824898046,0.0021416198619535164,0.14252339578024298
03160102,1.0148901012229292,6.597047864406951,0.37949252593484306,0.04604888498897089,0.3793796824898046,0.0021405941171632925,0.14252305386531292
06020004,1.0123616460338556,6.597047864406951,0.37949252593484306,0.04604888498897089,0.3793796824898046,0.002132287902451388,0.14252028512707562
18030010,18.21899026196181,13.147687731911972,0.26004499770055917,0.1089312389677754,0.2599676724005858,0.058657692176774974,0.14251886784837872
06010208,1.0073201494511594,6.597047864406951,0.37949252593484306,0.04604888498897089,0.3793796824898046,0.002115726108805146,0.14251476452919354
18040006,18.212917739146768,13.147687731911972,0.26004499770055917,0.1089312389677754,0.2599676724005858,0.05863774336432908,0.1425122182442301
18080003,20.826554667966402,12.614838677806665,0.2565713211583942,0.10381619623679972,0.2564950287684288,0.06722378815703607,0.14251167105408818
18020153,18.210911535292954,13.147687731911972,0.26004499770055917,0.1089312389677754,0.2599676724005858,0.05863115279470474,0.14251002138768865
05130203,0.9948832304397113,6.597047864406951,0.37949252593484306,0.04604888498897089,0.3793796824898046,0.002074869652218504,0.14250114571033132
06020003,0.9922154387306695,6.597047864406951,0.37949252593484306,0.04604888498897089,0.3793796824898046,0.0020661057038449293,0.14249822439420678
05130105,0.9892368516456409,6.597047864406951,0.37949252593484306,0.04604888498897089,0.3793796824898046,0.0020563207632324685,0.14249496274733597
03030002,3.1518713869839527,12.481095492728809,0.315881156196955,0.10253233901423472,0.3157872278177328,0.00916077998858313,0.14249344894018354
05130104,0.9733982388705505,6.597047864406951,0.37949252593484306,0.04604888498897089,0.3793796824898046,0.002004289420530756,0.1424776189664354
05130107,0.9520348341883931,6.597047864406951,0.37949252593484306,0.04604888498897089,0.3793796824898046,0.0019341086132797002,0.1424542253640184
03020201,3.083968584969229,12.481095492728809,0.315881156196955,0.10253233901423472,0.3157872278177328,0.008937712854345768,0.14241909322877108
08010211,0.909752786301856,6.597047864406951,0.37949252593484306,0.04604888498897089,0.3793796824898046,0.0017952080823459172,0.14240792518704046
08010208,0.8652608779251107,6.597047864406951,0.37949252593484306,0.04604888498897089,0.3793796824898046,0.001649047950453278,0.14235920514307623
05130108,0.8447260917228956,6.597047864406951,0.37949252593484306,0.04604888498897089,0.3793796824898046,0.0015815892333695296,0.14233671890404834
06040003,0.8118539356371655,6.597047864406951,0.37949252593484306,0.04604888498897089,0.3793796824898046,0.0014736010880105643,0.14230072285559534
06030004,0.7891983908343106,6.597047864406951,0.37949252593484306,0.04604888498897089,0.3793796824898046,0.0013991754781121225,0.14227591431896253
03160101,0.7737847997708063,6.597047864406951,0.37949252593484306,0.04604888498897089,0.3793796824898046,0.0013485403719776662,0.14225903595025105
05130202,0.7653896694776732,6.597047864406951,0.37949252593484306,0.04604888498897089,0.3793796824898046,0.0013209615740418699,0.14224984301760576
06010104,0.7653896694776732,6.597047864406951,0.37949252593484306,0.04604888498897089,0.3793796824898046,0.0013209615740418699,0.14224984301760576
05130201,0.7653896694776732,6.597047864406951,0.37949252593484306,0.04604888498897089,0.3793796824898046,0.0013209615740418699,0.14224984301760576
06010107,0.7653896694776732,6.597047864406951,0.37949252593484306,0.04604888498897089,0.3793796824898046,0.0013209615740418699,0.14224984301760576
05110003,0.7653896694776732,6.597047864406951,0.37949252593484306,0.04604888498897089,0.3793796824898046,0.0013209615740418699,0.14224984301760576
05130205,0.7653896694776732,6.597047864406951,0.37949252593484306,0.04604888498897089,0.3793796824898046,0.0013209615740418699,0.14224984301760576
05130106,0.7653896694776732,6.597047864406951,0.37949252593484306,0.04604888498897089,0.3793796824898046,0.0013209615740418699,0.14224984301760576
06010201,0.7653896694776732,6.597047864406951,0.37949252593484306,0.04604888498897089,0.3793796824898046,0.0013209615740418699,0.14224984301760576
08010100,0.7653896694776732,6.597047864406951,0.37949252593484306,0.04604888498897089,0.3793796824898046,0.0013209615740418699,0.14224984301760576
06030005,0.7653896694776732,6.597047864406951,0.37949252593484306,0.04604888498897089,0.3793796824898046,0.0013209615740418699,0.14224984301760576
06040005,0.7653896694776732,6.597047864406951,0.37949252593484306,0.04604888498897089,0.3793796824898046,0.0013209615740418699,0.14224984301760576
06030002,0.7653896694776732,6.597047864406951,0.37949252593484306,0.04604888498897089,0.3793796824898046,0.0013209615740418699,0.14224984301760576
06040006,0.7653896694776732,6.597047864406951,0.37949252593484306,0.04604888498897089,0.3793796824898046,0.0013209615740418699,0.14224984301760576
06030001,0.7653896694776732,6.597047864406951,0.37949252593484306,0.04604888498897089,0.3793796824898046,0.0013209615740418699,0.14224984301760576
06020001,0.7653896694776732,6.597047864406951,0.37949252593484306,0.04604888498897089,0.3793796824898046,0.0013209615740418699,0.14224984301760576
08010202,0.7653896694776732,6.597047864406951,0.37949252593484306,0.04604888498897089,0.3793796824898046,0.0013209615740418699,0.14224984301760576
06010207,0.7653896694776732,6.597047864406951,0.37949252593484306,0.04604888498897089,0.3793796824898046,0.0013209615740418699,0.14224984301760576
06010204,0.7653896694776732,6.597047864406951,0.37949252593484306,0.04604888498897089,0.3793796824898046,0.0013209615740418699,0.14224984301760576
08010206,0.7653896694776732,6.597047864406951,0.37949252593484306,0.04604888498897089,0.3793796824898046,0.0013209615740418699,0.14224984301760576
06040001,0.7653896694776732,6.597047864406951,0.37949252593484306,0.04604888498897089,0.3793796824898046,0.0013209615740418699,0.14224984301760576
18020159,17.76617942396091,13.147687731911972,0.26004499770055917,0.1089312389677754,0.2599676724005858,0.05717016569793281,0.14202302568876468
18040003,17.76617942396091,13.147687731911972,0.26004499770055917,0.1089312389677754,0.2599676724005858,0.05717016569793281,0.14202302568876468
18020157,17.76617942396091,13.147687731911972,0.26004499770055917,0.1089312389677754,0.2599676724005858,0.05717016569793281,0.14202302568876468
18020156,17.76617942396091,13.147687731911972,0.26004499770055917,0.1089312389677754,0.2599676724005858,0.05717016569793281,0.14202302568876468
15030104,17.76617942396091,13.147687731911972,0.26004499770055917,0.1089312389677754,0.2599676724005858,0.05717016569793281,0.14202302568876468
18020155,17.76617942396091,13.147687731911972,0.26004499770055917,0.1089312389677754,0.2599676724005858,0.05717016569793281,0.14202302568876468
18020163,17.76617942396091,13.147687731911972,0.26004499770055917,0.1089312389677754,0.2599676724005858,0.05717016569793281,0.14202302568876468
18020104,17.76617942396091,13.147687731911972,0.26004499770055917,0.1089312389677754,0.2599676724005858,0.05717016569793281,0.14202302568876468
02040104,0.5670085097322357,3.671044956573223,0.40645643008566185,0.01796094941093236,0.4063355688283395,0.000669260679850444,0.14165525963970743
03090102,1.16073174591874,2.8960138477456776,0.4111752398190552,0.0105210990275161,0.4110529754069659,0.002619697729525323,0.14139792405466908
03090205,1.061395838369273,2.8960138477456776,0.4111752398190552,0.0105210990275161,0.4110529754069659,0.0022933698672506224,0.14128914810057755
10090101,7.154207025220268,6.89599520743239,0.34486023300654683,0.04891860657730003,0.344757687596322,0.0223088315356142,0.1386617085697454
18020152,17.13637249323342,12.614838677806665,0.2565713211583942,0.10381619623679972,0.2564950287684288,0.05510119029497748,0.13847080510006868
18020003,17.04918585303047,12.614838677806665,0.2565713211583942,0.10381619623679972,0.2564950287684288,0.05481477392633279,0.1383753329771871
18020154,16.829418590184353,12.614838677806665,0.2565713211583942,0.10381619623679972,0.2564950287684288,0.054092817658436196,0.13813468088788824
18020151,16.829418590184353,12.614838677806665,0.2565713211583942,0.10381619623679972,0.2564950287684288,0.054092817658436196,0.13813468088788824
03080103,0.4952797548154934,2.9446281081156296,0.4016988963817027,0.010987767809624772,0.40157944979385696,0.00043362492805595605,0.13766694751051256
18090102,23.423463938667265,4.729717017767609,0.29239154178399934,0.028123588885242457,0.29230459812471715,0.07575488100890493,0.13206102267295486
17020012,76.75562390978703,7.866098043140433,0.08441010495249004,0.05823103271347679,0.08438500530918235,0.2509560764598166,0.13119070482749193
03080201,0.9511757753325891,2.902827779855413,0.3801301216837523,0.010586508834737744,0.3800170886473624,0.0019312865235953326,0.1308449613352318
18090101,20.91509354539884,4.729717017767609,0.29239154178399934,0.028123588885242457,0.29230459812471715,0.06751464675302103,0.12931427792099356
17090009,1.0176095990057012,5.680566995322874,0.34732332688749784,0.03725119871859171,0.34722004906759435,0.0021495279248850458,0.12887359190369038
17090011,0.9478322710775083,5.680566995322874,0.34732332688749784,0.03725119871859171,0.34722004906759435,0.001920302795525767,0.12879718352723726
03110206,0.9238810666393676,2.920737774742192,0.36949558813557365,0.010758434426894892,0.36938571731535386,0.0018416208210412575,0.12732859085443002
03100102,0.9053701326224335,2.920737774742192,0.36949558813557365,0.010758434426894892,0.36938571731535386,0.0017808106500218192,0.12730832079742352
03100202,0.8902216624551837,2.920737774742192,0.36949558813557365,0.010758434426894892,0.36938571731535386,0.001731046491135477,0.1272917327444614
18020126,18.611445343159453,4.729717017767609,0.29239154178399934,0.028123588885242457,0.29230459812471715,0.05994694427951834,0.12679171042982598
17020014,72.81082427153747,7.534248784135115,0.08595073984877805,0.055045471761501534,0.08592518209223396,0.23799703612074335,0.12632256332482628
03090206,0.5303014474319228,2.9567104172430003,0.36384067980232343,0.011103750989099733,0.3637324904891007,0.0005486745044548014,0.12512830532755173
03090201,0.46553651412145264,2.9567104172430003,0.36384067980232343,0.011103750989099733,0.3637324904891007,0.00033591556603120373,0.12505738568141053
18030006,25.62654392215767,4.251642910581622,0.26629358068129144,0.02353435396404075,0.26621439734306446,0.08299220736115673,0.12424698622275399
18090206,25.607228999777863,4.251642910581622,0.26629358068129144,0.02353435396404075,0.26621439734306446,0.08292875601223675,0.12422583577311398
18070301,25.06284181099633,4.251642910581622,0.26629358068129144,0.02353435396404075,0.26621439734306446,0.08114039254984681,0.12362971461898402
16040201,45.26279847297126,7.876347753716394,0.1634329979201556,0.05832942400679382,0.1633844005400811,0.1474991628893769,0.12307099581208396
18060009,23.569537966005516,4.251642910581622,0.26629358068129144,0.02353435396404075,0.26621439734306446,0.07623474802025136,0.12199449977578553
18040014,23.568633256536557,4.251642910581622,0.26629358068129144,0.02353435396404075,0.26621439734306446,0.07623177596398019,0.12199350909036179
18060004,22.87021577114707,4.251642910581622,0.26629358068129144,0.02353435396404075,0.26621439734306446,0.07393740839232511,0.1212287198998101
18090205,22.733548651112944,4.251642910581622,0.26629358068129144,0.02353435396404075,0.26621439734306446,0.0734884439621993,0.12107906508976818
18030007,21.8166648290372,4.251642910581622,0.26629358068129144,0.02353435396404075,0.26621439734306446,0.0704763937882656,0.1200750483651236
18060013,21.108016076666978,4.251642910581622,0.26629358068129144,0.02353435396404075,0.26621439734306446,0.06814841553579482,0.1192990556143
18060007,21.02354609853509,4.251642910581622,0.26629358068129144,0.02353435396404075,0.26621439734306446,0.06787092365929041,0.11920655832213188
18030002,20.905283864410446,4.251642910581622,0.26629358068129144,0.02353435396404075,0.26621439734306446,0.06748242102210952,0.11907705744307158
18070204,20.30439113661786,4.251642910581622,0.26629358068129144,0.02353435396404075,0.26621439734306446,0.06550843151363978,0.11841906094024833
18070201,20.287548877368497,4.251642910581622,0.26629358068129144,0.02353435396404075,0.26621439734306446,0.06545310309723623,0.11840061813478048
03020102,1.156616568819375,5.066562146038917,0.32127730556001227,0.031357107292667864,0.3211817726166881,0.002606178983093688,0.11838168629748323
03020101,1.1168577904980805,5.066562146038917,0.32127730556001227,0.031357107292667864,0.3211817726166881,0.002475567631606505,0.11833814918032083
18070304,20.221008136474737,4.251642910581622,0.26629358068129144,0.02353435396404075,0.26621439734306446,0.06523451046275286,0.11832775392328602
03030006,1.0252054635430334,5.066562146038917,0.32127730556001227,0.031357107292667864,0.3211817726166881,0.002174481059131707,0.1182377869894959
03040203,1.0162939216790945,5.066562146038917,0.32127730556001227,0.031357107292667864,0.3211817726166881,0.0021452058002875423,0.11822802856988118
03040206,1.0157393425646688,5.066562146038917,0.32127730556001227,0.031357107292667864,0.3211817726166881,0.0021433839553843524,0.11822742128824677
18030003,20.119057991721146,4.251642910581622,0.26629358068129144,0.02353435396404075,0.26621439734306446,0.06489959458372424,0.11821611529694315
03020203,0.9967503672086843,5.066562146038917,0.32127730556001227,0.031357107292667864,0.3211817726166881,0.002081003373301085,0.1182066277608857
03030007,0.977897958090282,5.066562146038917,0.32127730556001227,0.031357107292667864,0.3211817726166881,0.002019071424239536,0.11818598377786517
03020301,0.9262187194587519,5.066562146038917,0.32127730556001227,0.031357107292667864,0.3211817726166881,0.0018493002319019292,0.11812939338041932
03020302,0.9112434339723393,5.066562146038917,0.32127730556001227,0.031357107292667864,0.3211817726166881,0.0018001050010907466,0.11811299497014892
18070303,19.959010117868456,4.251642910581622,0.26629358068129144,0.02353435396404075,0.26621439734306446,0.06437382216341438,0.11804085782350653
03030004,0.6303528878143144,5.066562146038917,0.32127730556001227,0.031357107292667864,0.3211817726166881,0.0008773529598384375,0.11780541095639814
03020103,0.5909347224303622,5.066562146038917,0.32127730556001227,0.031357107292667864,0.3211817726166881,0.0007478605541025748,0.11776224682115287
03040201,0.568307815097032,5.066562146038917,0.32127730556001227,0.031357107292667864,0.3211817726166881,0.0006735290210031624,0.11773746964345305
03020202,0.5559265794318319,5.066562146038917,0.32127730556001227,0.031357107292667864,0.3211817726166881,0.0006328554894815218,0.1177239117996125
03030005,0.5559265794318319,5.066562146038917,0.32127730556001227,0.031357107292667864,0.3211817726166881,0.0006328554894815218,0.1177239117996125
03040104,0.5559265794318319,5.066562146038917,0.32127730556001227,0.031357107292667864,0.3211817726166881,0.0006328554894815218,0.1177239117996125
03050111,0.5559265794318319,5.066562146038917,0.32127730556001227,0.031357107292667864,0.3211817726166881,0.0006328554894815218,0.1177239117996125
03050112,0.5559265794318319,5.066562146038917,0.32127730556001227,0.031357107292667864,0.3211817726166881,0.0006328554894815218,0.1177239117996125
18060010,19.347970301981007,4.251642910581622,0.26629358068129144,0.02353435396404075,0.26621439734306446,0.062366498509739784,0.11737174993894833
18070101,19.12539964038058,4.251642910581622,0.26629358068129144,0.02353435396404075,0.26621439734306446,0.061635332811485456,0.11712802803953022
18060005,19.037361590277843,4.251642910581622,0.26629358068129144,0.02353435396404075,0.26621439734306446,0.0613461194807012,0.11703162359593546
18050006,18.984688955162284,4.251642910581622,0.26629358068129144,0.02353435396404075,0.26621439734306446,0.06117308488685026,0.11697394539798515
18030012,18.919755090495105,4.251642910581622,0.26629358068129144,0.02353435396404075,0.26621439734306446,0.06095977099292401,0.1169028407666764
18060002,18.884504736983317,4.251642910581622,0.26629358068129144,0.02353435396404075,0.26621439734306446,0.06084397024383234,0.11686424051697919
18070102,18.657710202488907,4.251642910581622,0.26629358068129144,0.02353435396404075,0.26621439734306446,0.06009892872316881,0.11661589334342466
18060008,18.52906618233103,4.251642910581622,0.26629358068129144,0.02353435396404075,0.26621439734306446,0.059676320935832305,0.11647502408097916
18040013,18.490427413140814,4.251642910581622,0.26629358068129144,0.02353435396404075,0.26621439734306446,0.059549388920392785,0.116432713409166
18030001,18.333296032165123,4.251642910581622,0.26629358068129144,0.02353435396404075,0.26621439734306446,0.0590331974553424,0.11626064958748254
18040008,18.33084737347755,4.251642910581622,0.26629358068129144,0.02353435396404075,0.26621439734306446,0.05902515337969374,0.11625796822893297
18050005,18.326830776003927,4.251642910581622,0.26629358068129144,0.02353435396404075,0.26621439734306446,0.05901195847666703,0.11625356992792407
18060001,18.276957606013546,4.251642910581622,0.26629358068129144,0.02353435396404075,0.26621439734306446,0.05884812039082965,0.11619895723264495
18020116,18.267588338155363,4.251642910581622,0.26629358068129144,0.02353435396404075,0.26621439734306446,0.058817341458752975,0.11618869758861938
18020122,18.260985539655472,4.251642910581622,0.26629358068129144,0.02353435396404075,0.26621439734306446,0.058795650640471306,0.11618146731585884
16050101,18.223626942596095,4.251642910581622,0.26629358068129144,0.02353435396404075,0.26621439734306446,0.05867292411169924,0.11614055847293481
18020162,18.20561028400671,4.251642910581622,0.26629358068129144,0.02353435396404075,0.26621439734306446,0.05861373768226154,0.11612082966312225
18070305,18.177058824935784,4.251642910581622,0.26629358068129144,0.02353435396404075,0.26621439734306446,0.058519943435716815,0.11608956491427401
18070106,18.134979055859134,4.251642910581622,0.26629358068129144,0.02353435396404075,0.26621439734306446,0.058381707409827,0.11604348623897741
18010108,18.08808653575218,4.251642910581622,0.26629358068129144,0.02353435396404075,0.26621439734306446,0.05822766104109014,0.11599213744939844
18040012,18.070531314093213,4.251642910581622,0.26629358068129144,0.02353435396404075,0.26621439734306446,0.058169990475661654,0.11597291392758895
18010109,18.06686154822696,4.251642910581622,0.26629358068129144,0.02353435396404075,0.26621439734306446,0.058157934947306145,0.11596889541813711
18010110,18.02501372842229,4.251642910581622,0.26629358068129144,0.02353435396404075,0.26621439734306446,0.058020460896737736,0.11592307073461432
18020129,18.000548137823507,4.251642910581622,0.26629358068129144,0.02353435396404075,0.26621439734306446,0.05794008911500902,0.11589628014070474
17050119,56.959946362514906,8.764570441945581,0.09482973716006264,0.06685584808489023,0.09480153920225866,0.18592540129269514,0.11586092952661468
18060006,17.86484215326881,4.251642910581622,0.26629358068129144,0.02353435396404075,0.26621439734306446,0.05749428210594168,0.11574767780434896
18010103,17.853312918530815,4.251642910581622,0.26629358068129144,0.02353435396404075,0.26621439734306446,0.05745640747814065,0.11573505292841528
18010102,17.80740348819407,4.251642910581622,0.26629358068129144,0.02353435396404075,0.26621439734306446,0.057305590652386294,0.11568478065316383
18010104,17.79658735368963,4.251642910581622,0.26629358068129144,0.02353435396404075,0.26621439734306446,0.057270058626374944,0.1156729366444934
18020125,17.792942929586424,4.251642910581622,0.26629358068129144,0.02353435396404075,0.26621439734306446,0.05725808634811061,0.11566894588507193
18010107,17.767568218933846,4.251642910581622,0.26629358068129144,0.02353435396404075,0.26621439734306446,0.05717472802092191,0.11564115977600904
18010106,17.766289369630346,4.251642910581622,0.26629358068129144,0.02353435396404075,0.26621439734306446,0.05717052687986751,0.11563975939565757
18020121,17.74513481329065,4.251642910581622,0.26629358068129144,0.02353435396404075,0.26621439734306446,0.05710103215919699,0.11561659448876739
18070103,17.73455003033843,4.251642910581622,0.26629358068129144,0.02353435396404075,0.26621439734306446,0.05706626014494102,0.11560500381734874
18020123,17.6661022535699,4.251642910581622,0.26629358068129144,0.02353435396404075,0.26621439734306446,0.05684140271703453,0.1155300513413799
18060011,17.665372156665,4.251642910581622,0.26629358068129144,0.02353435396404075,0.26621439734306446,0.0568390042795701,0.11552925186222511
18010105,17.656252955600753,4.251642910581622,0.26629358068129144,0.02353435396404075,0.26621439734306446,0.05680904684058997,0.11551926604923173
18050002,17.656252955600753,4.251642910581622,0.26629358068129144,0.02353435396404075,0.26621439734306446,0.05680904684058997,0.11551926604923173
18050001,17.656252955600753,4.251642910581622,0.26629358068129144,0.02353435396404075,0.26621439734306446,0.05680904684058997,0.11551926604923173
18060012,17.656252955600753,4.251642910581622,0.26629358068129144,0.02353435396404075,0.26621439734306446,0.05680904684058997,0.11551926604923173
03080202,1.0540497975416316,2.932117264953715,0.32410309702899565,0.01086767095127306,0.32400672382658197,0.0022692374275457444,0.11238121073513359
03100103,1.0383029144109153,2.932117264953715,0.32410309702899565,0.01086767095127306,0.32400672382658197,0.002217507425411548,0.11236396740108885
03080203,0.9906622756081849,2.932117264953715,0.32410309702899565,0.01086767095127306,0.32400672382658197,0.002061003415920777,0.11231179939792528
03090202,0.94175812680655,2.932117264953715,0.32410309702899565,0.01086767095127306,0.32400672382658197,0.001900348656443654,0.1122582478114329
03090204,0.9314896700399223,2.932117264953715,0.32410309702899565,0.01086767095127306,0.32400672382658197,0.0018666158036598297,0.11224700352717161
03100201,0.772410862668825,2.932117264953715,0.32410309702899565,0.01086767095127306,0.32400672382658197,0.0013440268585015228,0.11207280721211886
17060204,19.35659479734613,14.205431292144093,0.15347465712568464,0.11908496536987274,0.15342902089347296,0.06239483079365532,0.11163627235233368
17040220,19.339994559968044,14.205431292144093,0.15347465712568464,0.11908496536987274,0.15342902089347296,0.06234029744201562,0.11161809456845379
16020307,32.17115578893955,7.876347753716394,0.1634329979201556,0.05832942400679382,0.1633844005400811,0.10449187704345206,0.10873523386344235
17050113,16.591269868177967,14.205431292144093,0.15347465712568464,0.11908496536987274,0.15342902089347296,0.05331047655668408,0.10860815427334326
17050121,16.501232071387637,14.205431292144093,0.15347465712568464,0.11908496536987274,0.15342902089347296,0.05301469386867793,0.10850956004400787
17060210,16.322519434508013,14.205431292144093,0.15347465712568464,0.11908496536987274,0.15342902089347296,0.05242760593448494,0.10831386406594355
17050123,16.302612963246087,14.205431292144093,0.15347465712568464,0.11908496536987274,0.15342902089347296,0.05236221129147429,0.10829206585160667
17050120,16.286505956354606,14.205431292144093,0.15347465712568464,0.11908496536987274,0.15342902089347296,0.052309298248686374,0.10827442817067735
17050111,16.27621521277981,14.205431292144093,0.15347465712568464,0.11908496536987274,0.15342902089347296,0.052275492181627414,0.10826315948165771
17050114,16.19125097801018,14.205431292144093,0.15347465712568464,0.11908496536987274,0.15342902089347296,0.05199637662526758,0.1081701209628711
17060208,16.178144542798222,14.205431292144093,0.15347465712568464,0.11908496536987274,0.15342902089347296,0.051953320744566725,0.10815576900263747
17060203,16.13933201619857,14.205431292144093,0.15347465712568464,0.11908496536987274,0.15342902089347296,0.051825817919584356,0.1081132680609767
17050122,16.020610718746976,14.205431292144093,0.15347465712568464,0.11908496536987274,0.15342902089347296,0.05143580721590638,0.10798326449308404
17060206,15.99055699106981,14.205431292144093,0.15347465712568464,0.11908496536987274,0.15342902089347296,0.0513370778747425,0.10795035471269608
17040212,15.961433558586863,14.205431292144093,0.15347465712568464,0.11908496536987274,0.15342902089347296,0.05124140464137994,0.10791846363490855
17050101,15.910034933630557,14.205431292144093,0.15347465712568464,0.11908496536987274,0.15342902089347296,0.05107255529153635,0.10786218051829403
17050112,15.840011636128882,14.205431292144093,0.15347465712568464,0.11908496536987274,0.15342902089347296,0.05084252212883768,0.10778550279739446
01020002,1.6147188428643773,8.140143300373827,0.2566586051347567,0.06086170868103327,0.2565822867905921,0.004111088330379222,0.10718502793400153
01070002,1.6013284305012454,8.140143300373827,0.2566586051347567,0.06086170868103327,0.2565822867905921,0.0040670995578473805,0.10717036500982426
01080202,1.5955634866971853,8.140143300373827,0.2566586051347567,0.06086170868103327,0.2565822867905921,0.004048161171576777,0.10716405221440073
01030001,1.58528737776603,8.140143300373827,0.2566586051347567,0.06086170868103327,0.2565822867905921,0.004014403180707907,0.10715279955077776
02010002,1.5777068597122228,8.140143300373827,0.2566586051347567,0.06086170868103327,0.2565822867905921,0.003989500461112762,0.10714449864424604
01080102,1.5697996859111814,8.140143300373827,0.2566586051347567,0.06086170868103327,0.2565822867905921,0.003963524646457387,0.10713584003936093
01080204,1.5683643081409937,8.140143300373827,0.2566586051347567,0.06086170868103327,0.2565822867905921,0.003958809294568457,0.10713426825539794
01070003,1.5654376092740951,8.140143300373827,0.2566586051347567,0.06086170868103327,0.2565822867905921,0.003949194811665774,0.10713106342776373
01080105,1.564791529792719,8.140143300373827,0.2566586051347567,0.06086170868103327,0.2565822867905921,0.0039470723793931135,0.1071303559503395
01060003,1.5643199292853223,8.140143300373827,0.2566586051347567,0.06086170868103327,0.2565822867905921,0.0039455231270711395,0.10712983953289884
01030002,1.5643032034229114,8.140143300373827,0.2566586051347567,0.06086170868103327,0.2565822867905921,0.003945468181029372,0.10712982121755159
02010003,1.55914787733593,8.140143300373827,0.2566586051347567,0.06086170868103327,0.2565822867905921,0.0039285324466832,0.10712417597276952
01070004,1.5572548874991057,8.140143300373827,0.2566586051347567,0.06086170868103327,0.2565822867905921,0.003922313795824738,0.10712210308915004
01090003,1.5559416386326859,8.140143300373827,0.2566586051347567,0.06086170868103327,0.2565822867905921,0.003917999648948896,0.10712066504019142
01020004,1.5543728699064672,8.140143300373827,0.2566586051347567,0.06086170868103327,0.2565822867905921,0.003912846095138805,0.1071189471889214
01060001,1.5530576244247924,8.140143300373827,0.2566586051347567,0.06086170868103327,0.2565822867905921,0.003908525389192795,0.10711750695360606
01110000,1.549594537676202,8.140143300373827,0.2566586051347567,0.06086170868103327,0.2565822867905921,0.0038971488213089545,0.10711371476431146
01100005,1.5415358531306909,8.140143300373827,0.2566586051347567,0.06086170868103327,0.2565822867905921,0.0038706752795116617,0.10710489025037902
02010007,1.540945219132236,8.140143300373827,0.2566586051347567,0.06086170868103327,0.2565822867905921,0.0038687349909004506,0.10710424348750862
01100001,1.5393532832243966,8.140143300373827,0.2566586051347567,0.06086170868103327,0.2565822867905921,0.003863505330705069,0.10710250026744349
01040001,1.5389173434633288,8.140143300373827,0.2566586051347567,0.06086170868103327,0.2565822867905921,0.00386207322731145,0.10710202289964561
02010005,1.5376911827099837,8.140143300373827,0.2566586051347567,0.06086170868103327,0.2565822867905921,0.0038580451731333077,0.10710068021491957
01080107,1.534014226656106,8.140143300373827,0.2566586051347567,0.06086170868103327,0.2565822867905921,0.0038459660243306214,0.10709665383198534
01070005,1.527756991263944,8.140143300373827,0.2566586051347567,0.06086170868103327,0.2565822867905921,0.003825410413578718,0.10708980196173469
01090002,1.522751892816873,8.140143300373827,0.2566586051347567,0.06086170868103327,0.2565822867905921,0.0038089681912544925,0.10708432122095995
01090005,1.5219175301937404,8.140143300373827,0.2566586051347567,0.06086170868103327,0.2565822867905921,0.003806227231032901,0.10708340756755276
01070001,1.519396861752494,8.140143300373827,0.2566586051347567,0.06086170868103327,0.2565822867905921,0.003797946596524925,0.10708064735605011
01080207,1.5127611854801875,8.140143300373827,0.2566586051347567,0.06086170868103327,0.2565822867905921,0.003776147771647723,0.10707338108109103
01090004,1.5073752143149417,8.140143300373827,0.2566586051347567,0.06086170868103327,0.2565822867905921,0.003758454346380001,0.10706748327266846
01100004,1.5054685941249244,8.140143300373827,0.2566586051347567,0.06086170868103327,0.2565822867905921,0.0037521909185206613,0.10706539546338201
01060002,1.5039090060182911,8.140143300373827,0.2566586051347567,0.06086170868103327,0.2565822867905921,0.0037470675239152087,0.1070636876651802
01080206,1.5033166680668169,8.140143300373827,0.2566586051347567,0.06086170868103327,0.2565822867905921,0.003745121637656984,0.10706303903642746
01100006,1.4986057288912082,8.140143300373827,0.2566586051347567,0.06086170868103327,0.2565822867905921,0.0037296457563930317,0.10705788040933946
01090001,1.4786781287062185,8.140143300373827,0.2566586051347567,0.06086170868103327,0.2565822867905921,0.0036641817028694426,0.10703605905816493
01080203,1.4713099327068522,8.140143300373827,0.2566586051347567,0.06086170868103327,0.2565822867905921,0.0036399764813276063,0.10702799065098434
01020001,1.4326494235020866,8.140143300373827,0.2566586051347567,0.06086170868103327,0.2565822867905921,0.0035129730478817493,0.10698565617316903
01080101,1.4220389571296606,8.140143300373827,0.2566586051347567,0.06086170868103327,0.2565822867905921,0.0034781166611584776,0.10697403737759463
01030003,1.3748508718772041,8.140143300373827,0.2566586051347567,0.06086170868103327,0.2565822867905921,0.0033230993329320035,0.10692236493485247
01040002,1.3679221945494955,8.140143300373827,0.2566586051347567,0.06086170868103327,0.2565822867905921,0.003300337971843956,0.10691477781448978
01100002,1.2836627932174145,8.140143300373827,0.2566586051347567,0.06086170868103327,0.2565822867905921,0.003023537860066132,0.10682251111056384
01100003,1.2813289754627695,8.140143300373827,0.2566586051347567,0.06086170868103327,0.2565822867905921,0.0030158710477562654,0.10681995550646055
01070006,1.2813289754627695,8.140143300373827,0.2566586051347567,0.06086170868103327,0.2565822867905921,0.0030158710477562654,0.10681995550646055
01080103,1.2813289754627695,8.140143300373827,0.2566586051347567,0.06086170868103327,0.2565822867905921,0.0030158710477562654,0.10681995550646055
01080104,1.2813289754627695,8.140143300373827,0.2566586051347567,0.06086170868103327,0.2565822867905921,0.0030158710477562654,0.10681995550646055
01080106,1.2813289754627695,8.140143300373827,0.2566586051347567,0.06086170868103327,0.2565822867905921,0.0030158710477562654,0.10681995550646055
01080201,1.2813289754627695,8.140143300373827,0.2566586051347567,0.06086170868103327,0.2565822867905921,0.0030158710477562654,0.10681995550646055
01050003,1.2813289754627695,8.140143300373827,0.2566586051347567,0.06086170868103327,0.2565822867905921,0.0030158710477562654,0.10681995550646055
01050002,1.2813289754627695,8.140143300373827,0.2566586051347567,0.06086170868103327,0.2565822867905921,0.0030158710477562654,0.10681995550646055
01080205,1.2813289754627695,8.140143300373827,0.2566586051347567,0.06086170868103327,0.2565822867905921,0.0030158710477562654,0.10681995550646055
01020005,1.2813289754627695,8.140143300373827,0.2566586051347567,0.06086170868103327,0.2565822867905921,0.0030158710477562654,0.10681995550646055
01010002,1.5941278547050992,8.090976567661357,0.2542962919526162,0.060389736483974554,0.25422067605063303,0.004043444984544839,0.10621795250638415
01010001,1.5941278547050992,8.090976567661357,0.2542962919526162,0.060389736483974554,0.25422067605063303,0.004043444984544839,0.10621795250638415
01010003,1.5941278547050992,8.090976567661357,0.2542962919526162,0.060389736483974554,0.25422067605063303,0.004043444984544839,0.10621795250638415
01010005,1.5941278547050992,8.090976567661357,0.2542962919526162,0.060389736483974554,0.25422067605063303,0.004043444984544839,0.10621795250638415
01010004,1.5941278547050992,8.090976567661357,0.2542962919526162,0.060389736483974554,0.25422067605063303,0.004043444984544839,0.10621795250638415
01020003,1.5904948907661536,8.090976567661357,0.2542962919526162,0.060389736483974554,0.25422067605063303,0.004031510354005254,0.10621397429620427
01050001,1.5755384627023885,8.090976567661357,0.2542962919526162,0.060389736483974554,0.25422067605063303,0.003982377071613051,0.10619759653540688
17070104,49.14627981946304,7.714136124518809,0.09722480649271284,0.05677228618621536,0.09719589635257025,0.16025676683388462,0.10474164979089007
16040205,24.927068536458922,7.876347753716394,0.1634329979201556,0.05832942400679382,0.1633844005400811,0.08069436448681468,0.10080272967789654
17010201,4.708569012497056,11.843497852925397,0.18833062260976582,0.09641177044488683,0.18827462183291474,0.014274679089860515,0.09965369045588736
10070003,3.361187007415207,11.843497852925397,0.18833062260976582,0.09641177044488683,0.18827462183291474,0.009848401621495872,0.09817826463309914
16060007,22.487303873562112,7.876347753716394,0.1634329979201556,0.05832942400679382,0.1633844005400811,0.0726795065513798,0.0981311103660849
17010203,2.8338930798172752,11.843497852925397,0.18833062260976582,0.09641177044488683,0.18827462183291474,0.008116191140630467,0.09760086113947734
10020008,2.6980419969022384,11.843497852925397,0.18833062260976582,0.09641177044488683,0.18827462183291474,0.0076699074697102534,0.09745209991583727
17010210,2.6895953379256543,11.843497852925397,0.18833062260976582,0.09641177044488683,0.18827462183291474,0.007642159395170144,0.09744285055765724
17010202,2.563195214164296,11.843497852925397,0.18833062260976582,0.09641177044488683,0.18827462183291474,0.00722692301996754,0.0973044384325897
16040106,21.69316702393286,7.876347753716394,0.1634329979201556,0.05832942400679382,0.1633844005400811,0.0700706918046677,0.09726150545051421
17010205,2.5219841017670355,11.843497852925397,0.18833062260976582,0.09641177044488683,0.18827462183291474,0.007091540613521377,0.09725931096377431
17010211,2.0929147519362536,11.843497852925397,0.18833062260976582,0.09641177044488683,0.18827462183291474,0.0056820071713655365,0.0967894664830557
10070002,2.0421223891253786,11.843497852925397,0.18833062260976582,0.09641177044488683,0.18827462183291474,0.005515149450075781,0.09673384724262579
17010206,1.9920330629384178,11.843497852925397,0.18833062260976582,0.09641177044488683,0.18827462183291474,0.005350601270665114,0.0966789978494889
17010209,1.9619763462635411,11.843497852925397,0.18833062260976582,0.09641177044488683,0.18827462183291474,0.005251862110360725,0.09664608479605409
17010207,1.7805109952885039,11.843497852925397,0.18833062260976582,0.09641177044488683,0.18827462183291474,0.00465573124971375,0.09644737450917178
17010204,1.7672583141727412,11.843497852925397,0.18833062260976582,0.09641177044488683,0.18827462183291474,0.0046121949373710905,0.09643286240505755
17010208,1.7338206162063439,11.843497852925397,0.18833062260976582,0.09641177044488683,0.18827462183291474,0.004502348933383783,0.09639624707039512
17010212,1.7338206162063439,11.843497852925397,0.18833062260976582,0.09641177044488683,0.18827462183291474,0.004502348933383783,0.09639624707039512
16040202,20.588570785792356,7.876347753716394,0.1634329979201556,0.05832942400679382,0.1633844005400811,0.06644198856974165,0.09605193770553887
18010202,5.04245433748763,18.829215169734056,0.10826759183098865,0.1634706162975649,0.10823539807956196,0.015371523997577395,0.0956925127915681
17040213,19.69590015989386,7.876347753716394,0.1634329979201556,0.05832942400679382,0.1633844005400811,0.06350948103796304,0.095074435194946
17070302,4.177209187129,18.829215169734056,0.10826759183098865,0.1634706162975649,0.10823539807956196,0.012529111749826221,0.0947450420423177
18010201,3.7714893434954413,18.829215169734056,0.10826759183098865,0.1634706162975649,0.10823539807956196,0.011196283646459531,0.09430076600786214
18010203,3.3450514956901696,18.829215169734056,0.10826759183098865,0.1634706162975649,0.10823539807956196,0.009795394937630647,0.09383380310491918
17010213,1.6629613124574392,11.358461635501206,0.18441481213268565,0.09175570329213323,0.18435997573593207,0.004269569411002727,0.09346174947968934
02030201,1.211081831981277,5.538986104639639,0.2406404535679691,0.035892104055375476,0.24056889827783698,0.0027851025298182364,0.09308203495434357
02030202,1.188552313723751,5.538986104639639,0.2406404535679691,0.035892104055375476,0.24056889827783698,0.0027110909290544724,0.09305736442075564
17040211,34.45213010460267,8.764570441945581,0.09482973716006264,0.06685584808489023,0.09480153920225866,0.11198509365259389,0.0912141603132476
17050102,33.72014401536,8.764570441945581,0.09482973716006264,0.06685584808489023,0.09480153920225866,0.10958045003871814,0.09041261244195568
17120004,33.24651922106651,8.764570441945581,0.09482973716006264,0.06685584808489023,0.09480153920225866,0.10802454774261111,0.08989397834325334
16040109,14.318308052693906,7.876347753716394,0.1634329979201556,0.05832942400679382,0.1633844005400811,0.04584358176932262,0.08918580210539918
17050106,12.44479130356455,7.876347753716394,0.1634329979201556,0.05832942400679382,0.1633844005400811,0.03968890184781715,0.08713424213156402
16040102,12.017091144184475,7.876347753716394,0.1634329979201556,0.05832942400679382,0.1633844005400811,0.03828386632593856,0.0866658969576045
16040103,11.741129190962994,7.876347753716394,0.1634329979201556,0.05832942400679382,0.1633844005400811,0.0373773051791642,0.08636370990867971
17040210,29.918009455446114,8.764570441945581,0.09482973716006264,0.06685584808489023,0.09480153920225866,0.09709007799072938,0.0862491550926261
17050105,11.084103266046814,7.876347753716394,0.1634329979201556,0.05832942400679382,0.1633844005400811,0.03521891280297147,0.08564424578328213
16040101,9.546099762029915,7.876347753716394,0.1634329979201556,0.05832942400679382,0.1633844005400811,0.030166425660928687,0.08396008340260121
04130001,1.3798600807628405,3.5830752790006697,0.2285957850998019,0.01711649138600578,0.22852781133444672,0.0033395550584361285,0.08299461925962955
04120104,1.1659100474246908,3.5830752790006697,0.2285957850998019,0.01711649138600578,0.22852781133444672,0.0026367089402983186,0.08276033722025028
02050104,1.0459108981659497,3.5830752790006697,0.2285957850998019,0.01711649138600578,0.22852781133444672,0.0022425003724359134,0.08262893436429615
04140201,1.0104189234689955,3.5830752790006697,0.2285957850998019,0.01711649138600578,0.22852781133444672,0.0021259058748722076,0.0825900695317749
04140101,0.9999181014390807,3.5830752790006697,0.2285957850998019,0.01711649138600578,0.22852781133444672,0.002091409680196151,0.08257857080021622
04130002,0.951122514962003,3.5830752790006697,0.2285957850998019,0.01711649138600578,0.22852781133444672,0.0019311115582348092,0.08252513809289577
04150102,0.9279141813098881,3.5830752790006697,0.2285957850998019,0.01711649138600578,0.22852781133444672,0.0018548699846237641,0.08249972423502543
02020005,0.9105083323366342,3.5830752790006697,0.2285957850998019,0.01711649138600578,0.22852781133444672,0.001797690122611735,0.08248066428102142
04150303,0.9086977359314004,3.5830752790006697,0.2285957850998019,0.01711649138600578,0.22852781133444672,0.0017917421419777631,0.0824786816208101
02010001,0.8971819324249715,3.5830752790006697,0.2285957850998019,0.01711649138600578,0.22852781133444672,0.0017539116370442166,0.08246607145249892
02010006,0.8794235034609997,3.5830752790006697,0.2285957850998019,0.01711649138600578,0.22852781133444672,0.0016955735163773854,0.08244662541227664
04150304,0.8721684567710083,3.5830752790006697,0.2285957850998019,0.01711649138600578,0.22852781133444672,0.0016717400010307917,0.0824386809071611
04150306,0.8656703116763522,3.5830752790006697,0.2285957850998019,0.01711649138600578,0.22852781133444672,0.0016503929790948012,0.08243156523318244
02050101,0.8654855446108235,3.5830752790006697,0.2285957850998019,0.01711649138600578,0.22852781133444672,0.0016497860017892112,0.08243136290741392
04150307,0.8651013025258141,3.5830752790006697,0.2285957850998019,0.01711649138600578,0.22852781133444672,0.0016485237301566227,0.08243094215020304
02050102,0.8571304033136135,3.5830752790006697,0.2285957850998019,0.01711649138600578,0.22852781133444672,0.0016223385714915226,0.08242221376398134
02010004,0.85510922763425,3.5830752790006697,0.2285957850998019,0.01711649138600578,0.22852781133444672,0.0016156988180025856,0.08242000051281836
04120103,0.8465309816983357,3.5830752790006697,0.2285957850998019,0.01711649138600578,0.22852781133444672,0.0015875184678412954,0.08241060706276461
02020007,0.8402100955891362,3.5830752790006697,0.2285957850998019,0.01711649138600578,0.22852781133444672,0.0015667537584569291,0.08240368549296982
04120102,0.8200842507906475,3.5830752790006697,0.2285957850998019,0.01711649138600578,0.22852781133444672,0.0015006384526064977,0.08238164705768634
04150305,0.814582251873413,3.5830752790006697,0.2285957850998019,0.01711649138600578,0.22852781133444672,0.0014825638651869914,0.08237562219521317
02040102,0.8046412216568661,3.5830752790006697,0.2285957850998019,0.01711649138600578,0.22852781133444672,0.0014499066396237326,0.08236473645335875
04140202,0.7982481926607217,3.5830752790006697,0.2285957850998019,0.01711649138600578,0.22852781133444672,0.001428904934024646,0.08235773588482571
05010002,0.784256241699476,3.5830752790006697,0.2285957850998019,0.01711649138600578,0.22852781133444672,0.0013829400502391733,0.08234241425689723
02020001,0.7825709156485215,3.5830752790006697,0.2285957850998019,0.01711649138600578,0.22852781133444672,0.0013774035945806795,0.08234056877167774
04140102,0.7604498994941826,3.5830752790006697,0.2285957850998019,0.01711649138600578,0.22852781133444672,0.001304733961906364,0.08231634556078629
02020002,0.7349632605931878,3.5830752790006697,0.2285957850998019,0.01711649138600578,0.22852781133444672,0.0012210079398232902,0.0822884368867586
04150101,0.7248303438823344,3.5830752790006697,0.2285957850998019,0.01711649138600578,0.22852781133444672,0.0011877203489567775,0.08227734102313643
04150302,0.6813788118805265,3.5830752790006697,0.2285957850998019,0.01711649138600578,0.22852781133444672,0.0010449779519675555,0.08222976022414002
02020004,0.6768362334484782,3.5830752790006697,0.2285957850998019,0.01711649138600578,0.22852781133444672,0.001030055151688036,0.08222478595738018
02050105,0.664927596427447,3.5830752790006697,0.2285957850998019,0.01711649138600578,0.22852781133444672,0.0009909341514621787,0.08221174562397156
02040101,0.6273801195473807,3.5830752790006697,0.2285957850998019,0.01711649138600578,0.22852781133444672,0.0008675871345943942,0.0821706299516823
04130003,0.6153252550974442,3.5830752790006697,0.2285957850998019,0.01711649138600578,0.22852781133444672,0.0008279857634185169,0.08215742949462368
02010008,0.5394852713503623,3.5830752790006697,0.2285957850998019,0.01711649138600578,0.22852781133444672,0.0005788442356299983,0.08207438231869417
02050103,0.516552498317592,3.5830752790006697,0.2285957850998019,0.01711649138600578,0.22852781133444672,0.0005035079047459404,0.08204927020839949
04150301,0.516552498317592,3.5830752790006697,0.2285957850998019,0.01711649138600578,0.22852781133444672,0.0005035079047459404,0.08204927020839949
02030101,0.516552498317592,3.5830752790006697,0.2285957850998019,0.01711649138600578,0.22852781133444672,0.0005035079047459404,0.08204927020839949
04140203,0.516552498317592,3.5830752790006697,0.2285957850998019,0.01711649138600578,0.22852781133444672,0.0005035079047459404,0.08204927020839949
02020006,0.516552498317592,3.5830752790006697,0.2285957850998019,0.01711649138600578,0.22852781133444672,0.0005035079047459404,0.08204927020839949
02030102,0.516552498317592,3.5830752790006697,0.2285957850998019,0.01711649138600578,0.22852781133444672,0.0005035079047459404,0.08204927020839949
02020008,0.516552498317592,3.5830752790006697,0.2285957850998019,0.01711649138600578,0.22852781133444672,0.0005035079047459404,0.08204927020839949
02020003,0.516552498317592,3.5830752790006697,0.2285957850998019,0.01711649138600578,0.22852781133444672,0.0005035079047459404,0.08204927020839949
17060102,8.11434743801841,8.04925043122986,0.15985267831332362,0.05998918970773227,0.1598051455539496,0.02546298370597555,0.0817524396558858
17060105,7.885118536508178,8.04925043122986,0.15985267831332362,0.05998918970773227,0.1598051455539496,0.024709945059158325,0.0815014267736134
17060106,7.457154464992322,8.04925043122986,0.15985267831332362,0.05998918970773227,0.1598051455539496,0.023304042560924235,0.08103279260753536
17050109,25.152181689418214,8.764570441945581,0.09482973716006264,0.06685584808489023,0.09480153920225866,0.08143388250992774,0.08103042326569221
17060101,7.203485412256341,8.04925043122986,0.15985267831332362,0.05998918970773227,0.1598051455539496,0.022470715703127534,0.0807550169882698
17050118,24.855881237990065,8.764570441945581,0.09482973716006264,0.06685584808489023,0.09480153920225866,0.08046050747072123,0.08070596491929004
17120002,20.003638378448084,8.764570441945581,0.09482973716006264,0.06685584808489023,0.09480153920225866,0.06452043022520448,0.07539260583745112
17100309,1.5674237113208556,3.635994468771803,0.19803767027850816,0.017624485000487196,0.19797878307669417,0.0039557193449505385,0.07318632914071063
17100307,1.4445042674138808,3.635994468771803,0.19803767027850816,0.017624485000487196,0.19797878307669417,0.0035519173326501712,0.07305172846994384
17100308,1.1155235074346366,3.635994468771803,0.19803767027850816,0.017624485000487196,0.19797878307669417,0.002471184385401741,0.07269148415419437
17100311,1.067193113870395,3.635994468771803,0.19803767027850816,0.017624485000487196,0.19797878307669417,0.002312414466207516,0.0726385608477963
18010101,1.0500149109378842,3.635994468771803,0.19803767027850816,0.017624485000487196,0.19797878307669417,0.002255982442994805,0.07261975017339205
17100310,1.0444049492612895,3.635994468771803,0.19803767027850816,0.017624485000487196,0.19797878307669417,0.002237553187687961,0.07261360708828977
17120005,19.407940503291783,7.714136124518809,0.09722480649271284,0.05677228618621536,0.09719589635257025,0.0625635062995381,0.07217722961277456
17110007,0.9654035922122916,6.508134043531332,0.16865429887108463,0.045195363734407065,0.16860414891870207,0.001978026249256742,0.07192584630078863
17120008,14.703699597004396,8.764570441945581,0.09482973716006264,0.06685584808489023,0.09480153920225866,0.04710962948455551,0.06958900559056813
17120009,13.7495703478976,8.764570441945581,0.09482973716006264,0.06685584808489023,0.09480153920225866,0.0439752245561087,0.06854420394775253
17120007,12.58136737845929,7.714136124518809,0.09722480649271284,0.05677228618621536,0.09719589635257025,0.04013756718603914,0.06470191657494158
17050116,9.18310363712051,8.764570441945581,0.09482973716006264,0.06685584808489023,0.09480153920225866,0.02897394901901853,0.06354377876872248
17050104,9.06258221299913,8.764570441945581,0.09482973716006264,0.06685584808489023,0.09480153920225866,0.0285780247287789,0.06341180400530927
17070303,11.401366123388906,7.714136124518809,0.09722480649271284,0.05677228618621536,0.09719589635257025,0.036261151330505455,0.06340977795643035
17070307,11.3476100335702,7.714136124518809,0.09722480649271284,0.05677228618621536,0.09719589635257025,0.03608455748536391,0.06335091334138317
17050108,8.576706217988809,8.764570441945581,0.09482973716006264,0.06685584808489023,0.09480153920225866,0.026981876078268463,0.06287975445513912
17070201,6.538255844085371,8.764570441945581,0.09482973716006264,0.06685584808489023,0.09480153920225866,0.020285373582051604,0.060647586956400164
17050202,6.46262710032939,8.764570441945581,0.09482973716006264,0.06685584808489023,0.09480153920225866,0.020036925997635863,0.060564771094928256
17120001,5.956718417528655,8.764570441945581,0.09482973716006264,0.06685584808489023,0.09480153920225866,0.01837496807086743,0.06001078511933877
17090007,1.2610653133990828,7.525872073136489,0.1203784627998701,0.05496506018082425,0.12034266783811871,0.0029493029991399388,0.05941901033936097
17080001,1.2610653133990828,7.525872073136489,0.1203784627998701,0.05496506018082425,0.12034266783811871,0.0029493029991399388,0.05941901033936097
17050117,5.379420304244565,8.764570441945581,0.09482973716006264,0.06685584808489023,0.09480153920225866,0.016478489105198325,0.05937862546411574
17050203,5.325169193559801,8.764570441945581,0.09482973716006264,0.06685584808489023,0.09480153920225866,0.016300269069638964,0.059319218785595956
17070203,5.1073303884713965,8.764570441945581,0.09482973716006264,0.06685584808489023,0.09480153920225866,0.015584647968079346,0.059080678418409416
17120003,5.093499955800122,8.764570441945581,0.09482973716006264,0.06685584808489023,0.09480153920225866,0.015539213687170364,0.05906553365810643
17020004,9.104455643070047,7.785762289663054,0.08972067950362798,0.05745985594456633,0.0896940007421914,0.028715582911496933,0.05862314653275155
17090010,1.5366873882675733,7.857417660687324,0.11375934256242422,0.058147706062473506,0.11372551581949052,0.0038547476133421327,0.058575989831768725
17070103,6.93276004479262,7.714136124518809,0.09722480649271284,0.05677228618621536,0.09719589635257025,0.021581357236412215,0.05851651325839927
17090008,1.4405854312352828,7.857417660687324,0.11375934256242422,0.058147706062473506,0.11372551581949052,0.003539043584734496,0.05847075515556618
17050110,4.503548060958736,8.764570441945581,0.09482973716006264,0.06685584808489023,0.09480153920225866,0.013601165850917104,0.05841951771268867
17050107,4.174951279139701,8.764570441945581,0.09482973716006264,0.06685584808489023,0.09480153920225866,0.012521694308283302,0.05805969386514407
17050124,4.1731373953304525,8.764570441945581,0.09482973716006264,0.06685584808489023,0.09480153920225866,0.012515735528215863,0.058057707605121585
17070202,4.159129099800982,8.764570441945581,0.09482973716006264,0.06685584808489023,0.09480153920225866,0.012469716950976128,0.05804236807937501
17070305,6.39506475169688,7.714136124518809,0.09722480649271284,0.05677228618621536,0.09719589635257025,0.01981497728499612,0.05792771994126058
17120006,6.3490110229419034,7.714136124518809,0.09722480649271284,0.05677228618621536,0.09719589635257025,0.019663686425274458,0.05787728965468669
17060109,7.962955786428973,7.785762289663054,0.08972067950362798,0.05745985594456633,0.0896940007421914,0.024965647795445762,0.057373168160734504
17040209,3.0902934021263517,8.764570441945581,0.09482973716006264,0.06685584808489023,0.09480153920225866,0.008958490477594788,0.05687195925491456
17050103,3.046756344868104,8.764570441945581,0.09482973716006264,0.06685584808489023,0.09480153920225866,0.008815467122039896,0.05682428480306293
17060305,3.46837355196314,8.443185485853173,0.0962495743301256,0.0637707383885511,0.09622095417871644,0.010200519569676098,0.05673073737898121
17050115,2.9032809642592534,8.764570441945581,0.09482973716006264,0.06685584808489023,0.09480153920225866,0.008344136911261684,0.05666717473280353
17050201,2.9032809642592534,8.764570441945581,0.09482973716006264,0.06685584808489023,0.09480153920225866,0.008344136911261684,0.05666717473280353
17060301,3.1313200062213,8.443185485853173,0.0962495743301256,0.0637707383885511,0.09622095417871644,0.009093266756797029,0.05636165310802152
18020001,4.919303780439503,7.714136124518809,0.09722480649271284,0.05677228618621536,0.09719589635257025,0.01496696275672457,0.05631171509850339
17060303,2.9843795074436477,8.443185485853173,0.0962495743301256,0.0637707383885511,0.09622095417871644,0.00861055330472723,0.05620074862399826
17060302,2.8461397500774757,8.443185485853173,0.0962495743301256,0.0637707383885511,0.09622095417871644,0.008156422612054877,0.056049371726440804
17060304,2.7616314883981357,8.443185485853173,0.0962495743301256,0.0637707383885511,0.09622095417871644,0.007878804970472079,0.05595683251257987
17060207,2.7616314883981357,8.443185485853173,0.0962495743301256,0.0637707383885511,0.09622095417871644,0.007878804970472079,0.05595683251257987
17060209,2.7616314883981357,8.443185485853173,0.0962495743301256,0.0637707383885511,0.09622095417871644,0.007878804970472079,0.05595683251257987
17070304,4.006956364119061,7.714136124518809,0.09722480649271284,0.05677228618621536,0.09719589635257025,0.011969815105242795,0.055312665881342794
17070102,3.698297708440276,7.714136124518809,0.09722480649271284,0.05677228618621536,0.09719589635257025,0.0109558421948923,0.054974674911225964
17020002,4.187286350650985,7.785762289663054,0.08972067950362798,0.05745985594456633,0.0896940007421914,0.012562216186188111,0.05323869095764861
17060108,4.14782846885329,7.785762289663054,0.08972067950362798,0.05745985594456633,0.0896940007421914,0.012432593308272413,0.05319548333167671
17030003,1.7959444723769895,7.714136124518809,0.09722480649271284,0.05677228618621536,0.09719589635257025,0.004706431683323249,0.052891538074036286
17070301,1.6588831646240385,7.714136124518809,0.09722480649271284,0.05677228618621536,0.09719589635257025,0.004256172309216033,0.05274145161600055
17100302,1.628142447951102,7.714136124518809,0.09722480649271284,0.05677228618621536,0.09719589635257025,0.004155186144151037,0.05270778956097888
17030002,1.590107521251546,7.714136124518809,0.09722480649271284,0.05677228618621536,0.09719589635257025,0.0040302378084703045,0.05266614011575197
17070306,1.5598068318506062,7.714136124518809,0.09722480649271284,0.05677228618621536,0.09719589635257025,0.00393069717465937,0.05263295990448166
17090002,1.5180339849225883,7.714136124518809,0.09722480649271284,0.05677228618621536,0.09719589635257025,0.0037934694170898313,0.052587217318625146
17010306,3.580147373548462,7.785762289663054,0.08972067950362798,0.05745985594456633,0.0896940007421914,0.010567707157286834,0.052573854614681524
17100301,1.503665011911052,7.714136124518809,0.09722480649271284,0.05677228618621536,0.09719589635257025,0.003746265980169476,0.05257148283965169
17100304,1.4181113921238593,7.714136124518809,0.09722480649271284,0.05677228618621536,0.09719589635257025,0.0034652142382189197,0.05247779892566817
17100305,1.4081172663275128,7.714136124518809,0.09722480649271284,0.05677228618621536,0.09719589635257025,0.003432382588648475,0.05246685504247803
17100206,1.4021701330581637,7.714136124518809,0.09722480649271284,0.05677228618621536,0.09719589635257025,0.0034128456927331385,0.05246034274383959
17090006,1.3946559289371403,7.714136124518809,0.09722480649271284,0.05677228618621536,0.09719589635257025,0.003388160820686359,0.05245211445315732
17100207,1.389551632315231,7.714136124518809,0.09722480649271284,0.05677228618621536,0.09719589635257025,0.0033713927229648563,0.05244652508725015
17090004,1.3785631652312735,7.714136124518809,0.09722480649271284,0.05677228618621536,0.09719589635257025,0.0033352945681118583,0.05243449236896582
17090001,1.360013686388966,7.714136124518809,0.09722480649271284,0.05677228618621536,0.09719589635257025,0.0032743577736913144,0.05241418010415897
17100205,1.3393809190116337,7.714136124518809,0.09722480649271284,0.05677228618621536,0.09719589635257025,0.0032065771791696092,0.05239158657265174
17100204,1.3196596609865414,7.714136124518809,0.09722480649271284,0.05677228618621536,0.09719589635257025,0.0031417909791795263,0.05236999117265504
17100202,1.3169870936915555,7.714136124518809,0.09722480649271284,0.05677228618621536,0.09719589635257025,0.0031330113425539316,0.05236706462711318
17100203,1.304919325759747,7.714136124518809,0.09722480649271284,0.05677228618621536,0.09719589635257025,0.0030933675822182923,0.05235385004033463
17070101,1.3019631268127498,7.714136124518809,0.09722480649271284,0.05677228618621536,0.09719589635257025,0.003083656188759166,0.05235061290918159
17070105,1.3019631268127498,7.714136124518809,0.09722480649271284,0.05677228618621536,0.09719589635257025,0.003083656188759166,0.05235061290918159
17080005,1.3019631268127498,7.714136124518809,0.09722480649271284,0.05677228618621536,0.09719589635257025,0.003083656188759166,0.05235061290918159
17090003,1.3019631268127498,7.714136124518809,0.09722480649271284,0.05677228618621536,0.09719589635257025,0.003083656188759166,0.05235061290918159
17090005,1.3019631268127498,7.714136124518809,0.09722480649271284,0.05677228618621536,0.09719589635257025,0.003083656188759166,0.05235061290918159
17100201,1.3019631268127498,7.714136124518809,0.09722480649271284,0.05677228618621536,0.09719589635257025,0.003083656188759166,0.05235061290918159
17100303,1.3019631268127498,7.714136124518809,0.09722480649271284,0.05677228618621536,0.09719589635257025,0.003083656188759166,0.05235061290918159
17030001,1.8732794287897399,8.008565110996674,0.09235041636053024,0.05959863416500807,0.09232295563753658,0.004960484337875307,0.05229402471347331
17020003,3.200664255083005,7.785762289663054,0.08972067950362798,0.05745985594456633,0.0896940007421914,0.009321069180415259,0.05215830862239099
17110002,1.7116363359379194,8.008565110996674,0.09235041636053024,0.05959863416500807,0.09232295563753658,0.004429471472104309,0.05211702042488298
17110016,1.5322108010291569,8.008565110996674,0.09235041636053024,0.05959863416500807,0.09232295563753658,0.0038400416003823053,0.05192054380097565
17010308,2.9501277637667513,7.785762289663054,0.08972067950362798,0.05745985594456633,0.0896940007421914,0.008498033083500112,0.05188396325675262
17060107,1.2528373053348554,7.4480905138859885,0.09853456794279525,0.05421840219920081,0.09850526834045222,0.002922273213550662,0.05188198125106789
17070204,2.6237885939332743,8.10055062396749,0.08767252616844338,0.06048164188708512,0.08764645643264633,0.007425978010008912,0.05185135877658012
17010102,2.607911481626843,8.10055062396749,0.08767252616844338,0.06048164188708512,0.08764645643264633,0.007373820192701278,0.05183397283747757
17110004,1.3580202005767805,8.008565110996674,0.09235041636053024,0.05959863416500807,0.09232295563753658,0.003267808984037971,0.05172979959552754
17110019,1.3496247040695737,8.008565110996674,0.09235041636053024,0.05959863416500807,0.09232295563753658,0.003240228983054266,0.0517206062618663
17110001,1.341549981314022,8.008565110996674,0.09235041636053024,0.05959863416500807,0.09232295563753658,0.003213702754218355,0.05171176418558767
17110012,1.468475249558418,8.073131075652215,0.09121134213664096,0.06021843008213564,0.09118422012139724,0.0036306642787729154,0.05167777149410194
17110005,1.305516453606871,8.008565110996674,0.09235041636053024,0.05959863416500807,0.09232295563753658,0.003095329203737275,0.051672306335427305
17110011,1.305516453606871,8.008565110996674,0.09235041636053024,0.05959863416500807,0.09232295563753658,0.003095329203737275,0.051672306335427305
17110013,1.4102962061799214,8.073131075652215,0.09121134213664096,0.06021843008213564,0.09118422012139724,0.0034395406123843286,0.05161406360530574
17110014,1.401449661509333,8.073131075652215,0.09121134213664096,0.06021843008213564,0.09118422012139724,0.0034104788754748113,0.051604376359669225
17060104,2.3663398178737283,8.10055062396749,0.08767252616844338,0.06048164188708512,0.08764645643264633,0.0065802344031977164,0.05156944424097639
17110010,1.3223567723316456,8.073131075652215,0.09121134213664096,0.06021843008213564,0.09118422012139724,0.003150651245333801,0.05151776714962223
17020008,1.9919391692415447,8.10055062396749,0.08767252616844338,0.06048164188708512,0.08764645643264633,0.005350292820980227,0.05115946371357056
17040102,1.9765654891795645,8.10055062396749,0.08767252616844338,0.06048164188708512,0.08764645643264633,0.005299788826264893,0.05114262904866545
17010105,1.9499160749365974,8.10055062396749,0.08767252616844338,0.06048164188708512,0.08764645643264633,0.00521224297708191,0.05111344709893779
17070106,1.9284444127396918,8.10055062396749,0.08767252616844338,0.06048164188708512,0.08764645643264633,0.005141706533644158,0.0510899349511252
17010101,1.8479894953841007,8.10055062396749,0.08767252616844338,0.06048164188708512,0.08764645643264633,0.004877404511970238,0.0510018342772339
17010103,1.8436531356380275,8.10055062396749,0.08767252616844338,0.06048164188708512,0.08764645643264633,0.004863159159600699,0.05099708582644405
17040101,1.6210457237743627,8.10055062396749,0.08767252616844338,0.06048164188708512,0.08764645643264633,0.004131872733251808,0.05075332368432775
17110020,1.4411624294627414,8.10055062396749,0.08767252616844338,0.06048164188708512,0.08764645643264633,0.0035409390785468326,0.05055634579942609
17010215,1.694851667456298,7.785762289663054,0.08972067950362798,0.05745985594456633,0.0896940007421914,0.004374332246825982,0.050509396311194575
17100103,1.5220069512374872,8.166856308200703,0.08657340418519216,0.06111813810594196,0.08654766127720497,0.0038065209876287595,0.05049077345692523
17110021,1.367946971753052,8.10055062396749,0.08767252616844338,0.06048164188708512,0.08764645643264633,0.0033004193673037566,0.05047617256234507
17110008,1.357700275604294,8.10055062396749,0.08767252616844338,0.06048164188708512,0.08764645643264633,0.0032667580002101156,0.05046495210664719
17100106,1.3567883197058108,8.10055062396749,0.08767252616844338,0.06048164188708512,0.08764645643264633,0.0032637621387318016,0.05046395348615442
17100306,1.355799925346434,8.10055062396749,0.08767252616844338,0.06048164188708512,0.08764645643264633,0.0032605151696716034,0.05046287116313435
17110015,1.4831824761405166,8.166856308200703,0.08657340418519216,0.06111813810594196,0.08654766127720497,0.0036789789107013137,0.05044825943128275
17100312,1.3298279259188128,8.10055062396749,0.08767252616844338,0.06048164188708512,0.08764645643264633,0.0031751946923004697,0.050434431004010634
17080002,1.3271120373797536,8.10055062396749,0.08767252616844338,0.06048164188708512,0.08764645643264633,0.003166272741286067,0.05043145702033917
17110006,1.3263674321701207,8.10055062396749,0.08767252616844338,0.06048164188708512,0.08764645643264633,0.0031638266426668228,0.05043064165413275
17010104,1.3263674321701207,8.10055062396749,0.08767252616844338,0.06048164188708512,0.08764645643264633,0.0031638266426668228,0.05043064165413275
17060110,1.3263674321701207,8.10055062396749,0.08767252616844338,0.06048164188708512,0.08764645643264633,0.0031638266426668228,0.05043064165413275
17020016,1.3263674321701207,8.10055062396749,0.08767252616844338,0.06048164188708512,0.08764645643264633,0.0031638266426668228,0.05043064165413275
17110018,1.3263674321701207,8.10055062396749,0.08767252616844338,0.06048164188708512,0.08764645643264633,0.0031638266426668228,0.05043064165413275
17090012,1.3263674321701207,8.10055062396749,0.08767252616844338,0.06048164188708512,0.08764645643264633,0.0031638266426668228,0.05043064165413275
17100102,1.3263674321701207,8.10055062396749,0.08767252616844338,0.06048164188708512,0.08764645643264633,0.0031638266426668228,0.05043064165413275
17100101,1.3263674321701207,8.10055062396749,0.08767252616844338,0.06048164188708512,0.08764645643264633,0.0031638266426668228,0.05043064165413275
17100104,1.3263674321701207,8.10055062396749,0.08767252616844338,0.06048164188708512,0.08764645643264633,0.0031638266426668228,0.05043064165413275
17080003,1.3263674321701207,8.10055062396749,0.08767252616844338,0.06048164188708512,0.08764645643264633,0.0031638266426668228,0.05043064165413275
17110009,1.3263674321701207,8.10055062396749,0.08767252616844338,0.06048164188708512,0.08764645643264633,0.0031638266426668228,0.05043064165413275
17100105,1.3263674321701207,8.10055062396749,0.08767252616844338,0.06048164188708512,0.08764645643264633,0.0031638266426668228,0.05043064165413275
17080004,1.3818890340664063,8.166856308200703,0.08657340418519216,0.06111813810594196,0.08654766127720497,0.0033462203621570223,0.05033733991510131
17020006,2.895120180458018,7.866098043140433,0.08441010495249004,0.05823103271347679,0.08438500530918235,0.008317327963741706,0.050311121995466945
17110017,1.3312829680730227,8.166856308200703,0.08657340418519216,0.06111813810594196,0.08654766127720497,0.003179974643552905,0.05028192467556661
17010214,1.271300041575451,7.785762289663054,0.08972067950362798,0.05745985594456633,0.0896940007421914,0.002982925050311049,0.050045593912356266
17060103,1.271300041575451,7.785762289663054,0.08972067950362798,0.05745985594456633,0.0896940007421914,0.002982925050311049,0.050045593912356266
17010216,1.271300041575451,7.785762289663054,0.08972067950362798,0.05745985594456633,0.0896940007421914,0.002982925050311049,0.050045593912356266
17010303,1.271300041575451,7.785762289663054,0.08972067950362798,0.05745985594456633,0.0896940007421914,0.002982925050311049,0.050045593912356266
17010305,1.271300041575451,7.785762289663054,0.08972067950362798,0.05745985594456633,0.0896940007421914,0.002982925050311049,0.050045593912356266
17010307,1.271300041575451,7.785762289663054,0.08972067950362798,0.05745985594456633,0.0896940007421914,0.002982925050311049,0.050045593912356266
17020001,1.271300041575451,7.785762289663054,0.08972067950362798,0.05745985594456633,0.0896940007421914,0.002982925050311049,0.050045593912356266
17020007,1.8459719443211189,7.866098043140433,0.08441010495249004,0.05823103271347679,0.08438500530918235,0.004870776665689325,0.04916227156278282
17020010,1.2837094457354161,7.866098043140433,0.08441010495249004,0.05823103271347679,0.08438500530918235,0.0030236911180052273,0.04854657638022145
17020005,1.2837094457354161,7.866098043140433,0.08441010495249004,0.05823103271347679,0.08438500530918235,0.0030236911180052273,0.04854657638022145
17010304,0.8745095110275151,3.269140455568856,0.1191078360947646,0.014102898654211835,0.1190724189583588,0.0016794305859344884,0.04495158273283503
17010302,0.8344630831935933,3.269140455568856,0.1191078360947646,0.014102898654211835,0.1190724189583588,0.0015478742785612048,0.04490773063037728
17010301,0.8248787688120763,3.269140455568856,0.1191078360947646,0.014102898654211835,0.1190724189583588,0.0015163888982929305,0.04489723550362118
17060307,0.661409737599416,3.269140455568856,0.1191078360947646,0.014102898654211835,0.1190724189583588,0.0009793776521110867,0.0447182317548939
17060308,0.5122117784308764,3.269140455568856,0.1191078360947646,0.014102898654211835,0.1190724189583588,0.0004892482289015355,0.04455485528049072
17060306,0.4811863314976792,3.269140455568856,0.1191078360947646,0.014102898654211835,0.1190724189583588,0.0003873266979708834,0.044520881436847175
17020009,0.45316058809930027,1.8,0.0,0.0,0.0,0.00029525947718973735,9.841982572991245e-05
17020011,0.3632820594172043,1.8,0.0,0.0,0.0,0.0,0.0
02030104,,,,,,,
02030203,,,,,,,
02040204,,,,,,,
02040304,,,,,,,
02080107,,,,,,,
02080108,,,,,,,
02080111,,,,,,,
03020105,,,,,,,
03040208,,,,,,,
03050209,,,,,,,
03050210,,,,,,,
03090203,,,,,,,
03130014,,,,,,,
03140105,,,,,,,
03160205,,,,,,,
04060107,,,,,,,
04150308,,,,,,,
12100405,,,,,,,
13040212,,,,,,,
17080006,,,,,,,
18070104,,,,,,,
