id,name,state,county,facility_area_sqft,lat,lon,source_layer,source_file
00751881301,CoreSite DC1,DC,District of Columbia,,38.902887900000046,-77.0291491,im3_us_data_center_locations,im3_us_data_center_locations.gpkg::point
01825907839,Southwest Cyberport,NM,Bernalillo County,,35.10329250000003,-106.5893487,im3_us_data_center_locations,im3_us_data_center_locations.gpkg::point
02590601520,FCR,OR,Josephine County,,42.43788240000002,-123.3286299,im3_us_data_center_locations,im3_us_data_center_locations.gpkg::point
02607827436,SDSU Computer Room,CA,San Diego County,,32.77502519999998,-117.070888,im3_us_data_center_locations,im3_us_data_center_locations.gpkg::point
03406467087,NocRoom Miami IT Services,FL,Miami-Dade County,,25.791545299999996,-80.3177484,im3_us_data_center_locations,im3_us_data_center_locations.gpkg::point
03406476814,NocRoom Miami IT Services,FL,Miami-Dade County,,25.646561700000035,-80.42343460000001,im3_us_data_center_locations,im3_us_data_center_locations.gpkg::point
03468203102,Center for Computation & Technology (CCT),LA,East Baton Rouge Parish,,30.407445999999975,-91.1725454,im3_us_data_center_locations,im3_us_data_center_locations.gpkg::point
03732415309,The Pittock Internet Exchange,OR,Multnomah County,,45.52142480000003,-122.68056199999998,im3_us_data_center_locations,im3_us_data_center_locations.gpkg::point
04879481820,Google Fiber,GA,Fulton County,,33.77156769999996,-84.3668585,im3_us_data_center_locations,im3_us_data_center_locations.gpkg::point
05146323411,Open Computing Facility,CA,Alameda County,,37.86985210000005,-122.25982310000002,im3_us_data_center_locations,im3_us_data_center_locations.gpkg::point
05225685660,Lumos Networks,VA,Lynchburg city,,37.41568800000001,-79.1427063,im3_us_data_center_locations,im3_us_data_center_locations.gpkg::point
06401035673,Rack59 Data Center,OK,Oklahoma County,,35.46720489999999,-97.6497453,im3_us_data_center_locations,im3_us_data_center_locations.gpkg::point
06625492701,Oso Grande,NM,Bernalillo County,,35.092501500000004,-106.6536712,im3_us_data_center_locations,im3_us_data_center_locations.gpkg::point
06685432442,Switch Tahoe Reno - The Citadel Campus,NV,Storey County,,39.51409629999995,-119.4795921,im3_us_data_center_locations,im3_us_data_center_locations.gpkg::point
06793837329,Morgan Wireless,WV,Morgan County,,39.63098509999999,-78.2253196,im3_us_data_center_locations,im3_us_data_center_locations.gpkg::point
06856057098,VIRTBIZ,TX,Dallas County,,32.7825463,-96.7828145,im3_us_data_center_locations,im3_us_data_center_locations.gpkg::point
07171975407,FirstLight Data Center,ME,Cumberland County,,43.657838799999986,-70.26137850000002,im3_us_data_center_locations,im3_us_data_center_locations.gpkg::point
07264976228,Learning GIS!,IN,Tippecanoe County,,40.42178999999997,-86.9141546,im3_us_data_center_locations,im3_us_data_center_locations.gpkg::point
07264976991,Agricultural and Biological Engineering,IN,Tippecanoe County,,40.4218543,-86.9165454,im3_us_data_center_locations,im3_us_data_center_locations.gpkg::point
07324132050,Windstream Communications,NC,Durham County,,35.88139699999996,-78.851552,im3_us_data_center_locations,im3_us_data_center_locations.gpkg::point
07324132051,Level 3 Communications,NC,Durham County,,35.88136400000003,-78.8515726,im3_us_data_center_locations,im3_us_data_center_locations.gpkg::point
07557854384,OptimumHQ,AZ,Maricopa County,,33.38041490000001,-111.7526684,im3_us_data_center_locations,im3_us_data_center_locations.gpkg::point
07557868585,The Chatfield Group,AZ,Maricopa County,,33.38060100000002,-111.7528888,im3_us_data_center_locations,im3_us_data_center_locations.gpkg::point
07578821329,All About Serving Process Server,AZ,Maricopa County,,33.31991570000004,-111.809686,im3_us_data_center_locations,im3_us_data_center_locations.gpkg::point
07737996606,Emailage,AZ,Maricopa County,,33.30296499999996,-111.8405386,im3_us_data_center_locations,im3_us_data_center_locations.gpkg::point
07821940847,Alliance Technology,AZ,Maricopa County,,33.37998619999999,-111.728405,im3_us_data_center_locations,im3_us_data_center_locations.gpkg::point
07985753364,8100 Boone Boulevard,VA,Fairfax County,,38.91372360000001,-77.2258825,im3_us_data_center_locations,im3_us_data_center_locations.gpkg::point
08017899486,HiPerGator,FL,Alachua County,,29.672818699999958,-82.2997617,im3_us_data_center_locations,im3_us_data_center_locations.gpkg::point
08109664813,Atlanta ATL13,GA,Fulton County,,33.755518599999995,-84.3914814,im3_us_data_center_locations,im3_us_data_center_locations.gpkg::point
08165754026,Data Holdings Data Center,WI,Milwaukee County,,43.04394079999997,-87.9539794,im3_us_data_center_locations,im3_us_data_center_locations.gpkg::point
08238715059,STACK Infrastructure,CA,Santa Clara County,,37.402744900000016,-121.891051,im3_us_data_center_locations,im3_us_data_center_locations.gpkg::point
08238715061,STACK Infrastructure,CA,Santa Clara County,,37.40263410000001,-121.891057,im3_us_data_center_locations,im3_us_data_center_locations.gpkg::point
08477460442,Digital West Data Center,CA,San Luis Obispo County,,35.25531619999998,-120.64151280000002,im3_us_data_center_locations,im3_us_data_center_locations.gpkg::point
08641856300,Chick-fil-A Hiring Center,MI,Macomb County,,42.62794240000004,-82.98839390000002,im3_us_data_center_locations,im3_us_data_center_locations.gpkg::point
08767284091,Ergonomic Group,CT,Capitol Planning Region,,41.7070776,-72.5898636,im3_us_data_center_locations,im3_us_data_center_locations.gpkg::point
08897151054,San Jose Colocation Center,CA,Santa Clara County,,37.3341181,-121.891646,im3_us_data_center_locations,im3_us_data_center_locations.gpkg::point
09092482804,Amazon Web Services IAD69,VA,Loudoun County,,39.02548510000001,-77.4146998,im3_us_data_center_locations,im3_us_data_center_locations.gpkg::point
09190480200,Stream Data Centers Houston,TX,Montgomery County,,30.178136500000015,-95.4860464,im3_us_data_center_locations,im3_us_data_center_locations.gpkg::point
09669340912,Crown Castle Baltimore,MD,Baltimore city,,39.28770169999999,-76.6064893,im3_us_data_center_locations,im3_us_data_center_locations.gpkg::point
09669405859,AiNET One Market Center,MD,Baltimore city,,39.29175829999999,-76.6203737,im3_us_data_center_locations,im3_us_data_center_locations.gpkg::point
09669639033,Lumen McLean,VA,Fairfax County,,38.920853799999996,-77.2115713,im3_us_data_center_locations,im3_us_data_center_locations.gpkg::point
09721703993,TierPoint Milwaukee,WI,Milwaukee County,,43.00937789999995,-87.9610618,im3_us_data_center_locations,im3_us_data_center_locations.gpkg::point
09736262934,Frontier Science,NY,Erie County,,42.990201099999986,-78.8123836,im3_us_data_center_locations,im3_us_data_center_locations.gpkg::point
09808044830,505 Marquette,NM,Bernalillo County,,35.088628899999954,-106.65264560000001,im3_us_data_center_locations,im3_us_data_center_locations.gpkg::point
09808044840,123 Central,NM,Bernalillo County,,35.08444940000002,-106.6489853,im3_us_data_center_locations,im3_us_data_center_locations.gpkg::point
09861806598,,MO,Jackson County,,39.101181600000075,-94.57882090000001,im3_us_data_center_locations,im3_us_data_center_locations.gpkg::point
09922928085,Netrality Data Centers,MO,Jackson County,,39.10090709999998,-94.5811452,im3_us_data_center_locations,im3_us_data_center_locations.gpkg::point
10014176940,Microsoft,PR,Guaynabo Municipio,,18.41743590000001,-66.10898950000002,im3_us_data_center_locations,im3_us_data_center_locations.gpkg::point
10537283366,Netrality,IL,Cook County,,41.872881100000015,-87.63344,im3_us_data_center_locations,im3_us_data_center_locations.gpkg::point
10567817971,Brandaleone Lab for Data and Visualization,NC,Durham County,,36.00309929999997,-78.9385323,im3_us_data_center_locations,im3_us_data_center_locations.gpkg::point
10648552506,Frontier (supercomputer),TN,Roane County,,35.92951329999998,-84.310567,im3_us_data_center_locations,im3_us_data_center_locations.gpkg::point
10780794741,,CA,San Francisco County,,37.7796531,-122.3940005,im3_us_data_center_locations,im3_us_data_center_locations.gpkg::point
10796113031,VaultLogix,AZ,Maricopa County,,33.62736699999998,-111.9017033,im3_us_data_center_locations,im3_us_data_center_locations.gpkg::point
10796113033,Profit Finder Pro Software,AZ,Maricopa County,,33.627247700000005,-111.9020476,im3_us_data_center_locations,im3_us_data_center_locations.gpkg::point
10798644674,DataPro USA Web Development,AZ,Maricopa County,,33.61166239999997,-111.9139825,im3_us_data_center_locations,im3_us_data_center_locations.gpkg::point
10880725408,e360,CA,Contra Costa County,,37.971080899999976,-122.0437382,im3_us_data_center_locations,im3_us_data_center_locations.gpkg::point
10910879064,Digital Realty ORD10,IL,Cook County,,41.853350700000014,-87.6183067,im3_us_data_center_locations,im3_us_data_center_locations.gpkg::point
10910879065,Centersquare Chicago Data Center - ORD1,IL,Cook County,,41.85338270000003,-87.6186071,im3_us_data_center_locations,im3_us_data_center_locations.gpkg::point
10938672218,K-Motion Interactive,AZ,Maricopa County,,33.63448429999997,-111.8843457,im3_us_data_center_locations,im3_us_data_center_locations.gpkg::point
10945121336,West Monroe,IL,Cook County,,41.8805271,-87.6359383,im3_us_data_center_locations,im3_us_data_center_locations.gpkg::point
11018926315,Iron Mountain Data Centers AZS-1,AZ,Maricopa County,,33.64466630000003,-111.8960985,im3_us_data_center_locations,im3_us_data_center_locations.gpkg::point
11098469355,CoreSite Chicago Data Center (CH1),IL,Cook County,,41.875940500000006,-87.6314655,im3_us_data_center_locations,im3_us_data_center_locations.gpkg::point
11113161710,Accelera Data Systems,AZ,Maricopa County,,33.664745499999945,-112.1117142,im3_us_data_center_locations,im3_us_data_center_locations.gpkg::point
11167641842,Expedient Owings Mills,MD,Baltimore County,,39.427317800000004,-76.8115503,im3_us_data_center_locations,im3_us_data_center_locations.gpkg::point
11168593074,Lumen Baltimore,MD,Baltimore city,,39.29175920000002,-76.6204024,im3_us_data_center_locations,im3_us_data_center_locations.gpkg::point
11168593094,Expedient Tidepoint,MD,Baltimore city,,39.2746554,-76.5916709,im3_us_data_center_locations,im3_us_data_center_locations.gpkg::point
11400893880,Flexential - Denver - Centennial Data Center,CO,Arapahoe County,,39.59387330000001,-104.8431597,im3_us_data_center_locations,im3_us_data_center_locations.gpkg::point
11526819452,EarthClick.net LLC,OR,Lane County,,43.797155399999994,-123.05594560000002,im3_us_data_center_locations,im3_us_data_center_locations.gpkg::point
11666916913,EdgeConneX Data Center,AZ,Maricopa County,,33.39558550000002,-111.9700762,im3_us_data_center_locations,im3_us_data_center_locations.gpkg::point
11815482844,,MI,Monroe County,,41.807281700000004,-83.6276287,im3_us_data_center_locations,im3_us_data_center_locations.gpkg::point
11924506303,IT,CA,Riverside County,,33.910289899999995,-117.5030207,im3_us_data_center_locations,im3_us_data_center_locations.gpkg::point
11938614120,"Alembic Computer Services, Inc.",AZ,Maricopa County,,33.40513069999998,-111.9773353,im3_us_data_center_locations,im3_us_data_center_locations.gpkg::point
11938631189,J-Curve Technologies,AZ,Maricopa County,,33.413185599999956,-111.9711539,im3_us_data_center_locations,im3_us_data_center_locations.gpkg::point
12112201416,Flexential Cincinnati,OH,Butler County,,39.31593130000003,-84.44946380000002,im3_us_data_center_locations,im3_us_data_center_locations.gpkg::point
12112236372,Flexential Denver - Downtown,CO,Denver County,,39.74597020000002,-104.9941589,im3_us_data_center_locations,im3_us_data_center_locations.gpkg::point
12112238944,Flexential Dallas - Downtown Dallas,TX,Dallas County,,32.800410099999986,-96.8193707,im3_us_data_center_locations,im3_us_data_center_locations.gpkg::point
12112266917,Flexential Jacksonville,FL,Duval County,,30.245748200000005,-81.5817226,im3_us_data_center_locations,im3_us_data_center_locations.gpkg::point
12112270180,Flexential - Denver - Aurora,CO,Arapahoe County,,39.66104880000002,-104.8488321,im3_us_data_center_locations,im3_us_data_center_locations.gpkg::point
12112295055,Flexential Nashville - Brentwood,TN,Williamson County,,35.972729399999956,-86.8084949,im3_us_data_center_locations,im3_us_data_center_locations.gpkg::point
12112361725,Flexential Raleigh,NC,Wake County,,35.850528100000005,-78.8291431,im3_us_data_center_locations,im3_us_data_center_locations.gpkg::point
12112380995,Flexential Tampa - West,FL,Hillsborough County,,28.037299100000027,-82.5399781,im3_us_data_center_locations,im3_us_data_center_locations.gpkg::point
12112382397,Flexential Salt Lake City - Lindon,UT,Utah County,,40.33264800000003,-111.7278754,im3_us_data_center_locations,im3_us_data_center_locations.gpkg::point
12221811811,Digital Realty New York JFK13,NY,New York County,,40.71992800000002,-74.00445830000001,im3_us_data_center_locations,im3_us_data_center_locations.gpkg::point
12221880448,Digital Realty New York JFK12,NY,New York County,,40.717676600000004,-74.0084414,im3_us_data_center_locations,im3_us_data_center_locations.gpkg::point
12331366645,CoreSite AT1,GA,Fulton County,,33.75598569999999,-84.3911712,im3_us_data_center_locations,im3_us_data_center_locations.gpkg::point
12387534800,UNM Data Center,NM,Bernalillo County,,35.08673849999998,-106.6153476,im3_us_data_center_locations,im3_us_data_center_locations.gpkg::point
12437277166,Prime Santa Clara,CA,Santa Clara County,,37.3666621,-121.96286529999999,im3_us_data_center_locations,im3_us_data_center_locations.gpkg::point
12452254071,Open Data Centers Piscataway,NJ,Middlesex County,,40.55035010000003,-74.4568563,im3_us_data_center_locations,im3_us_data_center_locations.gpkg::point
12471740457,H5 Secaucus,NJ,Hudson County,,40.785394800000006,-74.0750122,im3_us_data_center_locations,im3_us_data_center_locations.gpkg::point
12550746951,"Forescout Technologies, Inc.",CA,Santa Clara County,,37.322867500000015,-121.9474176,im3_us_data_center_locations,im3_us_data_center_locations.gpkg::point
12682482760,Lumen Albany 4,NY,Albany County,,42.73563079999996,-73.818665,im3_us_data_center_locations,im3_us_data_center_locations.gpkg::point
12695496267,Equinix Chicago Data Center - CH1,IL,Cook County,,41.853557800000004,-87.6180475,im3_us_data_center_locations,im3_us_data_center_locations.gpkg::point
12708029111,501 West,NJ,Mercer County,,40.315558000000024,-74.6688514,im3_us_data_center_locations,im3_us_data_center_locations.gpkg::point
12766117170,Dataverge,NY,Kings County,,40.65769569999999,-74.0048163,im3_us_data_center_locations,im3_us_data_center_locations.gpkg::point
12793428582,TulsaConnect DC3,OK,Tulsa County,,36.09947349999995,-95.8382826,im3_us_data_center_locations,im3_us_data_center_locations.gpkg::point
13019681063,Comarch,AZ,Maricopa County,,33.35667870000003,-111.6352356,im3_us_data_center_locations,im3_us_data_center_locations.gpkg::point
13042311881,CoreSite - LA2,CA,Los Angeles County,,34.0584789,-118.23591439999998,im3_us_data_center_locations,im3_us_data_center_locations.gpkg::point
13154826377,Equinix,VA,Loudoun County,,39.013791700000006,-77.45379770000001,im3_us_data_center_locations,im3_us_data_center_locations.gpkg::point
13154826378,NTT Ashburn VA7 Data Center,VA,Loudoun County,,39.01601419999996,-77.47195400000001,im3_us_data_center_locations,im3_us_data_center_locations.gpkg::point
13154826379,NTT VA11 Data Center,VA,Prince William County,,38.79997309999995,-77.6099636,im3_us_data_center_locations,im3_us_data_center_locations.gpkg::point
13226718075,Lumen Madison 1 Data Center,WI,Dane County,,43.067716100000005,-89.3922794,im3_us_data_center_locations,im3_us_data_center_locations.gpkg::point
13311012216,Fiberhub LAS1,NV,Clark County,,36.065940500000025,-115.1398835,im3_us_data_center_locations,im3_us_data_center_locations.gpkg::point
13409186015,DāStor: 3400 Horizon Drive,PA,Montgomery County,,40.087918900000005,-75.3397205,im3_us_data_center_locations,im3_us_data_center_locations.gpkg::point
13465438761,Rad Web Hosting,TX,Dallas County,,32.778446900000006,-96.798496,im3_us_data_center_locations,im3_us_data_center_locations.gpkg::point
13527396782,,WA,Snohomish County,,47.95874409999997,-122.19153160000002,im3_us_data_center_locations,im3_us_data_center_locations.gpkg::point
00002744301,Verizon,NJ,Middlesex County,105786.0,40.54425557630532,-74.49652096447575,im3_us_data_center_locations,im3_us_data_center_locations.gpkg::building
00014930068,HPC,NM,Bernalillo County,158463.0,35.04994198074902,-106.54282203991323,im3_us_data_center_locations,im3_us_data_center_locations.gpkg::building
00015884451,Barclays Datacenter,NJ,Union County,94373.0,40.64375303338713,-74.28548116880219,im3_us_data_center_locations,im3_us_data_center_locations.gpkg::building
00016282459,CyberNAP Glen Burnie,MD,Anne Arundel County,89879.0,39.14024170717737,-76.60643112453295,im3_us_data_center_locations,im3_us_data_center_locations.gpkg::building
00019390019,Dakota Carrier Network,ND,Cass County,25931.0,46.81509687104177,-96.84432644156146,im3_us_data_center_locations,im3_us_data_center_locations.gpkg::building
00019787207,Microsoft Data Center 1,VA,Prince William County,248706.0,38.8024111256264,-77.58237918867958,im3_us_data_center_locations,im3_us_data_center_locations.gpkg::building
00025706343,Cyxtera Dallas-Fort Worth Data Center,TX,Tarrant County,309104.0,32.83271789571454,-97.0410416432689,im3_us_data_center_locations,im3_us_data_center_locations.gpkg::building
00028544618,Equinix Infomart,TX,Dallas County,239835.0,32.800943222986994,-96.81951054637986,im3_us_data_center_locations,im3_us_data_center_locations.gpkg::building
00029827954,CoreSite BO1,MA,Middlesex County,133960.0,42.37670588382176,-71.07975761756323,im3_us_data_center_locations,im3_us_data_center_locations.gpkg::building
00030666790,USPO Terminal Annex,CA,Los Angeles County,99270.0,34.05810223824728,-118.23539293645689,im3_us_data_center_locations,im3_us_data_center_locations.gpkg::building
00030827429,DataBank,TX,Dallas County,43564.0,32.77830147632332,-96.79843729449847,im3_us_data_center_locations,im3_us_data_center_locations.gpkg::building
00031250931,CyrusOne Cincinnati-Mason CIN3,OH,Warren County,82813.0,39.303895806613035,-84.31157999997258,im3_us_data_center_locations,im3_us_data_center_locations.gpkg::building
00031800424,LightEdge SAN1,CA,San Diego County,83576.0,32.827865524456854,-117.12993394622255,im3_us_data_center_locations,im3_us_data_center_locations.gpkg::building
00031803515,EdgeConneX San Diego,CA,San Diego County,39204.0,32.842308661647536,-117.1693449894231,im3_us_data_center_locations,im3_us_data_center_locations.gpkg::building
00032560290,RagingWire CA2,CA,Sacramento County,204702.0,38.6503995314376,-121.49194609960875,im3_us_data_center_locations,im3_us_data_center_locations.gpkg::building
00032560292,RagingWire CA1,CA,Sacramento County,192302.0,38.65043183405982,-121.48918647250004,im3_us_data_center_locations,im3_us_data_center_locations.gpkg::building
00035491576,Equinix SV1,CA,Santa Clara County,135022.0,37.241586803667886,-121.7833201255276,im3_us_data_center_locations,im3_us_data_center_locations.gpkg::building
00036897140,,OH,Hamilton County,13074.0,39.29404817733801,-84.41211321346512,im3_us_data_center_locations,im3_us_data_center_locations.gpkg::building
00037877544,Lumen Sunnyvale 1,CA,Santa Clara County,77132.0,37.37343914789955,-121.98781298697565,im3_us_data_center_locations,im3_us_data_center_locations.gpkg::building
00037947313,OpenColo,CA,Santa Clara County,65471.0,37.37881629201175,-121.95593725165453,im3_us_data_center_locations,im3_us_data_center_locations.gpkg::building
00037947314,Equinix Santa Clara SV2,CA,Santa Clara County,81106.0,37.378433690080165,-121.95499188020412,im3_us_data_center_locations,im3_us_data_center_locations.gpkg::building
00037947315,Layer42 Santa Clara,CA,Santa Clara County,25031.0,37.378039948434136,-121.95415110304295,im3_us_data_center_locations,im3_us_data_center_locations.gpkg::building
00038305431,Digital Realty Silicon Valley SJC34,CA,Santa Clara County,129242.0,37.37238819523252,-121.97361948715526,im3_us_data_center_locations,im3_us_data_center_locations.gpkg::building
00038305568,Csquare SFO1,CA,Santa Clara County,92193.0,37.371519049598696,-121.96969744738088,im3_us_data_center_locations,im3_us_data_center_locations.gpkg::building
00038305611,,CA,Santa Clara County,89293.0,37.37338590954395,-121.97269293993045,im3_us_data_center_locations,im3_us_data_center_locations.gpkg::building
00039083541,Strategic Datasphere,GA,Fulton County,127487.0,34.09479739753544,-84.23569669904141,im3_us_data_center_locations,im3_us_data_center_locations.gpkg::building
00039083797,Flexential Atlanta - Alpharetta Data Center,GA,Fulton County,74814.0,34.08700522087238,-84.25175214535511,im3_us_data_center_locations,im3_us_data_center_locations.gpkg::building
00039083830,Secure Data Center,GA,Fulton County,184012.0,34.09370761226,-84.25087563127063,im3_us_data_center_locations,im3_us_data_center_locations.gpkg::building
00040608200,Cologix Santa Clara SV1 Data Center,CA,Santa Clara County,80686.0,37.365332809551084,-121.96170042164619,im3_us_data_center_locations,im3_us_data_center_locations.gpkg::building
00042323063,Netrality Data Centers,MO,St. Louis city,23093.0,38.62926158352849,-90.197174834978,im3_us_data_center_locations,im3_us_data_center_locations.gpkg::building
00045448535,,MN,Hennepin County,51180.0,44.99145768142225,-93.28029157225949,im3_us_data_center_locations,im3_us_data_center_locations.gpkg::building
00045583050,,VA,Prince William County,52906.0,38.80341459582856,-77.51057747962513,im3_us_data_center_locations,im3_us_data_center_locations.gpkg::building
00045776978,Amazon IAD11,VA,Prince William County,122474.0,38.790500006452135,-77.54111111954948,im3_us_data_center_locations,im3_us_data_center_locations.gpkg::building
00045776979,Amazon IAD24,VA,Prince William County,31388.0,38.79035015175034,-77.54000633908686,im3_us_data_center_locations,im3_us_data_center_locations.gpkg::building
00045776988,Amazon IAD7,VA,Prince William County,109423.0,38.791203751967444,-77.53827709301147,im3_us_data_center_locations,im3_us_data_center_locations.gpkg::building
00046128119,CyrusOne CIN2,OH,Hamilton County,29534.0,39.102694860367215,-84.51789753744696,im3_us_data_center_locations,im3_us_data_center_locations.gpkg::building
00046831933,VA 4,VA,Prince William County,263538.0,38.778111268742116,-77.594876153305,im3_us_data_center_locations,im3_us_data_center_locations.gpkg::building
00048242814,Amazon IAD10,VA,Loudoun County,112726.0,39.0216455535984,-77.43287558139869,im3_us_data_center_locations,im3_us_data_center_locations.gpkg::building
00048242816,Amazon IAD32,VA,Loudoun County,35700.0,39.021569324291804,-77.43479445422666,im3_us_data_center_locations,im3_us_data_center_locations.gpkg::building
00052059176,NTT RagingWire Data Center,OR,Washington County,260339.0,45.549583992290586,-122.93739288182853,im3_us_data_center_locations,im3_us_data_center_locations.gpkg::building
00052094269,Centersquare IAD1-B,VA,Loudoun County,79070.0,39.02390730425034,-77.41518975933123,im3_us_data_center_locations,im3_us_data_center_locations.gpkg::building
00052094270,Centersquare IAD1-A,VA,Loudoun County,89830.0,39.023321212075864,-77.4132010228583,im3_us_data_center_locations,im3_us_data_center_locations.gpkg::building
00052094294,Centersquare IAD1-C,VA,Loudoun County,135383.0,39.02475554990798,-77.41220365945969,im3_us_data_center_locations,im3_us_data_center_locations.gpkg::building
00052227492,Flexential Minneapolis - Chaska,MN,Carver County,135505.0,44.851592871190945,-93.59883127427163,im3_us_data_center_locations,im3_us_data_center_locations.gpkg::building
00052958203,Pearl Plaza Office Building,CO,Denver County,48787.0,39.74523035286353,-104.97933224935198,im3_us_data_center_locations,im3_us_data_center_locations.gpkg::building
00054119665,Csquare SFO2,CA,Santa Clara County,146098.0,37.39757919675742,-121.98086935105141,im3_us_data_center_locations,im3_us_data_center_locations.gpkg::building
00054119667,Csquare SFO2,CA,Santa Clara County,115693.0,37.39861833320087,-121.98111165280665,im3_us_data_center_locations,im3_us_data_center_locations.gpkg::building
00054121151,QTS Santa Clara 1,CA,Santa Clara County,32173.0,37.39398377756207,-121.97830969442313,im3_us_data_center_locations,im3_us_data_center_locations.gpkg::building
00054173383,CoreSite SV3,CA,Santa Clara County,57809.0,37.37514209318246,-121.97170937322579,im3_us_data_center_locations,im3_us_data_center_locations.gpkg::building
00054173753,CoreSite SV6,CA,Santa Clara County,61065.0,37.37630188023717,-121.97208379973041,im3_us_data_center_locations,im3_us_data_center_locations.gpkg::building
00054173755,CoreSite SV8,CA,Santa Clara County,41609.0,37.37738265750685,-121.97184005109759,im3_us_data_center_locations,im3_us_data_center_locations.gpkg::building
00054383196,CoreSite SV5,CA,Santa Clara County,50856.0,37.37519609854625,-121.97068979280725,im3_us_data_center_locations,im3_us_data_center_locations.gpkg::building
00054383197,CoreSite SV9,CA,Santa Clara County,60403.0,37.37555851580601,-121.9696099700251,im3_us_data_center_locations,im3_us_data_center_locations.gpkg::building
00058708529,QTS Santa Clara 2,CA,Santa Clara County,36808.0,37.392721680154914,-121.97839685451906,im3_us_data_center_locations,im3_us_data_center_locations.gpkg::building
00059294476,STACK NVA01A - Northern Virginia,VA,Loudoun County,179330.0,39.00469915120877,-77.44176406797281,im3_us_data_center_locations,im3_us_data_center_locations.gpkg::building
00063619642,Minnesota Gateway Data Center,MN,Hennepin County,87697.0,44.97130185223087,-93.25465186805063,im3_us_data_center_locations,im3_us_data_center_locations.gpkg::building
00069827429,IBM Building,NY,Albany County,15355.0,42.64935307487593,-73.7527452452726,im3_us_data_center_locations,im3_us_data_center_locations.gpkg::building
00071187940,,MI,Wayne County,24933.0,42.32626638236376,-83.07698605760793,im3_us_data_center_locations,im3_us_data_center_locations.gpkg::building
00079056848,,NH,Strafford County,30553.0,43.14361852296161,-70.95247263069143,im3_us_data_center_locations,im3_us_data_center_locations.gpkg::building
00079158387,VA3,VA,Fairfax County,96241.0,38.94846385493133,-77.32729535242555,im3_us_data_center_locations,im3_us_data_center_locations.gpkg::building
00079159494,IAD1,VA,Fairfax County,19325.0,38.94881628378597,-77.32940997255484,im3_us_data_center_locations,im3_us_data_center_locations.gpkg::building
00079298926,CoreSite Reston Campus VA1,VA,Fairfax County,138035.0,38.95058588448764,-77.36454759512179,im3_us_data_center_locations,im3_us_data_center_locations.gpkg::building
00079818498,CoreSite Reston VA3,VA,Fairfax County,249707.0,38.94846756695561,-77.37236980053557,im3_us_data_center_locations,im3_us_data_center_locations.gpkg::building
00087058670,,NH,Rockingham County,9316.0,43.076119257829404,-70.80804278020655,im3_us_data_center_locations,im3_us_data_center_locations.gpkg::building
00089784186,Insurance Exchange Building,CO,Denver County,19807.0,39.74557178496544,-104.99569107454519,im3_us_data_center_locations,im3_us_data_center_locations.gpkg::building
00093210344,Lincoln Rackhouse Maryland,MD,Montgomery County,146301.0,39.05856287562289,-76.9643217094945,im3_us_data_center_locations,im3_us_data_center_locations.gpkg::building
00095349317,CyrusOne Cincinnati-Lebanon,OH,Warren County,198403.0,39.389018744445785,-84.22187533686325,im3_us_data_center_locations,im3_us_data_center_locations.gpkg::building
00095782052,Equinix NY7 Data Center,NJ,Hudson County,68650.0,40.79686366512243,-74.03114084308724,im3_us_data_center_locations,im3_us_data_center_locations.gpkg::building
00099813512,Equinix SV4,CA,Santa Clara County,122369.0,37.41456431406775,-122.01457953832227,im3_us_data_center_locations,im3_us_data_center_locations.gpkg::building
00102129663,H5 Data Centers San Antonio,TX,Bexar County,20898.0,29.429371203549056,-98.4869063933119,im3_us_data_center_locations,im3_us_data_center_locations.gpkg::building
00104082694,Aureon,IA,Polk County,11253.0,41.58799896569892,-93.63100934776038,im3_us_data_center_locations,im3_us_data_center_locations.gpkg::building
00116005354,,NC,Catawba County,564402.0,35.588012637841835,-81.26252687782907,im3_us_data_center_locations,im3_us_data_center_locations.gpkg::building
00122665255,Digital Realty New York HVN10,CT,Greater Bridgeport Planning Region,134982.0,41.24084597137587,-73.14729941546844,im3_us_data_center_locations,im3_us_data_center_locations.gpkg::building
00124088810,Lincoln Rackhouse,IL,DuPage County,70123.0,41.77216480463177,-88.21709086831733,im3_us_data_center_locations,im3_us_data_center_locations.gpkg::building
00128499684,Digital Realty CH1,IL,Cook County,469756.0,41.9942374288397,-87.96217216116061,im3_us_data_center_locations,im3_us_data_center_locations.gpkg::building
00131874718,H5 Minneapolis,MN,Ramsey County,108201.0,44.97225309779238,-93.14746015507276,im3_us_data_center_locations,im3_us_data_center_locations.gpkg::building
00131891022,Iron Mountain Records Storage,AZ,Maricopa County,145832.0,33.42038002636909,-112.04132578020345,im3_us_data_center_locations,im3_us_data_center_locations.gpkg::building
00132746406,Equinix SV8,CA,Santa Clara County,12034.0,37.44589521919974,-122.16078171336197,im3_us_data_center_locations,im3_us_data_center_locations.gpkg::building
00138260136,NCSA Petascale Computing Facility,IL,Champaign County,45620.0,40.09525910728646,-88.24203140069088,im3_us_data_center_locations,im3_us_data_center_locations.gpkg::building
00138643160,LexisNexus Springfield,OH,Clark County,79937.0,39.912780083635845,-83.72376141562717,im3_us_data_center_locations,im3_us_data_center_locations.gpkg::building
00149379943,Digital Realty ORD11,IL,Cook County,9092.0,41.87429345515449,-87.6299544230129,im3_us_data_center_locations,im3_us_data_center_locations.gpkg::building
00151179323,Lumen,AZ,Maricopa County,25456.0,33.49433566334995,-112.0707857401212,im3_us_data_center_locations,im3_us_data_center_locations.gpkg::building
00152163711,L3Harris Technologies Inc,AZ,Maricopa County,14469.0,33.30535847275577,-111.67170400659428,im3_us_data_center_locations,im3_us_data_center_locations.gpkg::building
00152163722,AZ Labs,AZ,Maricopa County,31625.0,33.30627197658142,-111.67170030901957,im3_us_data_center_locations,im3_us_data_center_locations.gpkg::building
00152449872,Serverfarm CH1,IL,Cook County,56419.0,41.87094383200688,-87.64014138667577,im3_us_data_center_locations,im3_us_data_center_locations.gpkg::building
00155739337,Aligned Energy Data Center,AZ,Maricopa County,512814.0,33.65904093265778,-112.11116815143933,im3_us_data_center_locations,im3_us_data_center_locations.gpkg::building
00156468497,,VA,Fairfax County,19578.0,38.913701962686964,-77.2258381321817,im3_us_data_center_locations,im3_us_data_center_locations.gpkg::building
00156520409,Lakeside Technology Center,IL,Cook County,129156.0,41.85365260504632,-87.6183592533761,im3_us_data_center_locations,im3_us_data_center_locations.gpkg::building
00157362579,Flexential Phoenix - Deer Valley,AZ,Maricopa County,110023.0,33.684674135493076,-112.09835688433343,im3_us_data_center_locations,im3_us_data_center_locations.gpkg::building
00161126131,Equinix SV5,CA,Santa Clara County,166314.0,37.24204046852016,-121.78183927929481,im3_us_data_center_locations,im3_us_data_center_locations.gpkg::building
00166431620,"Union Pacific Jack Koraleski Technology, Research & Development Center",NE,Douglas County,54386.0,41.31800464175668,-96.05034469682974,im3_us_data_center_locations,im3_us_data_center_locations.gpkg::building
00168129695,DataBank Pittsburgh PIT2,PA,Allegheny County,60007.0,40.4513685262094,-80.1901183810463,im3_us_data_center_locations,im3_us_data_center_locations.gpkg::building
00169170979,Molina Healthcare,NM,Bernalillo County,25568.0,34.99544591950108,-106.61803444531762,im3_us_data_center_locations,im3_us_data_center_locations.gpkg::building
00172739950,Switch12,NV,Clark County,378533.0,36.06173888983835,-115.21329217816584,im3_us_data_center_locations,im3_us_data_center_locations.gpkg::building
00172739953,Switch Las Vegas 7,NV,Clark County,324714.0,36.0599251525617,-115.2102454849461,im3_us_data_center_locations,im3_us_data_center_locations.gpkg::building
00174242795,EdgeConneX CHI01,IL,Cook County,120191.0,42.00077520139855,-87.9507686963863,im3_us_data_center_locations,im3_us_data_center_locations.gpkg::building
00178331621,,MD,Frederick County,64023.0,39.377776311443,-77.41151850611422,im3_us_data_center_locations,im3_us_data_center_locations.gpkg::building
00187574082,Verizon Wireline Network Building,NJ,Middlesex County,32247.0,40.49490313172346,-74.44309493368364,im3_us_data_center_locations,im3_us_data_center_locations.gpkg::building
00190868312,RagingWire CA3,CA,Sacramento County,151366.0,38.64423935185345,-121.49876273285925,im3_us_data_center_locations,im3_us_data_center_locations.gpkg::building
00191655977,,IA,Pottawattamie County,227733.0,41.22148561735031,-95.86382197433595,im3_us_data_center_locations,im3_us_data_center_locations.gpkg::building
00192307107,360 Spear Street Data Center,CA,San Francisco County,34599.0,37.788991656058194,-122.39013668484701,im3_us_data_center_locations,im3_us_data_center_locations.gpkg::building
00193611192,Equinix New York Secaucus NY5,NJ,Hudson County,211455.0,40.77860177682814,-74.07230107005047,im3_us_data_center_locations,im3_us_data_center_locations.gpkg::building
00193611211,Equinix New York Secaucus NY4,NJ,Hudson County,317271.0,40.77642808061452,-74.06977591206658,im3_us_data_center_locations,im3_us_data_center_locations.gpkg::building
00193611216,Equinix NY3,NJ,Hudson County,274326.0,40.774852229978684,-74.06889005365075,im3_us_data_center_locations,im3_us_data_center_locations.gpkg::building
00193611219,Equinix New York Secaucus NY2,NJ,Hudson County,402960.0,40.77741950863346,-74.07591693201753,im3_us_data_center_locations,im3_us_data_center_locations.gpkg::building
00193612533,Centersquare NYC3 Data Center,NJ,Hudson County,143163.0,40.786164392038,-74.06918218107636,im3_us_data_center_locations,im3_us_data_center_locations.gpkg::building
00194049551,QTS Sacramento,CA,Sacramento County,90196.0,38.64634932685158,-121.48622274444375,im3_us_data_center_locations,im3_us_data_center_locations.gpkg::building
00195165330,,MO,Platte County,59078.0,39.2906006524332,-94.67586457208311,im3_us_data_center_locations,im3_us_data_center_locations.gpkg::building
00195165354,,MO,Platte County,240121.0,39.29565786992253,-94.67347189936218,im3_us_data_center_locations,im3_us_data_center_locations.gpkg::building
00195165374,Black Rock Financial Management,MO,Platte County,80025.0,39.295491746601805,-94.67802527416188,im3_us_data_center_locations,im3_us_data_center_locations.gpkg::building
00195169261,,MO,Platte County,51140.0,39.30240570006526,-94.68479180000348,im3_us_data_center_locations,im3_us_data_center_locations.gpkg::building
00195664350,Cherokee Data Center,OK,Tulsa County,414827.0,36.262546063389934,-95.91003132519961,im3_us_data_center_locations,im3_us_data_center_locations.gpkg::building
00199252950,CyrusOne Chicago Aurora CME,IL,DuPage County,483103.0,41.796710709040994,-88.24360276085451,im3_us_data_center_locations,im3_us_data_center_locations.gpkg::building
00200989527,Xfinity/Comcast Data Center,CO,Arapahoe County,51338.0,39.588307279176874,-104.83243481918149,im3_us_data_center_locations,im3_us_data_center_locations.gpkg::building
00203432103,IU Data Center,IN,Monroe County,94298.0,39.17441904078126,-86.50070264503239,im3_us_data_center_locations,im3_us_data_center_locations.gpkg::building
00204316962,IO Datacenter,NJ,Middlesex County,829908.0,40.520901338871916,-74.34731684357497,im3_us_data_center_locations,im3_us_data_center_locations.gpkg::building
00204460681,DataBank Piscataway EWR2,NJ,Middlesex County,50646.0,40.54921344851484,-74.45820961832148,im3_us_data_center_locations,im3_us_data_center_locations.gpkg::building
00204460799,Optimum,NJ,Middlesex County,68126.0,40.54682624136092,-74.49202896228643,im3_us_data_center_locations,im3_us_data_center_locations.gpkg::building
00204460812,Equinix,NJ,Middlesex County,62331.0,40.544881931883474,-74.49538057530053,im3_us_data_center_locations,im3_us_data_center_locations.gpkg::building
00204460835,Barclays Datacenter,NJ,Middlesex County,352286.0,40.5472442650833,-74.45973725576991,im3_us_data_center_locations,im3_us_data_center_locations.gpkg::building
00204460903,Digital Realty New York EWR12,NJ,Middlesex County,302795.0,40.5529045023767,-74.45930065392976,im3_us_data_center_locations,im3_us_data_center_locations.gpkg::building
00204460950,Digital Realty New York EWR11,NJ,Middlesex County,96114.0,40.55377882278532,-74.4571794816788,im3_us_data_center_locations,im3_us_data_center_locations.gpkg::building
00205724881,Intergate Seattle East Building 2,WA,King County,107319.0,47.49503090192437,-122.29056964991395,im3_us_data_center_locations,im3_us_data_center_locations.gpkg::building
00205724885,Intergate Seattle East Building 1,WA,King County,97862.0,47.49485963017309,-122.28819434180774,im3_us_data_center_locations,im3_us_data_center_locations.gpkg::building
00205823968,Equinix SV15,CA,Santa Clara County,38211.0,37.3754951498238,-121.98840629999835,im3_us_data_center_locations,im3_us_data_center_locations.gpkg::building
00205823970,Equinix SV16,CA,Santa Clara County,26347.0,37.37611802320719,-121.98868795324002,im3_us_data_center_locations,im3_us_data_center_locations.gpkg::building
00205823971,Equinix SV17,CA,Santa Clara County,42360.0,37.37652899594956,-121.98858391314208,im3_us_data_center_locations,im3_us_data_center_locations.gpkg::building
00205823980,Equinix SV14,CA,Santa Clara County,20213.0,37.374962138504316,-121.98850932446409,im3_us_data_center_locations,im3_us_data_center_locations.gpkg::building
00205846843,CoreSite SV4,CA,Santa Clara County,51928.0,37.376263105040294,-121.97068417339611,im3_us_data_center_locations,im3_us_data_center_locations.gpkg::building
00209073635,Lumen Santa Clara,CA,Santa Clara County,25424.0,37.37700481451302,-121.952081932971,im3_us_data_center_locations,im3_us_data_center_locations.gpkg::building
00209073636,Prime Santa Clara,CA,Santa Clara County,30065.0,37.37501721660046,-121.95324973327962,im3_us_data_center_locations,im3_us_data_center_locations.gpkg::building
00209073641,Digital Realty Silicon Valley SJC10,CA,Santa Clara County,57051.0,37.375822905793676,-121.95333535904547,im3_us_data_center_locations,im3_us_data_center_locations.gpkg::building
00209073645,Colovore,CA,Santa Clara County,24161.0,37.37672946683328,-121.95314883048796,im3_us_data_center_locations,im3_us_data_center_locations.gpkg::building
00209073647,Digital Realty Silicon Valley SJC30,CA,Santa Clara County,48539.0,37.37828897395487,-121.95810528697963,im3_us_data_center_locations,im3_us_data_center_locations.gpkg::building
00209073649,Digital Realty Silicon Valley SJC15,CA,Santa Clara County,24615.0,37.374996550088426,-121.95407689999966,im3_us_data_center_locations,im3_us_data_center_locations.gpkg::building
00209073653,Digital Realty Silicon Valley SJC16,CA,Santa Clara County,42504.0,37.374929097082685,-121.9559861698452,im3_us_data_center_locations,im3_us_data_center_locations.gpkg::building
00209073657,Digital Realty Silicon Valley SJC29,CA,Santa Clara County,40287.0,37.37502320043753,-121.95809620000126,im3_us_data_center_locations,im3_us_data_center_locations.gpkg::building
00209073658,Csquare SFO4,CA,Santa Clara County,27286.0,37.37577706129449,-121.9551929871648,im3_us_data_center_locations,im3_us_data_center_locations.gpkg::building
00209073659,Prime SANTA CLARA DATA CENTER,CA,Santa Clara County,25825.0,37.37502630609213,-121.95488070140483,im3_us_data_center_locations,im3_us_data_center_locations.gpkg::building
00209076412,Digital Realty Silicon Valley SJC11,CA,Santa Clara County,44027.0,37.3763410080539,-121.94853104740695,im3_us_data_center_locations,im3_us_data_center_locations.gpkg::building
00209077298,Lumen,CA,Santa Clara County,15840.0,37.37758479573238,-121.95068207526988,im3_us_data_center_locations,im3_us_data_center_locations.gpkg::building
00209087373,Silicon Valley SJC31,CA,Santa Clara County,146597.0,37.372249898204316,-121.9483289304616,im3_us_data_center_locations,im3_us_data_center_locations.gpkg::building
00209105766,,CA,Santa Clara County,18864.0,37.379779111635564,-121.9499100438154,im3_us_data_center_locations,im3_us_data_center_locations.gpkg::building
00209117217,Evocative Santa Clara SJC11,CA,Santa Clara County,51418.0,37.389539602058925,-121.9619460438575,im3_us_data_center_locations,im3_us_data_center_locations.gpkg::building
00209786637,QTS Chicago,IL,Cook County,267112.0,41.84218652884067,-87.66900814712955,im3_us_data_center_locations,im3_us_data_center_locations.gpkg::building
00210222970,Iron Mountain Data & Record Storage,IL,Cook County,106033.0,41.84879669155961,-87.64550983406528,im3_us_data_center_locations,im3_us_data_center_locations.gpkg::building
00210917861,Data Storage Centers,AZ,Maricopa County,38109.0,33.421692874680716,-112.03430310768363,im3_us_data_center_locations,im3_us_data_center_locations.gpkg::building
00211832626,,MA,Essex County,51354.0,42.68570898649228,-71.20859932011268,im3_us_data_center_locations,im3_us_data_center_locations.gpkg::building
00214321737,Markley Data Center,MA,Middlesex County,123665.0,42.6302619946922,-71.30442370850213,im3_us_data_center_locations,im3_us_data_center_locations.gpkg::building
00215630401,Flexential Charlotte - South,NC,Mecklenburg County,33741.0,35.13543064967395,-80.93687158006364,im3_us_data_center_locations,im3_us_data_center_locations.gpkg::building
00220518160,Digital Realty Data Center,AZ,Maricopa County,67568.0,33.344648208315185,-111.899226799974,im3_us_data_center_locations,im3_us_data_center_locations.gpkg::building
00221201212,,WA,King County,8025.0,47.693323673804386,-122.31731718771367,im3_us_data_center_locations,im3_us_data_center_locations.gpkg::building
00221897579,Equinix DC97,VA,Fairfax County,43991.0,38.96157142283795,-77.37742307519908,im3_us_data_center_locations,im3_us_data_center_locations.gpkg::building
00222672860,Amazon IAD-55,VA,Prince William County,228140.0,38.81506150876172,-77.64876376105127,im3_us_data_center_locations,im3_us_data_center_locations.gpkg::building
00223783259,CTI Biopharma,WA,King County,20600.0,47.6177878057982,-122.35669303335187,im3_us_data_center_locations,im3_us_data_center_locations.gpkg::building
00223928497,Westin Building,WA,King County,13117.0,47.61435537680634,-122.3388642251616,im3_us_data_center_locations,im3_us_data_center_locations.gpkg::building
00224100721,COPT Data Center,VA,Prince William County,127955.0,38.74728120625688,-77.5318452938603,im3_us_data_center_locations,im3_us_data_center_locations.gpkg::building
00224139416,Dell 350 Holger Way,CA,Santa Clara County,45282.0,37.418407037850685,-121.9430846177997,im3_us_data_center_locations,im3_us_data_center_locations.gpkg::building
00224174031,SV Colo,CA,Santa Clara County,57709.0,37.36431021578032,-121.9587992678193,im3_us_data_center_locations,im3_us_data_center_locations.gpkg::building
00224998784,Microsoft,CA,Santa Clara County,166655.0,37.3620662092011,-121.94643635591544,im3_us_data_center_locations,im3_us_data_center_locations.gpkg::building
00225745958,OVH US East Vint Hill,VA,Fauquier County,85783.0,38.747444697578814,-77.67445377449387,im3_us_data_center_locations,im3_us_data_center_locations.gpkg::building
00231047065,NCAR-Wyoming Supercomputing Center,WY,Laramie County,101129.0,41.12879048730292,-104.89748679471974,im3_us_data_center_locations,im3_us_data_center_locations.gpkg::building
00231664575,The Seattle Times,WA,King County,48589.0,47.61898482839781,-122.33646162358502,im3_us_data_center_locations,im3_us_data_center_locations.gpkg::building
00233888384,Segra Data Center,NC,Wake County,46141.0,35.7249920936468,-78.66236321040674,im3_us_data_center_locations,im3_us_data_center_locations.gpkg::building
00234722029,Equinix Ashburn DC2,VA,Loudoun County,175215.0,39.016470708222904,-77.45900624552966,im3_us_data_center_locations,im3_us_data_center_locations.gpkg::building
00234722720,H5 Data Centers Ashburn,VA,Loudoun County,83656.0,39.01367498906444,-77.45171989501627,im3_us_data_center_locations,im3_us_data_center_locations.gpkg::building
00239032142,TierPoint Sioux Falls West Data Center,SD,Minnehaha County,55963.0,43.60697077791878,-96.80919489840309,im3_us_data_center_locations,im3_us_data_center_locations.gpkg::building
00239147373,Lumen McLean,VA,Fairfax County,42056.0,38.920020715978985,-77.21161871839628,im3_us_data_center_locations,im3_us_data_center_locations.gpkg::building
00239147724,DataBank McLean IAD2,VA,Fairfax County,22957.0,38.919905150298106,-77.21358499990595,im3_us_data_center_locations,im3_us_data_center_locations.gpkg::building
00240724127,eBay,UT,Salt Lake County,183167.0,40.5637493311281,-112.04772494385753,im3_us_data_center_locations,im3_us_data_center_locations.gpkg::building
00243242167,Equinix Chicago Data CH7,IL,DuPage County,47336.0,41.812557111453394,-87.9728434935898,im3_us_data_center_locations,im3_us_data_center_locations.gpkg::building
00244490839,PhoenixNAP,AZ,Maricopa County,79223.0,33.41605053769886,-112.0094263246897,im3_us_data_center_locations,im3_us_data_center_locations.gpkg::building
00247427998,Merrill Lynch Data Center,NY,Richmond County,63435.0,40.60738024218361,-74.17317970568563,im3_us_data_center_locations,im3_us_data_center_locations.gpkg::building
00247428943,Telehouse Teleport,NY,Richmond County,69999.0,40.606985209666014,-74.17488651961352,im3_us_data_center_locations,im3_us_data_center_locations.gpkg::building
00250052753,32 Avenue of the Americas,NY,New York County,42396.0,40.719998478665225,-74.00463586981833,im3_us_data_center_locations,im3_us_data_center_locations.gpkg::building
00251716328,Digital Realty,VA,Fairfax County,72337.0,38.910132702732945,-77.47258021616551,im3_us_data_center_locations,im3_us_data_center_locations.gpkg::building
00253682978,TierPoint,MO,St. Louis city,24039.0,38.62976100794761,-90.1964202669285,im3_us_data_center_locations,im3_us_data_center_locations.gpkg::building
00254583328,Verizon,NV,Clark County,25884.0,36.144732607348836,-115.07792815622403,im3_us_data_center_locations,im3_us_data_center_locations.gpkg::building
00254742608,,TX,Bexar County,127563.0,29.44667420261524,-98.64069026748369,im3_us_data_center_locations,im3_us_data_center_locations.gpkg::building
00254742609,,TX,Bexar County,142712.0,29.44792213625347,-98.64112862038242,im3_us_data_center_locations,im3_us_data_center_locations.gpkg::building
00254742610,,TX,Bexar County,36014.0,29.447199009365736,-98.64099341797508,im3_us_data_center_locations,im3_us_data_center_locations.gpkg::building
00254773884,,TX,Collin County,121665.0,33.09599431363361,-96.68156543918735,im3_us_data_center_locations,im3_us_data_center_locations.gpkg::building
00254773897,Evoque Allen DA1,TX,Collin County,114534.0,33.09506355613131,-96.68376373847303,im3_us_data_center_locations,im3_us_data_center_locations.gpkg::building
00256728809,,NE,Douglas County,69219.0,41.26141936949243,-95.93649511237068,im3_us_data_center_locations,im3_us_data_center_locations.gpkg::building
00257581364,Flexential - Richmond,VA,Henrico County,39778.0,37.64689021155886,-77.4386951674598,im3_us_data_center_locations,im3_us_data_center_locations.gpkg::building
00258343744,Amazon IAD-9,VA,Fairfax County,85855.0,38.89965169321406,-77.453440411722,im3_us_data_center_locations,im3_us_data_center_locations.gpkg::building
00258343748,Amazon IAD22,VA,Fairfax County,30140.0,38.89790175442311,-77.45510184070243,im3_us_data_center_locations,im3_us_data_center_locations.gpkg::building
00258343749,Amazon IAD-1,VA,Fairfax County,93882.0,38.897859142125064,-77.45407518694847,im3_us_data_center_locations,im3_us_data_center_locations.gpkg::building
00258519934,,VA,Fairfax County,43330.0,38.90924510953836,-77.47224542805822,im3_us_data_center_locations,im3_us_data_center_locations.gpkg::building
00258519959,,VA,Fairfax County,32222.0,38.90979813235743,-77.47346579109487,im3_us_data_center_locations,im3_us_data_center_locations.gpkg::building
00260996040,,VA,Fairfax County,56049.0,38.750816595369955,-77.19627275728058,im3_us_data_center_locations,im3_us_data_center_locations.gpkg::building
00269166415,Cox Data Center,GA,Fulton County,127858.0,34.03620188757935,-84.31955321505815,im3_us_data_center_locations,im3_us_data_center_locations.gpkg::building
00269847438,QTS Atlanta Data Center 1,GA,Fulton County,719736.0,33.7776811736858,-84.42109985598158,im3_us_data_center_locations,im3_us_data_center_locations.gpkg::building
00271893323,Csquare SFO3,CA,Santa Clara County,71209.0,37.372103697929965,-121.98603139645,im3_us_data_center_locations,im3_us_data_center_locations.gpkg::building
00273895868,Centersquare IAD3,VA,Loudoun County,130748.0,38.98092474637894,-77.44424695215189,im3_us_data_center_locations,im3_us_data_center_locations.gpkg::building
00273896089,Centersquare IAD2-A,VA,Loudoun County,48153.0,38.98441813209926,-77.42381651986251,im3_us_data_center_locations,im3_us_data_center_locations.gpkg::building
00273896096,,VA,Loudoun County,127744.0,38.984886746753254,-77.42564884364357,im3_us_data_center_locations,im3_us_data_center_locations.gpkg::building
00273896102,Centersquare IAD2-B,VA,Loudoun County,71819.0,38.983603752633236,-77.42410521314366,im3_us_data_center_locations,im3_us_data_center_locations.gpkg::building
00278560778,Digital Realty Data Center,GA,Fulton County,128785.0,33.65703230386123,-84.41520253319351,im3_us_data_center_locations,im3_us_data_center_locations.gpkg::building
00279410762,Cyxtera (Digital Realty Trust) Citibank Data Center,NJ,Hudson County,58356.0,40.76076492901499,-74.02575833881977,im3_us_data_center_locations,im3_us_data_center_locations.gpkg::building
00279410766,Digital Realty New Jersey EWR10,NJ,Hudson County,126960.0,40.76183107982837,-74.0250249144998,im3_us_data_center_locations,im3_us_data_center_locations.gpkg::building
00283051469,,WA,Grant County,151976.0,47.24621227884292,-119.81322935255957,im3_us_data_center_locations,im3_us_data_center_locations.gpkg::building
00283051470,,WA,Grant County,133363.0,47.24765247479226,-119.81318678101925,im3_us_data_center_locations,im3_us_data_center_locations.gpkg::building
00283051471,,WA,Grant County,135310.0,47.24616793078344,-119.81575602489733,im3_us_data_center_locations,im3_us_data_center_locations.gpkg::building
00283051475,,WA,Grant County,246778.0,47.2525738060569,-119.81966487505578,im3_us_data_center_locations,im3_us_data_center_locations.gpkg::building
00283051478,,WA,Grant County,151213.0,47.246735553110774,-119.82886591661293,im3_us_data_center_locations,im3_us_data_center_locations.gpkg::building
00283051481,,WA,Grant County,35848.0,47.2459914143102,-119.8297911817926,im3_us_data_center_locations,im3_us_data_center_locations.gpkg::building
00283051482,,WA,Grant County,35925.0,47.24598939949083,-119.8291703,im3_us_data_center_locations,im3_us_data_center_locations.gpkg::building
00283051483,,WA,Grant County,33824.0,47.24598937431324,-119.82815880653993,im3_us_data_center_locations,im3_us_data_center_locations.gpkg::building
00283051484,,WA,Grant County,33688.0,47.24600329947973,-119.82754149992971,im3_us_data_center_locations,im3_us_data_center_locations.gpkg::building
00283051485,,WA,Grant County,19067.0,47.24606673682079,-119.82866158737185,im3_us_data_center_locations,im3_us_data_center_locations.gpkg::building
00284044002,DataSite Atlanta,GA,Cobb County,77660.0,33.92551125989177,-84.48161598883719,im3_us_data_center_locations,im3_us_data_center_locations.gpkg::building
00288909509,,MO,Platte County,30923.0,39.290121050497966,-94.68505095083452,im3_us_data_center_locations,im3_us_data_center_locations.gpkg::building
00289620443,Digital Realty San Francisco SFO10,CA,San Francisco County,104867.0,37.7236016950597,-122.39793596994734,im3_us_data_center_locations,im3_us_data_center_locations.gpkg::building
00289884123,33 Thomas Street,NY,New York County,30791.0,40.7165249817088,-74.0059130609563,im3_us_data_center_locations,im3_us_data_center_locations.gpkg::building
00290101976,VentureData,ID,Madison County,18269.0,43.825243232176796,-111.78209278694163,im3_us_data_center_locations,im3_us_data_center_locations.gpkg::building
00290307022,Cogent Data Center,AZ,Maricopa County,51675.0,33.400255234990105,-112.04789988122732,im3_us_data_center_locations,im3_us_data_center_locations.gpkg::building
00290703004,CoreSpace Dallas,TX,Dallas County,31626.0,32.81755909182154,-96.87306493151617,im3_us_data_center_locations,im3_us_data_center_locations.gpkg::building
00292506449,,CO,Arapahoe County,108473.0,39.59013144249605,-104.84696328231581,im3_us_data_center_locations,im3_us_data_center_locations.gpkg::building
00292506452,zColo by Zayo,CO,Arapahoe County,62177.0,39.591351747526645,-104.84703864109652,im3_us_data_center_locations,im3_us_data_center_locations.gpkg::building
00293211683,Intergate Seattle East Building 5,WA,King County,200124.0,47.49191977023952,-122.28973615206532,im3_us_data_center_locations,im3_us_data_center_locations.gpkg::building
00293211686,Intergate Seattle East Building 3,WA,King County,203387.0,47.493556238112845,-122.29030164481166,im3_us_data_center_locations,im3_us_data_center_locations.gpkg::building
00293211687,Intergate Seattle East Building 4,WA,King County,116828.0,47.49341087440766,-122.28885825770003,im3_us_data_center_locations,im3_us_data_center_locations.gpkg::building
00296374269,Flexential Allentown data center,PA,Lehigh County,48995.0,40.635695315852814,-75.45757328328773,im3_us_data_center_locations,im3_us_data_center_locations.gpkg::building
00298126010,Digital Realty ACC4,VA,Loudoun County,294156.0,39.017901791124075,-77.46254912313509,im3_us_data_center_locations,im3_us_data_center_locations.gpkg::building
00298127059,Equinix Ashburn DC1,VA,Loudoun County,59757.0,39.01556033255059,-77.46032653997727,im3_us_data_center_locations,im3_us_data_center_locations.gpkg::building
00298127361,Equinix Ashburn DC5,VA,Loudoun County,94665.0,39.015987297259315,-77.46124797924023,im3_us_data_center_locations,im3_us_data_center_locations.gpkg::building
00298127420,Equinix Ashburn DC11,VA,Loudoun County,132897.0,39.014930750375306,-77.45880365175545,im3_us_data_center_locations,im3_us_data_center_locations.gpkg::building
00298242260,Equinix Ashburn DC3,VA,Loudoun County,186227.0,39.021947987272775,-77.46028710356292,im3_us_data_center_locations,im3_us_data_center_locations.gpkg::building
00298242335,Digital Realty ACC3,VA,Loudoun County,151562.0,39.01993590507545,-77.45984179886374,im3_us_data_center_locations,im3_us_data_center_locations.gpkg::building
00299388896,CoreSite SV2,CA,Santa Clara County,89939.0,37.40568310648504,-121.91624119521207,im3_us_data_center_locations,im3_us_data_center_locations.gpkg::building
00299927846,Amazon IAD76,VA,Loudoun County,138071.0,38.993785281689334,-77.45050945562221,im3_us_data_center_locations,im3_us_data_center_locations.gpkg::building
00299929061,Amazon IAD12,VA,Loudoun County,149598.0,38.98872330810434,-77.44767141862896,im3_us_data_center_locations,im3_us_data_center_locations.gpkg::building
00299946152,,VA,Loudoun County,10175.0,38.99463732348249,-77.44790209132543,im3_us_data_center_locations,im3_us_data_center_locations.gpkg::building
00300162674,Digital Realty ACC5,VA,Loudoun County,298859.0,39.02011263672101,-77.46307101056209,im3_us_data_center_locations,im3_us_data_center_locations.gpkg::building
00300162675,Digital Realty ACC6,VA,Loudoun County,226152.0,39.02106804323565,-77.46358953091513,im3_us_data_center_locations,im3_us_data_center_locations.gpkg::building
00300162689,Level 3 Ashburn,VA,Loudoun County,49022.0,39.0221725562622,-77.45759526371418,im3_us_data_center_locations,im3_us_data_center_locations.gpkg::building
00300163074,Centersquare IAD4-B,VA,Loudoun County,90029.0,39.022140336655866,-77.45360972261447,im3_us_data_center_locations,im3_us_data_center_locations.gpkg::building
00300163083,NTT Ashburn VA1 Data Center,VA,Loudoun County,138507.0,39.02276445956019,-77.45486923381064,im3_us_data_center_locations,im3_us_data_center_locations.gpkg::building
00300952513,Digital Realty Phoenix PHX15,AZ,Maricopa County,294678.0,33.27497378533701,-111.88662619785597,im3_us_data_center_locations,im3_us_data_center_locations.gpkg::building
00300959969,H5 Phoenix,AZ,Maricopa County,50925.0,33.27691083822963,-111.88590913146852,im3_us_data_center_locations,im3_us_data_center_locations.gpkg::building
00300959970,CyrusOne PHX1,AZ,Maricopa County,137355.0,33.27085532906607,-111.88191152923802,im3_us_data_center_locations,im3_us_data_center_locations.gpkg::building
00300969250,Equinix DC13,VA,Loudoun County,125613.0,39.01253746084648,-77.47539286797381,im3_us_data_center_locations,im3_us_data_center_locations.gpkg::building
00300969614,Digital Realty Northern Virginia IAD14,VA,Loudoun County,134503.0,39.00333638342545,-77.48709346092416,im3_us_data_center_locations,im3_us_data_center_locations.gpkg::building
00300969615,Amazon Web Services Building C,VA,Loudoun County,116698.0,39.00275165389682,-77.48544866796638,im3_us_data_center_locations,im3_us_data_center_locations.gpkg::building
00300969616,Digital Realty Northern Virginia IAD12,VA,Loudoun County,180269.0,39.002021512406806,-77.48334543979661,im3_us_data_center_locations,im3_us_data_center_locations.gpkg::building
00300969617,Digital Realty Building A,VA,Loudoun County,133113.0,39.00275464974417,-77.48195442999278,im3_us_data_center_locations,im3_us_data_center_locations.gpkg::building
00300969619,Digital Realty Northern Virginia IAD24,VA,Loudoun County,114428.0,39.00429228111817,-77.48435473615672,im3_us_data_center_locations,im3_us_data_center_locations.gpkg::building
00300970759,Databank Ashburn IAD1,VA,Loudoun County,144740.0,39.01554879745239,-77.48213787541994,im3_us_data_center_locations,im3_us_data_center_locations.gpkg::building
00300970761,Golds Gym Ashburn,VA,Loudoun County,54700.0,39.01560147883306,-77.48327064329858,im3_us_data_center_locations,im3_us_data_center_locations.gpkg::building
00300974499,Apple Data Center,AZ,Maricopa County,1338261.0,33.34701915860399,-111.60405623426205,im3_us_data_center_locations,im3_us_data_center_locations.gpkg::building
00317466755,VISA,IL,Lake County,55001.0,42.216756536018735,-87.95284650862307,im3_us_data_center_locations,im3_us_data_center_locations.gpkg::building
00318069356,John F. Simms Building,NM,Santa Fe County,31727.0,35.67244389730999,-105.95657515744648,im3_us_data_center_locations,im3_us_data_center_locations.gpkg::building
00319857331,Lumen San Antonio 2,TX,Bexar County,12722.0,29.438279094436894,-98.50652172672935,im3_us_data_center_locations,im3_us_data_center_locations.gpkg::building
00321385147,,OR,Crook County,269642.0,44.29588334105515,-120.88726144669496,im3_us_data_center_locations,im3_us_data_center_locations.gpkg::building
00325096144,Adobe Data Center,OR,Washington County,89232.0,45.55018168886831,-122.93181213080429,im3_us_data_center_locations,im3_us_data_center_locations.gpkg::building
00328702378,Stack Infrastructure Portland 2 Data Center,OR,Washington County,215217.0,45.547311791366376,-122.89744896301694,im3_us_data_center_locations,im3_us_data_center_locations.gpkg::building
00328702750,Digital Realty PDX10 Data Center,OR,Washington County,68807.0,45.54761722382477,-122.89195798239217,im3_us_data_center_locations,im3_us_data_center_locations.gpkg::building
00328703598,Flexential,OR,Washington County,41245.0,45.5498209002179,-122.8908514025637,im3_us_data_center_locations,im3_us_data_center_locations.gpkg::building
00328703599,Flexential Portland - Hillsboro 1,OR,Washington County,44088.0,45.550333986427404,-122.89220172053012,im3_us_data_center_locations,im3_us_data_center_locations.gpkg::building
00329551673,Flexential Louisville - East,KY,Jefferson County,34794.0,38.277197827679295,-85.50724111669626,im3_us_data_center_locations,im3_us_data_center_locations.gpkg::building
00330276516,Flexential Louisville - Downtown,KY,Jefferson County,36525.0,38.24249601378566,-85.73335104065765,im3_us_data_center_locations,im3_us_data_center_locations.gpkg::building
00334264478,Terminal Commerce Building,PA,Philadelphia County,119659.0,39.959809526359834,-75.16083249176855,im3_us_data_center_locations,im3_us_data_center_locations.gpkg::building
00335468616,TierPoint,WA,Spokane County,14435.0,47.671916867147694,-117.09593477622663,im3_us_data_center_locations,im3_us_data_center_locations.gpkg::building
00336387583,Baltimore Technology Park,MD,Baltimore city,30131.0,39.27538391165092,-76.62552663391303,im3_us_data_center_locations,im3_us_data_center_locations.gpkg::building
00337126739,Intergate Seattle West Building C,WA,King County,19791.0,47.49413118771306,-122.29440690516354,im3_us_data_center_locations,im3_us_data_center_locations.gpkg::building
00337126741,Intergate Seattle West Building B,WA,King County,19140.0,47.49307629033907,-122.29368392327882,im3_us_data_center_locations,im3_us_data_center_locations.gpkg::building
00337126742,Intergate Seattle West Building A,WA,King County,38547.0,47.49214782871073,-122.293319807759,im3_us_data_center_locations,im3_us_data_center_locations.gpkg::building
00337127817,Vantage WA11,WA,Grant County,147430.0,47.25016454994511,-119.81449029306091,im3_us_data_center_locations,im3_us_data_center_locations.gpkg::building
00337127824,NTT Data Quincy,WA,Grant County,99760.0,47.24358751309279,-119.86571157127666,im3_us_data_center_locations,im3_us_data_center_locations.gpkg::building
00337127832,,WA,Grant County,44365.0,47.23881859630125,-119.85935927491568,im3_us_data_center_locations,im3_us_data_center_locations.gpkg::building
00337127833,,WA,Grant County,32106.0,47.23826232566218,-119.85936632665342,im3_us_data_center_locations,im3_us_data_center_locations.gpkg::building
00342664739,Geneseo Communications Inc,IA,Scott County,53983.0,41.55026944582376,-90.482409225225,im3_us_data_center_locations,im3_us_data_center_locations.gpkg::building
00343593591,,IL,DuPage County,14550.0,41.90535458903981,-88.21951394141162,im3_us_data_center_locations,im3_us_data_center_locations.gpkg::building
00345650474,,NJ,Middlesex County,61263.0,40.5528187281629,-74.45667583889342,im3_us_data_center_locations,im3_us_data_center_locations.gpkg::building
00349925359,,IN,Hancock County,21005.0,39.71718414793671,-85.94132960161893,im3_us_data_center_locations,im3_us_data_center_locations.gpkg::building
00354590432,,NJ,Hudson County,34462.0,40.78473886879808,-74.06435818266343,im3_us_data_center_locations,im3_us_data_center_locations.gpkg::building
00355926681,Flexential Salt Lake City - South Valley,UT,Salt Lake County,30547.0,40.62035188350187,-111.98604691692421,im3_us_data_center_locations,im3_us_data_center_locations.gpkg::building
00358455179,Digital Realty Silicon Valley SC1,CA,Santa Clara County,297948.0,37.36168658658687,-121.94391134202756,im3_us_data_center_locations,im3_us_data_center_locations.gpkg::building
00358946546,QES Computers,CA,Alameda County,941.0,37.699475300043446,-121.90379949999843,im3_us_data_center_locations,im3_us_data_center_locations.gpkg::building
00359930465,Equinix SE3 Data Center,WA,King County,12575.0,47.61442272967249,-122.33974344575807,im3_us_data_center_locations,im3_us_data_center_locations.gpkg::building
00362662493,QTS Piscataway Data Center,NJ,Middlesex County,343444.0,40.55696486399719,-74.48400692707673,im3_us_data_center_locations,im3_us_data_center_locations.gpkg::building
00363017375,AiNET,MD,Prince George's County,43057.0,39.052822508078144,-76.92590821703205,im3_us_data_center_locations,im3_us_data_center_locations.gpkg::building
00364289073,Microsoft,TX,Bexar County,258191.0,29.478216376231007,-98.69072125219773,im3_us_data_center_locations,im3_us_data_center_locations.gpkg::building
00364289074,Microsoft San Antonio,TX,Bexar County,478642.0,29.479925996060736,-98.69260809155041,im3_us_data_center_locations,im3_us_data_center_locations.gpkg::building
00364289077,Microsoft,TX,Bexar County,194916.0,29.48106634167372,-98.69655923476323,im3_us_data_center_locations,im3_us_data_center_locations.gpkg::building
00365941471,,PR,San Juan Municipio,23137.0,18.446826968330527,-66.0516872147712,im3_us_data_center_locations,im3_us_data_center_locations.gpkg::building
00366049843,Lumen Norristown,PA,Montgomery County,34224.0,40.1270582669318,-75.40863781443159,im3_us_data_center_locations,im3_us_data_center_locations.gpkg::building
00368724474,Equinix DC7,VA,Fairfax County,79709.0,38.90913922220713,-77.22055679495352,im3_us_data_center_locations,im3_us_data_center_locations.gpkg::building
00368724479,Element Critical VA1,VA,Fairfax County,20483.0,38.9083675000258,-77.21974420009786,im3_us_data_center_locations,im3_us_data_center_locations.gpkg::building
00369452572,Pittock Block,OR,Multnomah County,41556.0,45.521543581997186,-122.68070403612809,im3_us_data_center_locations,im3_us_data_center_locations.gpkg::building
00369728508,Data Center,OR,Washington County,25297.0,45.526683793418876,-122.87550380152314,im3_us_data_center_locations,im3_us_data_center_locations.gpkg::building
00373913881,Cisco Allen,TX,Collin County,162023.0,33.135980195526706,-96.66095239322138,im3_us_data_center_locations,im3_us_data_center_locations.gpkg::building
00373945186,,OR,Crook County,231830.0,44.29489361961425,-120.8839983863009,im3_us_data_center_locations,im3_us_data_center_locations.gpkg::building
00376627431,CSSNW Bellingham,WA,Whatcom County,4312.0,48.75726819331372,-122.48054752807799,im3_us_data_center_locations,im3_us_data_center_locations.gpkg::building
00377032058,EdgeConneX CHI02,IL,Cook County,64358.0,42.001494373393264,-87.95256335815348,im3_us_data_center_locations,im3_us_data_center_locations.gpkg::building
00377032061,Equinix Chicago CH3,IL,Cook County,135800.0,42.001158707879654,-87.95521312428228,im3_us_data_center_locations,im3_us_data_center_locations.gpkg::building
00377212693,Element Critical CH2,IL,DuPage County,44358.0,41.97422731222964,-87.9671757623118,im3_us_data_center_locations,im3_us_data_center_locations.gpkg::building
00377345296,Centersquare Elk Grove Village Data Center Campus ORD2,IL,DuPage County,198323.0,41.992040415356676,-87.95817200961845,im3_us_data_center_locations,im3_us_data_center_locations.gpkg::building
00377545385,Flexential Denver - Englewood,CO,Douglas County,198772.0,39.55897087407264,-104.83755343632711,im3_us_data_center_locations,im3_us_data_center_locations.gpkg::building
00377585075,EdgeConneX Detroit DET01,MI,Oakland County,40574.0,42.447696914234804,-83.26266713633784,im3_us_data_center_locations,im3_us_data_center_locations.gpkg::building
00379195054,Lumen Austin 3,TX,Travis County,5068.0,30.261396172131168,-97.72359737399289,im3_us_data_center_locations,im3_us_data_center_locations.gpkg::building
00379199519,Alpheus DataCenter,TX,Travis County,36089.0,30.261043226760542,-97.72210231000722,im3_us_data_center_locations,im3_us_data_center_locations.gpkg::building
00379204279,Digital Realty Austin AUS11,TX,Travis County,79985.0,30.21217551197644,-97.6957806400088,im3_us_data_center_locations,im3_us_data_center_locations.gpkg::building
00379204643,LightEdge Austin II,TX,Travis County,86445.0,30.200676320425476,-97.70704415374419,im3_us_data_center_locations,im3_us_data_center_locations.gpkg::building
00379204766,CyrusOne Austin Data Center II,TX,Travis County,77356.0,30.205929677925745,-97.69796494527762,im3_us_data_center_locations,im3_us_data_center_locations.gpkg::building
00379205427,Data Foundry Austin 1 Data Center,TX,Travis County,50461.0,30.215503976280193,-97.69607393452047,im3_us_data_center_locations,im3_us_data_center_locations.gpkg::building
00380282154,VISA Data Center,VA,Loudoun County,349987.0,39.04872822028961,-77.4454155025337,im3_us_data_center_locations,im3_us_data_center_locations.gpkg::building
00382785871,LightEdge Austin I,TX,Travis County,30876.0,30.21429715095225,-97.71266756573961,im3_us_data_center_locations,im3_us_data_center_locations.gpkg::building
00383545769,Skybox Chicago I,IL,Cook County,174575.0,41.99366849754896,-87.9735185179455,im3_us_data_center_locations,im3_us_data_center_locations.gpkg::building
00383728972,Hurricane Electric Fremont 1,CA,Alameda County,33640.0,37.48986462008944,-121.93101655253417,im3_us_data_center_locations,im3_us_data_center_locations.gpkg::building
00383796776,,OH,Erie County,633484.0,41.4324305009821,-82.71902751224367,im3_us_data_center_locations,im3_us_data_center_locations.gpkg::building
00383888101,Lumen Austin 1,TX,Travis County,74722.0,30.196499004972576,-97.71239983833573,im3_us_data_center_locations,im3_us_data_center_locations.gpkg::building
00383888914,Data Foundry - Texas 1,TX,Travis County,137095.0,30.198926082371674,-97.71378843935518,im3_us_data_center_locations,im3_us_data_center_locations.gpkg::building
00384310259,XO Fremont,CA,Alameda County,65815.0,37.47533720746737,-121.92211346250497,im3_us_data_center_locations,im3_us_data_center_locations.gpkg::building
00384310269,Hurricane Electric Fremont 2,CA,Alameda County,181268.0,37.471827238512944,-121.92031059714009,im3_us_data_center_locations,im3_us_data_center_locations.gpkg::building
00384396017,Element Critical,TX,Travis County,61978.0,30.342800020345656,-97.69617577010003,im3_us_data_center_locations,im3_us_data_center_locations.gpkg::building
00384690290,Element Critical CH1,IL,DuPage County,92076.0,41.97576175006559,-87.96468543810447,im3_us_data_center_locations,im3_us_data_center_locations.gpkg::building
00387208881,165 Halsey / Equinix NY1 / Databank EWR1,NJ,Essex County,89363.0,40.73672574708444,-74.17392520750958,im3_us_data_center_locations,im3_us_data_center_locations.gpkg::building
00387378765,QTS Suwanee Data Center 1,GA,Gwinnett County,310488.0,34.03538969563108,-84.06107488394335,im3_us_data_center_locations,im3_us_data_center_locations.gpkg::building
00387379196,QTS Suwanee Data Center 2,GA,Gwinnett County,360379.0,34.037098808167876,-84.0577034926908,im3_us_data_center_locations,im3_us_data_center_locations.gpkg::building
00388148510,TierPoint Little Rock,AR,Pulaski County,31845.0,34.75623579847398,-92.44472351005183,im3_us_data_center_locations,im3_us_data_center_locations.gpkg::building
00390287635,Equinix SV6,CA,Santa Clara County,21678.0,37.39960173949957,-122.01456250837072,im3_us_data_center_locations,im3_us_data_center_locations.gpkg::building
00392324240,Flexential Atlanta - Norcross,GA,Gwinnett County,32309.0,33.95476871472785,-84.19856192066597,im3_us_data_center_locations,im3_us_data_center_locations.gpkg::building
00396296733,Centersquare Lynnwood SE1,WA,Snohomish County,104460.0,47.84181079877673,-122.30169031041981,im3_us_data_center_locations,im3_us_data_center_locations.gpkg::building
00397914434,,OR,Crook County,9228.0,44.28941552511668,-120.87507749015272,im3_us_data_center_locations,im3_us_data_center_locations.gpkg::building
00400540223,Walmart Colorado Data Center,CO,El Paso County,219542.0,38.98574620589175,-104.78726998003246,im3_us_data_center_locations,im3_us_data_center_locations.gpkg::building
00405034574,Verizon,NE,Douglas County,11836.0,41.33832138450139,-96.0277741269746,im3_us_data_center_locations,im3_us_data_center_locations.gpkg::building
00405034584,Verizon,NE,Douglas County,87375.0,41.33843614997797,-96.02861432583268,im3_us_data_center_locations,im3_us_data_center_locations.gpkg::building
00408012357,George C. Wallace Alabama Supercomputer Center,AL,Madison County,14919.0,34.73654090277783,-86.67309882783594,im3_us_data_center_locations,im3_us_data_center_locations.gpkg::building
00409296605,Digital Realty Chicago ORD12,IL,Cook County,90165.0,41.928378286120044,-87.85923594325138,im3_us_data_center_locations,im3_us_data_center_locations.gpkg::building
00410408067,,WA,Grant County,36918.0,47.23763280547861,-119.86448737759345,im3_us_data_center_locations,im3_us_data_center_locations.gpkg::building
00410408073,Microsoft,WA,Grant County,151246.0,47.23947854795628,-119.88299787007462,im3_us_data_center_locations,im3_us_data_center_locations.gpkg::building
00410408074,Microsoft,WA,Grant County,147922.0,47.238574845290714,-119.88308360926234,im3_us_data_center_locations,im3_us_data_center_locations.gpkg::building
00410408079,,WA,Grant County,46835.0,47.23948769629937,-119.85940592515068,im3_us_data_center_locations,im3_us_data_center_locations.gpkg::building
00414055239,,WY,Laramie County,140780.0,41.1262309898459,-104.90187602195962,im3_us_data_center_locations,im3_us_data_center_locations.gpkg::building
00417682780,KOMO Plaza East,WA,King County,45743.0,47.619324932166734,-122.34815288067006,im3_us_data_center_locations,im3_us_data_center_locations.gpkg::building
00417682781,KOMO Plaza West,WA,King County,20239.0,47.618919759615665,-122.34859631775392,im3_us_data_center_locations,im3_us_data_center_locations.gpkg::building
00421273622,Fidelity,NE,Sarpy County,40714.0,41.16546905416773,-96.08338762268534,im3_us_data_center_locations,im3_us_data_center_locations.gpkg::building
00424945736,,CA,Los Angeles County,71500.0,33.91772905166227,-118.38631267027328,im3_us_data_center_locations,im3_us_data_center_locations.gpkg::building
00424945845,Serverfarm - LAX1,CA,Los Angeles County,119102.0,33.92174167558056,-118.38643608724031,im3_us_data_center_locations,im3_us_data_center_locations.gpkg::building
00424945852,DRT LAX12,CA,Los Angeles County,113310.0,33.9156488974591,-118.38463005026091,im3_us_data_center_locations,im3_us_data_center_locations.gpkg::building
00426586135,Google - Thornton,CO,Adams County,86059.0,39.922418557554764,-104.98324467111505,im3_us_data_center_locations,im3_us_data_center_locations.gpkg::building
00428021796,DRT LAX10,CA,Los Angeles County,66979.0,34.04732574551566,-118.25751427697325,im3_us_data_center_locations,im3_us_data_center_locations.gpkg::building
00428021816,One Wilshire,CA,Los Angeles County,43850.0,34.04789230531704,-118.25554585155656,im3_us_data_center_locations,im3_us_data_center_locations.gpkg::building
00429782814,UF Research Computing Center,FL,Alachua County,36370.0,29.672591133291224,-82.29992999372256,im3_us_data_center_locations,im3_us_data_center_locations.gpkg::building
00435324552,"CyrusOne NVA1, NVA2 & NVA3",VA,Loudoun County,265601.0,39.02594651093395,-77.41452291234779,im3_us_data_center_locations,im3_us_data_center_locations.gpkg::building
00435518280,NAP of the Americas,FL,Miami-Dade County,122625.0,25.782378977030266,-80.19307541186281,im3_us_data_center_locations,im3_us_data_center_locations.gpkg::building
00435531451,,FL,Miami-Dade County,15911.0,25.79754440402661,-80.230033722435,im3_us_data_center_locations,im3_us_data_center_locations.gpkg::building
00435817145,CyrusOne NVA5,VA,Loudoun County,506948.0,39.024327100481464,-77.43403366059391,im3_us_data_center_locations,im3_us_data_center_locations.gpkg::building
00438077632,Microsoft,IA,Dallas County,39146.0,41.540615955850996,-93.82494906980826,im3_us_data_center_locations,im3_us_data_center_locations.gpkg::building
00438078069,Facebook Altoona Data Center 1,IA,Polk County,315400.0,41.6642411277008,-93.51472775765038,im3_us_data_center_locations,im3_us_data_center_locations.gpkg::building
00438078070,Facebook Altoona Data Center 2,IA,Polk County,307370.0,41.66553719114288,-93.50817041153361,im3_us_data_center_locations,im3_us_data_center_locations.gpkg::building
00441502816,Lumen Technologies,CA,Orange County,85658.0,33.716777907497594,-117.80580094927477,im3_us_data_center_locations,im3_us_data_center_locations.gpkg::building
00444683815,Lumen,WA,Spokane County,25399.0,47.654225584825305,-117.42000258764048,im3_us_data_center_locations,im3_us_data_center_locations.gpkg::building
00447803368,,WI,Dane County,9176.0,43.06728877873921,-89.43673598135521,im3_us_data_center_locations,im3_us_data_center_locations.gpkg::building
00451413811,,CA,Santa Clara County,102004.0,37.33363768871057,-121.88797542273252,im3_us_data_center_locations,im3_us_data_center_locations.gpkg::building
00451491797,,NJ,Hudson County,150951.0,40.78413403768732,-74.06556019989502,im3_us_data_center_locations,im3_us_data_center_locations.gpkg::building
00451497833,Evocative Secaucus,NJ,Hudson County,101304.0,40.787550185315126,-74.06804834898094,im3_us_data_center_locations,im3_us_data_center_locations.gpkg::building
00452116337,BT Radianz: 492 River Road,NJ,Essex County,107857.0,40.82145355154189,-74.13418574563293,im3_us_data_center_locations,im3_us_data_center_locations.gpkg::building
00453969917,Time Warner Datacenter,CO,Arapahoe County,33804.0,39.5989600863557,-104.8603774822199,im3_us_data_center_locations,im3_us_data_center_locations.gpkg::building
00453969923,Time Warner Datacenter,CO,Arapahoe County,61435.0,39.59993080115642,-104.86018232055083,im3_us_data_center_locations,im3_us_data_center_locations.gpkg::building
00455171103,CyrusOne Austin Data Center III,TX,Travis County,189921.0,30.206993743520524,-97.7011142781365,im3_us_data_center_locations,im3_us_data_center_locations.gpkg::building
00459188722,Apollo Cable Landing Station,NJ,Monmouth County,25904.0,40.15704355065648,-74.10158204974093,im3_us_data_center_locations,im3_us_data_center_locations.gpkg::building
00459188725,Cable & Wireless Cable Landing Station,NY,Suffolk County,36746.0,40.84365992460773,-72.88334530997138,im3_us_data_center_locations,im3_us_data_center_locations.gpkg::building
00460050155,Equinix Ashburn DC10,VA,Loudoun County,152397.0,39.02101419483995,-77.45151283533546,im3_us_data_center_locations,im3_us_data_center_locations.gpkg::building
00460056017,Amazon IAD-61,VA,Loudoun County,152289.0,38.915805125747426,-77.49198694607598,im3_us_data_center_locations,im3_us_data_center_locations.gpkg::building
00460056019,Amazon IAD51,VA,Loudoun County,64127.0,38.991413813734994,-77.43650684069107,im3_us_data_center_locations,im3_us_data_center_locations.gpkg::building
00460056020,Amazon IAD56,VA,Loudoun County,78441.0,38.990567610094665,-77.43706177436276,im3_us_data_center_locations,im3_us_data_center_locations.gpkg::building
00460056023,Amazon IAD16,VA,Loudoun County,75817.0,38.99069899784283,-77.44882479290187,im3_us_data_center_locations,im3_us_data_center_locations.gpkg::building
00460056024,Amazon IAD15,VA,Loudoun County,103452.0,38.991692895450356,-77.44857953268574,im3_us_data_center_locations,im3_us_data_center_locations.gpkg::building
00460059465,Amazon IAD14,VA,Prince William County,118192.0,38.78993178096453,-77.54821678521624,im3_us_data_center_locations,im3_us_data_center_locations.gpkg::building
00460060340,Amazon IAD59,VA,Prince William County,127281.0,38.79222600770484,-77.54844963730864,im3_us_data_center_locations,im3_us_data_center_locations.gpkg::building
00460060341,Amazon IAD52,VA,Prince William County,126699.0,38.79106882111887,-77.54837196346583,im3_us_data_center_locations,im3_us_data_center_locations.gpkg::building
00460070135,,OR,Umatilla County,2605.0,45.91583559984652,-119.26632355,im3_us_data_center_locations,im3_us_data_center_locations.gpkg::building
00460070136,,OR,Umatilla County,2608.0,45.915835599846574,-119.26652739999999,im3_us_data_center_locations,im3_us_data_center_locations.gpkg::building
00460070137,,OR,Umatilla County,2605.0,45.91583559984652,-119.26672585,im3_us_data_center_locations,im3_us_data_center_locations.gpkg::building
00460070138,,OR,Umatilla County,2605.0,45.91583559984655,-119.26711214999999,im3_us_data_center_locations,im3_us_data_center_locations.gpkg::building
00460070139,,OR,Umatilla County,2605.0,45.91584309984662,-119.26731594999998,im3_us_data_center_locations,im3_us_data_center_locations.gpkg::building
00460070140,,OR,Umatilla County,2605.0,45.91583189984655,-119.26751175,im3_us_data_center_locations,im3_us_data_center_locations.gpkg::building
00460070141,,OR,Umatilla County,2605.0,45.91583559984655,-119.26771695000002,im3_us_data_center_locations,im3_us_data_center_locations.gpkg::building
00460070143,Amazon PDX2,OR,Umatilla County,133053.0,45.91640356429687,-119.26777584933069,im3_us_data_center_locations,im3_us_data_center_locations.gpkg::building
00460070144,Amazon Web Services us-west-2,OR,Morrow County,127483.0,45.841003193690035,-119.65276874957645,im3_us_data_center_locations,im3_us_data_center_locations.gpkg::building
00460070145,Amazon Web Services us-west-2,OR,Morrow County,267452.0,45.85223533738975,-119.62988821726834,im3_us_data_center_locations,im3_us_data_center_locations.gpkg::building
00460070147,Amazon Web Services us-west-2,OR,Morrow County,103260.0,45.850880751269834,-119.63052370002721,im3_us_data_center_locations,im3_us_data_center_locations.gpkg::building
00460076753,Equinix San Jose SV3,CA,Santa Clara County,109684.0,37.38826955704538,-121.88842909046676,im3_us_data_center_locations,im3_us_data_center_locations.gpkg::building
00460085343,365 Main Street Data Center,CA,San Francisco County,39318.0,37.78873103633594,-122.39046904827536,im3_us_data_center_locations,im3_us_data_center_locations.gpkg::building
00460089167,Meta Forest City datacenter,NC,Rutherford County,241126.0,35.314231256978196,-81.82213877550394,im3_us_data_center_locations,im3_us_data_center_locations.gpkg::building
00460089168,Meta Forest City datacenter,NC,Rutherford County,244176.0,35.31737236865609,-81.82632689449466,im3_us_data_center_locations,im3_us_data_center_locations.gpkg::building
00460159925,,CA,Santa Clara County,75249.0,37.40390424000007,-121.88929689106432,im3_us_data_center_locations,im3_us_data_center_locations.gpkg::building
00460159928,Csquare SFO1,CA,Santa Clara County,83921.0,37.37043804478318,-121.96982954691394,im3_us_data_center_locations,im3_us_data_center_locations.gpkg::building
00460159955,,CA,Santa Clara County,75686.0,37.371778697164096,-121.97250520730036,im3_us_data_center_locations,im3_us_data_center_locations.gpkg::building
00460167186,Intergate Columbia B,WA,Douglas County,192887.0,47.407163625794155,-120.1874901793035,im3_us_data_center_locations,im3_us_data_center_locations.gpkg::building
00460167187,Intergate Columbia A,WA,Douglas County,262378.0,47.40871425585381,-120.18929355566497,im3_us_data_center_locations,im3_us_data_center_locations.gpkg::building
00460175664,,VA,Loudoun County,35740.0,38.99422739840353,-77.44818874268246,im3_us_data_center_locations,im3_us_data_center_locations.gpkg::building
00460175666,Centersquare IAD4-A,VA,Loudoun County,77749.0,39.02173368633118,-77.45274689712927,im3_us_data_center_locations,im3_us_data_center_locations.gpkg::building
00460175672,AWS Building E,VA,Loudoun County,153355.0,39.005051586407944,-77.48561242978808,im3_us_data_center_locations,im3_us_data_center_locations.gpkg::building
00460177088,Digital Realty New Jersey EWR20,NJ,Passaic County,29614.0,40.82992945585005,-74.12674913164862,im3_us_data_center_locations,im3_us_data_center_locations.gpkg::building
00460182320,CyrusOne Somerset,NJ,Somerset County,318583.0,40.537986381868514,-74.54565865822576,im3_us_data_center_locations,im3_us_data_center_locations.gpkg::building
00460182335,BNY Mellon Somerset,NJ,Somerset County,121002.0,40.53601964911133,-74.5534089707814,im3_us_data_center_locations,im3_us_data_center_locations.gpkg::building
00460182337,,NJ,Somerset County,125668.0,40.537538352599995,-74.55554039982248,im3_us_data_center_locations,im3_us_data_center_locations.gpkg::building
00460182351,Digital Realty New Jersey EWR21,NJ,Passaic County,71645.0,40.83058580151704,-74.12451439724033,im3_us_data_center_locations,im3_us_data_center_locations.gpkg::building
00460212563,,CA,Los Angeles County,43140.0,34.19986910792885,-118.34378887471212,im3_us_data_center_locations,im3_us_data_center_locations.gpkg::building
00463571875,Amazon IAD78,VA,Loudoun County,147979.0,39.026368042625414,-77.44952022668694,im3_us_data_center_locations,im3_us_data_center_locations.gpkg::building
00463571876,Amazon IAD79,VA,Loudoun County,148678.0,39.026357370464034,-77.45087034712718,im3_us_data_center_locations,im3_us_data_center_locations.gpkg::building
00464097467,,NV,Washoe County,276687.0,39.56710538351869,-119.54857352752407,im3_us_data_center_locations,im3_us_data_center_locations.gpkg::building
00464371693,Kaiser Data Center,CA,Napa County,162791.0,38.254085135435545,-122.2730981200017,im3_us_data_center_locations,im3_us_data_center_locations.gpkg::building
00465032201,Lumen Dallas - 3180 Irving Blvd.,TX,Dallas County,80859.0,32.806954885472585,-96.86858877539873,im3_us_data_center_locations,im3_us_data_center_locations.gpkg::building
00465032380,Prime DFW01-01,TX,Dallas County,88881.0,32.83796688361756,-96.87839306215342,im3_us_data_center_locations,im3_us_data_center_locations.gpkg::building
00465032484,Lumen Dallas 6,TX,Dallas County,12977.0,32.82799793180718,-96.88438205812223,im3_us_data_center_locations,im3_us_data_center_locations.gpkg::building
00465032487,Digital Realty DFW36,TX,Dallas County,24499.0,32.82754986077816,-96.87374979541197,im3_us_data_center_locations,im3_us_data_center_locations.gpkg::building
00465032631,DataBank Dallas Empire Central Data Center,TX,Dallas County,67717.0,32.82173820429836,-96.87359763406623,im3_us_data_center_locations,im3_us_data_center_locations.gpkg::building
00465042594,TierPoint Dallas Data Center,TX,Dallas County,71358.0,32.807972677629614,-96.85735461854576,im3_us_data_center_locations,im3_us_data_center_locations.gpkg::building
00465062052,Amazon IAD87,VA,Loudoun County,147390.0,38.99181366629844,-77.44116774003697,im3_us_data_center_locations,im3_us_data_center_locations.gpkg::building
00465062053,Amazon IAD88,VA,Loudoun County,147468.0,38.99096434751658,-77.44187048800238,im3_us_data_center_locations,im3_us_data_center_locations.gpkg::building
00465530450,Verizon,CO,Arapahoe County,8059.0,39.58924804995954,-104.87793294999813,im3_us_data_center_locations,im3_us_data_center_locations.gpkg::building
00468707940,Stream Data Centers PHX-1,AZ,Maricopa County,413250.0,33.41949068772329,-112.35998844515763,im3_us_data_center_locations,im3_us_data_center_locations.gpkg::building
00471658485,Live Oak Data Center,TX,Dallas County,49853.0,32.78371232090692,-96.79457490220035,im3_us_data_center_locations,im3_us_data_center_locations.gpkg::building
00471691760,Flexential Portland - Hillsboro 2,OR,Washington County,214259.0,45.558285521867774,-122.91709178475038,im3_us_data_center_locations,im3_us_data_center_locations.gpkg::building
00472761713,NYSE Data Center,NJ,Bergen County,200804.0,41.078302339181775,-74.15291807503208,im3_us_data_center_locations,im3_us_data_center_locations.gpkg::building
00472954201,AT&T,CA,Los Angeles County,17388.0,34.57998399250564,-118.11402444850229,im3_us_data_center_locations,im3_us_data_center_locations.gpkg::building
00476609221,,CO,El Paso County,42627.0,38.80265970986479,-104.52196604272531,im3_us_data_center_locations,im3_us_data_center_locations.gpkg::building
00480762078,Juniper,OR,Clackamas County,24854.0,45.31873065187943,-122.76587362101382,im3_us_data_center_locations,im3_us_data_center_locations.gpkg::building
00483286527,,TX,Collin County,108401.0,33.00929860932998,-96.6765444557892,im3_us_data_center_locations,im3_us_data_center_locations.gpkg::building
00483307714,Tierpoint Dallas-Allen,TX,Collin County,30651.0,33.137934223084564,-96.65737558964423,im3_us_data_center_locations,im3_us_data_center_locations.gpkg::building
00487170215,,TX,Harris County,352246.0,30.018697853415755,-95.86367622394388,im3_us_data_center_locations,im3_us_data_center_locations.gpkg::building
00490997243,Amazon IAD73,VA,Prince William County,146162.0,38.77797945837826,-77.55909921912577,im3_us_data_center_locations,im3_us_data_center_locations.gpkg::building
00490997244,Amazon IAD74,VA,Prince William County,147480.0,38.777436934620916,-77.55789122919084,im3_us_data_center_locations,im3_us_data_center_locations.gpkg::building
00491914767,H5 Data Center,OH,Cuyahoga County,71439.0,41.50635749142958,-81.6835984766603,im3_us_data_center_locations,im3_us_data_center_locations.gpkg::building
00492699069,TPx Colocation Datacenter,CA,Orange County,37065.0,33.70750645042811,-117.84410419953558,im3_us_data_center_locations,im3_us_data_center_locations.gpkg::building
00497151852,Cologix Jacksonville JAX1,FL,Duval County,30201.0,30.331429818851134,-81.66242566977944,im3_us_data_center_locations,im3_us_data_center_locations.gpkg::building
00499403180,Microsoft,WA,Grant County,143439.0,47.23948680981334,-119.8874068597649,im3_us_data_center_locations,im3_us_data_center_locations.gpkg::building
00499403698,,WA,Grant County,44446.0,47.238560686211635,-119.86445275389522,im3_us_data_center_locations,im3_us_data_center_locations.gpkg::building
00499403699,,WA,Grant County,138534.0,47.24760077002591,-119.82542905367349,im3_us_data_center_locations,im3_us_data_center_locations.gpkg::building
00500820007,Facebook Fort Worth Datacenter,TX,Tarrant County,634395.0,32.98378403788744,-97.25934313221771,im3_us_data_center_locations,im3_us_data_center_locations.gpkg::building
00502927599,Data Center Lenexa,KS,Johnson County,44552.0,38.92517007028676,-94.77028959106379,im3_us_data_center_locations,im3_us_data_center_locations.gpkg::building
00507673418,CITIGROUP TECHNOLOGY INC,TX,Denton County,242536.0,33.00638147848431,-97.24529013457189,im3_us_data_center_locations,im3_us_data_center_locations.gpkg::building
00507673437,QTS Data Center,TX,Tarrant County,277996.0,32.98885535912591,-97.25920173475927,im3_us_data_center_locations,im3_us_data_center_locations.gpkg::building
00509611423,Lowe's Data Center,TX,Bexar County,55066.0,29.472846040284345,-98.68954665082217,im3_us_data_center_locations,im3_us_data_center_locations.gpkg::building
00509611426,,TX,Bexar County,48815.0,29.470344479093157,-98.68620953197289,im3_us_data_center_locations,im3_us_data_center_locations.gpkg::building
00509611429,,TX,Bexar County,68591.0,29.470223440456333,-98.68765019924955,im3_us_data_center_locations,im3_us_data_center_locations.gpkg::building
00509611432,CyrusOne San Antonio I,TX,Bexar County,102327.0,29.46655501468974,-98.68811007066918,im3_us_data_center_locations,im3_us_data_center_locations.gpkg::building
00509611436,Valero Wiserman,TX,Bexar County,58304.0,29.474285413407838,-98.68006447609893,im3_us_data_center_locations,im3_us_data_center_locations.gpkg::building
00509611437,Stream San Antonio II,TX,Bexar County,71324.0,29.472016548814928,-98.67173678230641,im3_us_data_center_locations,im3_us_data_center_locations.gpkg::building
00509611438,CyrusOne San Antonio II,TX,Bexar County,108554.0,29.47084945067936,-98.67299896081857,im3_us_data_center_locations,im3_us_data_center_locations.gpkg::building
00509611439,CyrusOne San Antonio III,TX,Bexar County,100537.0,29.47004426742346,-98.67219273225999,im3_us_data_center_locations,im3_us_data_center_locations.gpkg::building
00516686211,Spectrum Charlotte National Data Center,NC,Mecklenburg County,93604.0,35.142789017171076,-80.91620847296733,im3_us_data_center_locations,im3_us_data_center_locations.gpkg::building
00517411076,,OR,Crook County,377457.0,44.28888249144302,-120.87012500756974,im3_us_data_center_locations,im3_us_data_center_locations.gpkg::building
00523886201,Cyxtera Tampa TP1,FL,Hillsborough County,97332.0,27.94553184264413,-82.35116156727058,im3_us_data_center_locations,im3_us_data_center_locations.gpkg::building
00526806006,QTS Irving - Dallas Data Center Campus,TX,Dallas County,306213.0,32.89728320232041,-96.98278763369082,im3_us_data_center_locations,im3_us_data_center_locations.gpkg::building
00530024353,Centersquare Lisle ORD4 Data Center,IL,DuPage County,361205.0,41.80234062646393,-88.09488558888414,im3_us_data_center_locations,im3_us_data_center_locations.gpkg::building
00530982335,GoDaddy - Gilbert,AZ,Maricopa County,91811.0,33.36191382983084,-111.83930897383503,im3_us_data_center_locations,im3_us_data_center_locations.gpkg::building
00531709017,AT&T Center,CA,San Diego County,88910.0,32.74757512655355,-117.15894804229632,im3_us_data_center_locations,im3_us_data_center_locations.gpkg::building
00533842335,,TN,Davidson County,10355.0,36.14048086552297,-86.76414722152771,im3_us_data_center_locations,im3_us_data_center_locations.gpkg::building
00536784688,CenturyLink,GA,Fulton County,23046.0,33.76514415943699,-84.38373631254974,im3_us_data_center_locations,im3_us_data_center_locations.gpkg::building
00537172525,,WY,Laramie County,62914.0,41.124032949239215,-104.8980886,im3_us_data_center_locations,im3_us_data_center_locations.gpkg::building
00537172526,,WY,Laramie County,67797.0,41.124036799320784,-104.8992687499629,im3_us_data_center_locations,im3_us_data_center_locations.gpkg::building
00537172527,,WY,Laramie County,62555.0,41.12528359932865,-104.89927145,im3_us_data_center_locations,im3_us_data_center_locations.gpkg::building
00537172528,,WY,Laramie County,63264.0,41.12528676311575,-104.89808331876364,im3_us_data_center_locations,im3_us_data_center_locations.gpkg::building
00537807168,Expedient Pittsburgh South,PA,Allegheny County,27441.0,40.42737727783291,-80.04253151075422,im3_us_data_center_locations,im3_us_data_center_locations.gpkg::building
00543117031,Centersquare: Phoenix - (PHX1 - Mesa),AZ,Maricopa County,57992.0,33.421284262350255,-111.85899423023753,im3_us_data_center_locations,im3_us_data_center_locations.gpkg::building
00543316327,,TX,Harris County,264173.0,29.99520064778405,-95.56325379028314,im3_us_data_center_locations,im3_us_data_center_locations.gpkg::building
00543404966,,TX,Harris County,113970.0,29.997307161324283,-95.56398536553905,im3_us_data_center_locations,im3_us_data_center_locations.gpkg::building
00544536822,Liquid Web,MI,Eaton County,23079.0,42.687951324568324,-84.64299464110024,im3_us_data_center_locations,im3_us_data_center_locations.gpkg::building
00544596573,Amazon IAD63,VA,Loudoun County,143980.0,38.9168847531172,-77.49325147292357,im3_us_data_center_locations,im3_us_data_center_locations.gpkg::building
00545060574,"Liquid Web, Inc",MI,Eaton County,72843.0,42.70539040001097,-84.66608910001226,im3_us_data_center_locations,im3_us_data_center_locations.gpkg::building
00545396372,Amazon IAD62,VA,Loudoun County,149941.0,38.94932164782646,-77.51987469094145,im3_us_data_center_locations,im3_us_data_center_locations.gpkg::building
00545704217,,GA,Cobb County,18558.0,34.0707036329806,-84.67590752731094,im3_us_data_center_locations,im3_us_data_center_locations.gpkg::building
00545895086,ADP South Dakota,SD,Minnehaha County,243125.0,43.59991456599551,-96.79470699634727,im3_us_data_center_locations,im3_us_data_center_locations.gpkg::building
00547156394,TJX Corporate Techno,OH,Franklin County,102681.0,40.10386011394031,-82.81062585456809,im3_us_data_center_locations,im3_us_data_center_locations.gpkg::building
00547156405,Compugen New Albany,OH,Franklin County,44250.0,40.104550038254644,-82.80494540049781,im3_us_data_center_locations,im3_us_data_center_locations.gpkg::building
00547277699,Compugen New Albany,OH,Franklin County,32222.0,40.10367720079985,-82.80893932428502,im3_us_data_center_locations,im3_us_data_center_locations.gpkg::building
00548184239,Flexential Dallas - Richardson,TX,Collin County,68520.0,32.99481331799373,-96.7525015956488,im3_us_data_center_locations,im3_us_data_center_locations.gpkg::building
00549418041,Experian McKinney Data Center,TX,Collin County,76624.0,33.17179580069162,-96.72550500041572,im3_us_data_center_locations,im3_us_data_center_locations.gpkg::building
00551387747,,OH,Franklin County,56266.0,40.115717015784234,-83.00256546104873,im3_us_data_center_locations,im3_us_data_center_locations.gpkg::building
00553223628,Stack Infrastructure,CA,Santa Clara County,78105.0,37.40255873642884,-121.89338203369857,im3_us_data_center_locations,im3_us_data_center_locations.gpkg::building
00553223629,Stack Infrastructure,CA,Santa Clara County,107993.0,37.402212525793644,-121.89238428102912,im3_us_data_center_locations,im3_us_data_center_locations.gpkg::building
00553884511,Carfax,MO,Boone County,39487.0,38.9235119701765,-92.28862384290709,im3_us_data_center_locations,im3_us_data_center_locations.gpkg::building
00556564909,Facebook Altoona Data Center 3,IA,Polk County,377755.0,41.667071422446156,-93.50646556541807,im3_us_data_center_locations,im3_us_data_center_locations.gpkg::building
00556599693,Amazon IAD71,VA,Loudoun County,121176.0,39.02790807231044,-77.4575028799799,im3_us_data_center_locations,im3_us_data_center_locations.gpkg::building
00556599694,Amazon IAD50,VA,Loudoun County,202194.0,39.02956976120693,-77.45968288935686,im3_us_data_center_locations,im3_us_data_center_locations.gpkg::building
00556599695,Amazon IAD60,VA,Loudoun County,110965.0,39.02877370248201,-77.4582461041282,im3_us_data_center_locations,im3_us_data_center_locations.gpkg::building
00562775657,Amazon Web Services  CMH50,OH,Licking County,161683.0,40.09462975659448,-82.75133937578003,im3_us_data_center_locations,im3_us_data_center_locations.gpkg::building
00567575425,,AZ,Maricopa County,1263277.0,33.34702102097167,-111.60413892780115,im3_us_data_center_locations,im3_us_data_center_locations.gpkg::building
00570397131,Thin-nology,TX,Travis County,9209.0,30.421141229242764,-97.59160304354108,im3_us_data_center_locations,im3_us_data_center_locations.gpkg::building
00571010571,CyrusOne Norwalk,CT,Western Connecticut Planning Region,77778.0,41.11309235035119,-73.38864944847491,im3_us_data_center_locations,im3_us_data_center_locations.gpkg::building
00577628941,Data Foundry - Texas 2,TX,Travis County,104857.0,30.19958813781982,-97.71307641626001,im3_us_data_center_locations,im3_us_data_center_locations.gpkg::building
00578443547,Microsoft - Azure Datacenter,IL,Cook County,306766.0,41.923005619536646,-87.91824122484651,im3_us_data_center_locations,im3_us_data_center_locations.gpkg::building
00581234765,Cloud Storage Corp,KS,Ellis County,11561.0,38.87213220021316,-99.30018745000542,im3_us_data_center_locations,im3_us_data_center_locations.gpkg::building
00585998677,Switch Las Vegas 8,NV,Clark County,264412.0,36.057833939238215,-115.21425795862818,im3_us_data_center_locations,im3_us_data_center_locations.gpkg::building
00585998678,Switch Las Vegas 9,NV,Clark County,286176.0,36.055707545706994,-115.21962787172575,im3_us_data_center_locations,im3_us_data_center_locations.gpkg::building
00587103676,,TX,Harris County,98195.0,29.82150611372374,-95.57078462369283,im3_us_data_center_locations,im3_us_data_center_locations.gpkg::building
00589070714,Information Technology Data Center,NH,Rockingham County,7733.0,42.982091089771785,-70.9505927450425,im3_us_data_center_locations,im3_us_data_center_locations.gpkg::building
00589360530,Digital Fortress Lynnwood,WA,Snohomish County,24944.0,47.822425185435094,-122.28956096659816,im3_us_data_center_locations,im3_us_data_center_locations.gpkg::building
00590213770,,TX,Collin County,33064.0,33.13780536915544,-96.65592593395881,im3_us_data_center_locations,im3_us_data_center_locations.gpkg::building
00590213771,CyrusOne Allen,TX,Collin County,271378.0,33.13852055876386,-96.65995157388973,im3_us_data_center_locations,im3_us_data_center_locations.gpkg::building
00592171280,Amazon Web Services us-west-2,OR,Morrow County,151857.0,45.8404435353901,-119.65497937870387,im3_us_data_center_locations,im3_us_data_center_locations.gpkg::building
00592257327,Amazon PDX51/54,OR,Umatilla County,260806.0,45.91744776004561,-119.26773387516516,im3_us_data_center_locations,im3_us_data_center_locations.gpkg::building
00596690174,Amazon IAD80,VA,Loudoun County,150443.0,39.027108657277445,-77.4528288502262,im3_us_data_center_locations,im3_us_data_center_locations.gpkg::building
00596690175,Equinix Ashburn DC12,VA,Loudoun County,96380.0,39.023006641544804,-77.44975813852024,im3_us_data_center_locations,im3_us_data_center_locations.gpkg::building
00597835788,Stream DFW IV,TX,Collin County,19684.0,33.000144175089304,-96.66164643777843,im3_us_data_center_locations,im3_us_data_center_locations.gpkg::building
00597876719,Rackspace Richardson DFW3,TX,Dallas County,112950.0,32.96478869284149,-96.71587662115734,im3_us_data_center_locations,im3_us_data_center_locations.gpkg::building
00597876721,Digital Realty Dallas DFW17,TX,Dallas County,83615.0,32.966281179214505,-96.71321200734354,im3_us_data_center_locations,im3_us_data_center_locations.gpkg::building
00597876722,Digital Realty Dallas DFW29,TX,Dallas County,122436.0,32.96723267704503,-96.71054642217494,im3_us_data_center_locations,im3_us_data_center_locations.gpkg::building
00597876723,,TX,Dallas County,62460.0,32.96625357197764,-96.71119611224063,im3_us_data_center_locations,im3_us_data_center_locations.gpkg::building
00597876724,Digital Realty Dallas DFW28,TX,Dallas County,122015.0,32.96724066068804,-96.7133081589403,im3_us_data_center_locations,im3_us_data_center_locations.gpkg::building
00597876726,Digital Realty Dallas DFW35,TX,Dallas County,116539.0,32.96504621467304,-96.71029113488274,im3_us_data_center_locations,im3_us_data_center_locations.gpkg::building
00597876730,Digital Realty Dallas DFW18,TX,Dallas County,222335.0,32.96520380450456,-96.71260861653485,im3_us_data_center_locations,im3_us_data_center_locations.gpkg::building
00597876798,Digital Realty Dallas DFW16,TX,Dallas County,109470.0,32.96607650613046,-96.71558720321119,im3_us_data_center_locations,im3_us_data_center_locations.gpkg::building
00597970806,Digital Realty Northern Virginia IAD36,VA,Loudoun County,112516.0,39.00155183162294,-77.47934369722755,im3_us_data_center_locations,im3_us_data_center_locations.gpkg::building
00597970809,Digital Realty Northern Virginia IAD35,VA,Loudoun County,206225.0,39.00051142251577,-77.48059544638194,im3_us_data_center_locations,im3_us_data_center_locations.gpkg::building
00597970811,Digital Realty Northern Virginia IAD37,VA,Loudoun County,144298.0,39.00000986435985,-77.47806996501424,im3_us_data_center_locations,im3_us_data_center_locations.gpkg::building
00597970813,Digital Realty Northern Virginia IAD38,VA,Loudoun County,114543.0,39.00110985023303,-77.47718416154996,im3_us_data_center_locations,im3_us_data_center_locations.gpkg::building
00598261190,State Farm Data Center,KS,Johnson County,198601.0,38.94011284438559,-94.86768784080611,im3_us_data_center_locations,im3_us_data_center_locations.gpkg::building
00598263496,U.S. Bank National Data Process Center,KS,Johnson County,162098.0,38.93564309846072,-94.8644712263048,im3_us_data_center_locations,im3_us_data_center_locations.gpkg::building
00600806974,Equinix SV10,CA,Santa Clara County,86340.0,37.241198528847725,-121.78476265158875,im3_us_data_center_locations,im3_us_data_center_locations.gpkg::building
00607483487,,NJ,Gloucester County,41058.0,39.83093011411571,-75.19532326682351,im3_us_data_center_locations,im3_us_data_center_locations.gpkg::building
00607753694,,NE,Douglas County,38873.0,41.22040844920032,-96.14761886051996,im3_us_data_center_locations,im3_us_data_center_locations.gpkg::building
00609126465,,FL,Orange County,107548.0,28.61746822748528,-81.39343863284896,im3_us_data_center_locations,im3_us_data_center_locations.gpkg::building
00610827836,Google,SC,Berkeley County,146623.0,33.064272175156404,-80.04145344691864,im3_us_data_center_locations,im3_us_data_center_locations.gpkg::building
00610845529,TierPoint Baltimore BWI,MD,Anne Arundel County,33372.0,39.213451704107996,-76.6828450662765,im3_us_data_center_locations,im3_us_data_center_locations.gpkg::building
00610977485,NTT Ashburn VA2 Data Center,VA,Loudoun County,74197.0,39.025010324380084,-77.45763923535499,im3_us_data_center_locations,im3_us_data_center_locations.gpkg::building
00611308188,Strata Networks,UT,Uintah County,12971.0,40.456593451731784,-109.52899881097022,im3_us_data_center_locations,im3_us_data_center_locations.gpkg::building
00612045611,Goldman Sachs,NJ,Somerset County,276729.0,40.570372202161614,-74.67032960036524,im3_us_data_center_locations,im3_us_data_center_locations.gpkg::building
00615593145,Mapletree Industrial,GA,Fulton County,116842.0,34.09658361289754,-84.23739137243545,im3_us_data_center_locations,im3_us_data_center_locations.gpkg::building
00617194689,Switch Las Vegas 11,NV,Clark County,230261.0,36.05588519591084,-115.21413677748545,im3_us_data_center_locations,im3_us_data_center_locations.gpkg::building
00617511179,Genome Data Center,MO,St. Louis city,24519.0,38.63656882805553,-90.25539338967405,im3_us_data_center_locations,im3_us_data_center_locations.gpkg::building
00618339179,365 Bridgewater NJ,NJ,Somerset County,28468.0,40.58147446747312,-74.57387794234592,im3_us_data_center_locations,im3_us_data_center_locations.gpkg::building
00626281456,AngelTrax Data Center,AL,Houston County,10736.0,31.231904196338384,-85.45584883805839,im3_us_data_center_locations,im3_us_data_center_locations.gpkg::building
00626785488,Meta,NM,Valencia County,654433.0,34.830246608460115,-106.78382909936067,im3_us_data_center_locations,im3_us_data_center_locations.gpkg::building
00633034071,Amazon Web Services us-west-2,OR,Morrow County,284033.0,45.841413570882,-119.65793309033623,im3_us_data_center_locations,im3_us_data_center_locations.gpkg::building
00634635617,Centeris SH2 Build-to-Suit,WA,Pierce County,93539.0,47.15884380411734,-122.27986153681454,im3_us_data_center_locations,im3_us_data_center_locations.gpkg::building
00634638463,Centeris SH1 Colocation,WA,Pierce County,115786.0,47.16085522590024,-122.27930643656472,im3_us_data_center_locations,im3_us_data_center_locations.gpkg::building
00639176155,Microsoft TRP2,TX,Bexar County,169781.0,29.41195432542485,-98.80398520347534,im3_us_data_center_locations,im3_us_data_center_locations.gpkg::building
00639176157,Microsoft TRP1,TX,Bexar County,177468.0,29.41201232003809,-98.80273022506277,im3_us_data_center_locations,im3_us_data_center_locations.gpkg::building
00649319778,Digital Realty ACC7,VA,Loudoun County,409481.0,39.01753209282454,-77.46564263578887,im3_us_data_center_locations,im3_us_data_center_locations.gpkg::building
00649365751,NTT Ashburn VA3 Data Center,VA,Loudoun County,231924.0,39.017182329202555,-77.47037644027546,im3_us_data_center_locations,im3_us_data_center_locations.gpkg::building
00649365764,Digital Realty ACC9,VA,Loudoun County,329257.0,39.015466253556106,-77.46731852528755,im3_us_data_center_locations,im3_us_data_center_locations.gpkg::building
00650412346,Flexential Dallas - Plano,TX,Collin County,217850.0,33.00705207090953,-96.66635359923826,im3_us_data_center_locations,im3_us_data_center_locations.gpkg::building
00652034566,,NC,Catawba County,207083.0,35.58705991324804,-81.26027296867808,im3_us_data_center_locations,im3_us_data_center_locations.gpkg::building
00664938835,Expedient Milwaukee,WI,Milwaukee County,26099.0,42.86317702172799,-87.97785780206577,im3_us_data_center_locations,im3_us_data_center_locations.gpkg::building
00667573133,Amazon Web Services,VA,Prince William County,149064.0,38.779381509444576,-77.54172453948773,im3_us_data_center_locations,im3_us_data_center_locations.gpkg::building
00667796922,Oxford Networks,ME,Cumberland County,55383.0,43.895071082625066,-69.92315054547124,im3_us_data_center_locations,im3_us_data_center_locations.gpkg::building
00671301768,Meta New Albany Data Center,OH,Licking County,663238.0,40.06840826479164,-82.7503408359755,im3_us_data_center_locations,im3_us_data_center_locations.gpkg::building
00671838900,Rice Data Center,TX,Harris County,25487.0,29.65814636487484,-95.44332796622497,im3_us_data_center_locations,im3_us_data_center_locations.gpkg::building
00673145182,Facebook Fort Worth Datacenter,TX,Tarrant County,435206.0,32.984993663270515,-97.25507514509351,im3_us_data_center_locations,im3_us_data_center_locations.gpkg::building
00673532692,Amazon Web Services,OH,Franklin County,161809.0,40.06115215749759,-83.13517288858029,im3_us_data_center_locations,im3_us_data_center_locations.gpkg::building
00693381106,Amazon IAD68,VA,Loudoun County,181794.0,38.94868695570169,-77.52095152964785,im3_us_data_center_locations,im3_us_data_center_locations.gpkg::building
00693381107,Amazon IAD81,VA,Loudoun County,184907.0,38.94838582329714,-77.52183101959601,im3_us_data_center_locations,im3_us_data_center_locations.gpkg::building
00693385812,Google,VA,Loudoun County,215928.0,38.943153938233976,-77.5243689977558,im3_us_data_center_locations,im3_us_data_center_locations.gpkg::building
00693390022,Amazon IAD120,VA,Loudoun County,188334.0,38.95792208165856,-77.49806149327199,im3_us_data_center_locations,im3_us_data_center_locations.gpkg::building
00693390023,Amazon IAD121,VA,Loudoun County,154814.0,38.95678305314267,-77.49778688217901,im3_us_data_center_locations,im3_us_data_center_locations.gpkg::building
00694493125,Microsoft,WA,Grant County,112036.0,47.237656787997864,-119.88757256028282,im3_us_data_center_locations,im3_us_data_center_locations.gpkg::building
00694493126,Microsoft,WA,Grant County,116001.0,47.23762824027307,-119.88319809847748,im3_us_data_center_locations,im3_us_data_center_locations.gpkg::building
00694493127,Microsoft,WA,Grant County,157191.0,47.23672160801631,-119.88329009579327,im3_us_data_center_locations,im3_us_data_center_locations.gpkg::building
00694493128,Microsoft,WA,Grant County,162608.0,47.236737102694434,-119.88747588150468,im3_us_data_center_locations,im3_us_data_center_locations.gpkg::building
00694602725,Vantage WA12,WA,Grant County,124695.0,47.25394644110428,-119.81372107907391,im3_us_data_center_locations,im3_us_data_center_locations.gpkg::building
00696978351,,VA,Loudoun County,48591.0,39.01202683336312,-77.47156052841791,im3_us_data_center_locations,im3_us_data_center_locations.gpkg::building
00697020849,Amazon IAD58,VA,Loudoun County,136770.0,38.986278739590496,-77.44184182852638,im3_us_data_center_locations,im3_us_data_center_locations.gpkg::building
00697020850,Amazon IAD57,VA,Loudoun County,116533.0,38.98699723329166,-77.44263838662451,im3_us_data_center_locations,im3_us_data_center_locations.gpkg::building
00697021948,Amazon IAD64,VA,Prince William County,147547.0,38.815132406574214,-77.65291934437082,im3_us_data_center_locations,im3_us_data_center_locations.gpkg::building
00697413741,Amazon PDX57/60,OR,Umatilla County,271590.0,45.913883188873065,-119.26771376022246,im3_us_data_center_locations,im3_us_data_center_locations.gpkg::building
00697415321,Amazon Web Services us-west-2,OR,Morrow County,123601.0,45.84117425838994,-119.65544902618971,im3_us_data_center_locations,im3_us_data_center_locations.gpkg::building
00697415323,Amazon Web Services us-west-2,OR,Morrow County,263671.0,45.853786061670256,-119.6300360999594,im3_us_data_center_locations,im3_us_data_center_locations.gpkg::building
00697417726,Amazon Web Services us-west-2,OR,Morrow County,211981.0,45.84665532541318,-119.60370922412669,im3_us_data_center_locations,im3_us_data_center_locations.gpkg::building
00701923200,QTS Ashburn 1,VA,Loudoun County,164144.0,38.99951534656983,-77.45017109526839,im3_us_data_center_locations,im3_us_data_center_locations.gpkg::building
00701923202,Digital Realty Northern Virginia IAD40,VA,Loudoun County,244372.0,39.00645434248415,-77.46725431679586,im3_us_data_center_locations,im3_us_data_center_locations.gpkg::building
00701923203,Digital Realty Northern Virginia IAD39,VA,Loudoun County,549223.0,39.0077179647985,-77.46762344628391,im3_us_data_center_locations,im3_us_data_center_locations.gpkg::building
00701923204,Digital Realty ACC10,VA,Loudoun County,289043.0,39.01270664038011,-77.46553606881868,im3_us_data_center_locations,im3_us_data_center_locations.gpkg::building
00701924664,,VA,Loudoun County,224621.0,39.00065496674865,-77.43982021083254,im3_us_data_center_locations,im3_us_data_center_locations.gpkg::building
00701924665,Vantage VA11,VA,Loudoun County,127578.0,39.00239460734178,-77.43766056847713,im3_us_data_center_locations,im3_us_data_center_locations.gpkg::building
00701924667,Amazon IAD90,VA,Loudoun County,147749.0,38.988603084770965,-77.41165153795028,im3_us_data_center_locations,im3_us_data_center_locations.gpkg::building
00701924668,Amazon IAD91,VA,Loudoun County,149486.0,38.987847160473734,-77.4111191682655,im3_us_data_center_locations,im3_us_data_center_locations.gpkg::building
00701924669,Amazon IAD92,VA,Loudoun County,149857.0,38.98694260549739,-77.41047540861862,im3_us_data_center_locations,im3_us_data_center_locations.gpkg::building
00701929066,Amazon IAD144,VA,Loudoun County,150384.0,38.981642917536455,-77.42742182982602,im3_us_data_center_locations,im3_us_data_center_locations.gpkg::building
00701930919,CyrusOne NVA8,VA,Loudoun County,154011.0,39.021167383773054,-77.41322000920242,im3_us_data_center_locations,im3_us_data_center_locations.gpkg::building
00701930920,Amazon IAD98,VA,Loudoun County,150826.0,39.02022492908554,-77.43388565556346,im3_us_data_center_locations,im3_us_data_center_locations.gpkg::building
00701930921,Amazon IAD99,VA,Loudoun County,150804.0,39.01916893584491,-77.43402989103284,im3_us_data_center_locations,im3_us_data_center_locations.gpkg::building
00701930929,Amazon IAD114,VA,Loudoun County,148005.0,39.03549407754049,-77.45069857065232,im3_us_data_center_locations,im3_us_data_center_locations.gpkg::building
00701930930,Amazon IAD115,VA,Loudoun County,146333.0,39.03629402145032,-77.44979480828684,im3_us_data_center_locations,im3_us_data_center_locations.gpkg::building
00701931819,Amazon IAD65,VA,Loudoun County,151356.0,38.917010722177295,-77.49436645394151,im3_us_data_center_locations,im3_us_data_center_locations.gpkg::building
00701931820,Amazon IAD150,VA,Loudoun County,213595.0,38.91607635389445,-77.47725088518797,im3_us_data_center_locations,im3_us_data_center_locations.gpkg::building
00706081342,,NM,Bernalillo County,43011.0,35.04834871785767,-106.54217512466619,im3_us_data_center_locations,im3_us_data_center_locations.gpkg::building
00706759844,,OR,Crook County,344665.0,44.28727726878123,-120.87021590519326,im3_us_data_center_locations,im3_us_data_center_locations.gpkg::building
00706759845,,OR,Crook County,328376.0,44.29368315614664,-120.88151890467707,im3_us_data_center_locations,im3_us_data_center_locations.gpkg::building
00706776322,Amazon PDX80,OR,Umatilla County,215703.0,45.79780879526037,-119.36661621765712,im3_us_data_center_locations,im3_us_data_center_locations.gpkg::building
00708916484,,VA,Loudoun County,144382.0,39.01541716578102,-77.47827343879716,im3_us_data_center_locations,im3_us_data_center_locations.gpkg::building
00710070925,Google Data Center,VA,Loudoun County,140634.0,39.052640581183034,-77.53957659001316,im3_us_data_center_locations,im3_us_data_center_locations.gpkg::building
00713410334,Centersquare Atlanta ATL1,GA,Douglas County,249314.0,33.74422840992556,-84.58121647346032,im3_us_data_center_locations,im3_us_data_center_locations.gpkg::building
00713428715,Digital Realty CH3,IL,Cook County,348220.0,41.99439647260606,-87.96490377244766,im3_us_data_center_locations,im3_us_data_center_locations.gpkg::building
00713433204,Digital Realty CH2,IL,Cook County,302974.0,41.994463823169475,-87.95773561339534,im3_us_data_center_locations,im3_us_data_center_locations.gpkg::building
00714139865,Equinix Secaucus NY6,NJ,Hudson County,70938.0,40.77751886890039,-74.07270033730751,im3_us_data_center_locations,im3_us_data_center_locations.gpkg::building
00714943309,PSE&G Delivery Emergency Response Center,NJ,Somerset County,85030.0,40.57989412652374,-74.51939325696017,im3_us_data_center_locations,im3_us_data_center_locations.gpkg::building
00718465287,Epic / Mayo Data Center,MN,Olmsted County,48317.0,44.07081644375691,-92.52212055150673,im3_us_data_center_locations,im3_us_data_center_locations.gpkg::building
00726150321,Choctaw Nation of Oklahoma Data Center,OK,Bryan County,13494.0,33.971721452767405,-96.4028549048576,im3_us_data_center_locations,im3_us_data_center_locations.gpkg::building
00729192992,QTS Data Center Bld 1,OR,Washington County,157854.0,45.558767154104125,-122.92783045218715,im3_us_data_center_locations,im3_us_data_center_locations.gpkg::building
00729376485,,NJ,Middlesex County,159389.0,40.584343135171615,-74.24350729682128,im3_us_data_center_locations,im3_us_data_center_locations.gpkg::building
00729696933,Flexential Salt Lake City - Downtown,UT,Salt Lake County,63362.0,40.756306581410776,-111.95483766374481,im3_us_data_center_locations,im3_us_data_center_locations.gpkg::building
00733721782,Oregon State Data Center,OR,Marion County,46536.0,44.92654909196885,-123.00186141171869,im3_us_data_center_locations,im3_us_data_center_locations.gpkg::building
00734323663,Digital Realty PDX11 Data Center,OR,Washington County,283056.0,45.56799342826786,-122.91685270250117,im3_us_data_center_locations,im3_us_data_center_locations.gpkg::building
00741629998,Flexential Fort Lauderdale,FL,Broward County,73580.0,26.190085718944182,-80.19329665075328,im3_us_data_center_locations,im3_us_data_center_locations.gpkg::building
00744177375,,TX,Montgomery County,126121.0,30.17778285074309,-95.48652634626161,im3_us_data_center_locations,im3_us_data_center_locations.gpkg::building
00744491691,Amazon IAD145,VA,Loudoun County,103663.0,38.98255213281915,-77.4246254873571,im3_us_data_center_locations,im3_us_data_center_locations.gpkg::building
00744496741,Amazon Web Services IAD117,VA,Loudoun County,102452.0,39.02369830815542,-77.41909467085335,im3_us_data_center_locations,im3_us_data_center_locations.gpkg::building
00744496750,Amazon Web Services IAD116,VA,Loudoun County,102629.0,39.02434599828099,-77.42043928426207,im3_us_data_center_locations,im3_us_data_center_locations.gpkg::building
00746278786,Flexential Las Vegas - North,NV,Clark County,110728.0,36.24816478211208,-115.10126087457563,im3_us_data_center_locations,im3_us_data_center_locations.gpkg::building
00747985149,,TX,Wichita County,39127.0,33.95337794611651,-98.52473125692119,im3_us_data_center_locations,im3_us_data_center_locations.gpkg::building
00752001022,,OR,Deschutes County,11249.0,44.04740740013566,-121.3285496442757,im3_us_data_center_locations,im3_us_data_center_locations.gpkg::building
00755540694,,MI,Genesee County,36835.0,42.968713165412495,-83.77960216531768,im3_us_data_center_locations,im3_us_data_center_locations.gpkg::building
00756382879,,NJ,Somerset County,19551.0,40.59934510477914,-74.70962307676368,im3_us_data_center_locations,im3_us_data_center_locations.gpkg::building
00756382880,,NJ,Somerset County,54527.0,40.59971850671678,-74.71011198716056,im3_us_data_center_locations,im3_us_data_center_locations.gpkg::building
00756778306,Meta,NM,Valencia County,543736.0,34.83004000903251,-106.78034710972685,im3_us_data_center_locations,im3_us_data_center_locations.gpkg::building
00758278314,iGLASS Networks,NC,Wake County,8134.0,35.76675058444294,-78.7839857849851,im3_us_data_center_locations,im3_us_data_center_locations.gpkg::building
00758306877,Central Office,WI,Walworth County,9001.0,42.83365364525283,-88.73398014165807,im3_us_data_center_locations,im3_us_data_center_locations.gpkg::building
00758426349,,MT,Granite County,1510.0,46.33213162016486,-113.29267194552415,im3_us_data_center_locations,im3_us_data_center_locations.gpkg::building
00758580536,Vital Records,NJ,Somerset County,7942.0,40.528071800135834,-74.68281624993381,im3_us_data_center_locations,im3_us_data_center_locations.gpkg::building
00761185667,Verizon Wireless NE Headquarters,NJ,Somerset County,156691.0,40.555692492579,-74.70559634852464,im3_us_data_center_locations,im3_us_data_center_locations.gpkg::building
00762116506,Meta Henrico Data Center,VA,Henrico County,588189.0,37.483928208517945,-77.23731114669016,im3_us_data_center_locations,im3_us_data_center_locations.gpkg::building
00766768556,,WI,Calumet County,60180.0,44.20445478438387,-88.34487612453424,im3_us_data_center_locations,im3_us_data_center_locations.gpkg::building
00772827597,,OR,Crook County,630160.0,44.29909531760913,-120.87943460143899,im3_us_data_center_locations,im3_us_data_center_locations.gpkg::building
00772827601,,OR,Crook County,622980.0,44.30125484226488,-120.88988386659982,im3_us_data_center_locations,im3_us_data_center_locations.gpkg::building
00773848531,,MI,Wayne County,24599.0,42.23532661902879,-83.44414059814616,im3_us_data_center_locations,im3_us_data_center_locations.gpkg::building
00775412066,,NV,Washoe County,89831.0,39.56771439975202,-119.54236274853601,im3_us_data_center_locations,im3_us_data_center_locations.gpkg::building
00775412067,,NV,Washoe County,89571.0,39.5675010277547,-119.54320948328537,im3_us_data_center_locations,im3_us_data_center_locations.gpkg::building
00775412068,,NV,Washoe County,88594.0,39.567160471410034,-119.54438836390534,im3_us_data_center_locations,im3_us_data_center_locations.gpkg::building
00775412069,,NV,Washoe County,92133.0,39.56692084061534,-119.54522686760028,im3_us_data_center_locations,im3_us_data_center_locations.gpkg::building
00775412072,,NV,Washoe County,90711.0,39.56575835137741,-119.54797410085595,im3_us_data_center_locations,im3_us_data_center_locations.gpkg::building
00775412073,,NV,Washoe County,89076.0,39.56510625130509,-119.54768980080748,im3_us_data_center_locations,im3_us_data_center_locations.gpkg::building
00777196805,Allentown-TekPark,PA,Lehigh County,146248.0,40.54423619107065,-75.65431290741553,im3_us_data_center_locations,im3_us_data_center_locations.gpkg::building
00777679751,Meta,NM,Valencia County,654617.0,34.83028297052059,-106.77647063706308,im3_us_data_center_locations,im3_us_data_center_locations.gpkg::building
00778989332,,CO,Douglas County,28132.0,39.55907170105136,-104.83358763919367,im3_us_data_center_locations,im3_us_data_center_locations.gpkg::building
00780063735,PG&E Datacenter,CA,Solano County,55270.0,38.24625878204932,-122.06720998673869,im3_us_data_center_locations,im3_us_data_center_locations.gpkg::building
00781370600,CyrusOne PHX6,AZ,Maricopa County,98354.0,33.26757617844676,-111.88253182214665,im3_us_data_center_locations,im3_us_data_center_locations.gpkg::building
00788027103,Facebook Altoona Data Center 4,IA,Polk County,606958.0,41.66773731235317,-93.5163985612244,im3_us_data_center_locations,im3_us_data_center_locations.gpkg::building
00793087858,Digital Realty IAD41 (Building P),VA,Loudoun County,396985.0,39.00867671486767,-77.45822142581041,im3_us_data_center_locations,im3_us_data_center_locations.gpkg::building
00793087859,Amazon IAD118,VA,Loudoun County,105629.0,39.018507335901674,-77.43883923491136,im3_us_data_center_locations,im3_us_data_center_locations.gpkg::building
00793622740,Aligned Ashburn,VA,Loudoun County,140140.0,39.01362014126083,-77.47057790756796,im3_us_data_center_locations,im3_us_data_center_locations.gpkg::building
00793888408,Equinix Ashburn DC15,VA,Loudoun County,76665.0,39.02250015234666,-77.45025584399268,im3_us_data_center_locations,im3_us_data_center_locations.gpkg::building
00793888427,Sabey Intergate.Ashburn (Building A),VA,Loudoun County,131966.0,39.01449812159213,-77.4799880049684,im3_us_data_center_locations,im3_us_data_center_locations.gpkg::building
00793888429,NTT Ashburn VA5 Data Center,VA,Loudoun County,124046.0,39.01829557276318,-77.47261400700225,im3_us_data_center_locations,im3_us_data_center_locations.gpkg::building
00793888430,NTT Ashburn VA4 Data Center,VA,Loudoun County,160282.0,39.01986885247179,-77.4725949606788,im3_us_data_center_locations,im3_us_data_center_locations.gpkg::building
00794147654,CloudHQ LC1,VA,Loudoun County,499194.0,39.01015664517334,-77.46278492885698,im3_us_data_center_locations,im3_us_data_center_locations.gpkg::building
00794147655,CloudHQ LC2,VA,Loudoun County,252770.0,39.01176419603625,-77.46245654474913,im3_us_data_center_locations,im3_us_data_center_locations.gpkg::building
00794147657,Amazon IAD146,VA,Loudoun County,103076.0,38.9967245725433,-77.43559835674785,im3_us_data_center_locations,im3_us_data_center_locations.gpkg::building
00795384117,PHX-10,AZ,Maricopa County,246184.0,33.40794624396243,-112.36482981743815,im3_us_data_center_locations,im3_us_data_center_locations.gpkg::building
00796933516,Equinix Ashburn DC21,VA,Loudoun County,78961.0,39.01182265065321,-77.45455808439559,im3_us_data_center_locations,im3_us_data_center_locations.gpkg::building
00802054282,,NY,Westchester County,13426.0,40.951269750405764,-73.89790099960555,im3_us_data_center_locations,im3_us_data_center_locations.gpkg::building
00802160675,Meta New Albany Data Center,OH,Licking County,663286.0,40.06527171787832,-82.74890966242867,im3_us_data_center_locations,im3_us_data_center_locations.gpkg::building
00807374322,,WA,Grant County,216848.0,47.23709780537748,-119.8951561143571,im3_us_data_center_locations,im3_us_data_center_locations.gpkg::building
00808979618,EdgeCore,AZ,Maricopa County,112901.0,33.344131138754335,-111.6195525034396,im3_us_data_center_locations,im3_us_data_center_locations.gpkg::building
00812630939,Comcast,MI,Wayne County,953.0,42.21390200001323,-83.19821400000001,im3_us_data_center_locations,im3_us_data_center_locations.gpkg::building
00813532303,SAP COS02,CO,El Paso County,47705.0,38.98888835974735,-104.78638139764935,im3_us_data_center_locations,im3_us_data_center_locations.gpkg::building
00813688319,,WA,Douglas County,102013.0,47.40724312100206,-120.2139654565477,im3_us_data_center_locations,im3_us_data_center_locations.gpkg::building
00814061068,,WA,Douglas County,13946.0,47.39214942683649,-120.21746237328999,im3_us_data_center_locations,im3_us_data_center_locations.gpkg::building
00814061069,,WA,Douglas County,4004.0,47.39179410004563,-120.21787734999982,im3_us_data_center_locations,im3_us_data_center_locations.gpkg::building
00814061070,,WA,Douglas County,4003.0,47.391756904098365,-120.2175143749647,im3_us_data_center_locations,im3_us_data_center_locations.gpkg::building
00814061071,,WA,Douglas County,7706.0,47.39175897510766,-120.2169013334627,im3_us_data_center_locations,im3_us_data_center_locations.gpkg::building
00815057182,Facebook Fort Worth Datacenter,TX,Tarrant County,753193.0,32.98829583281708,-97.2554600255551,im3_us_data_center_locations,im3_us_data_center_locations.gpkg::building
00815078625,Charles Schwab Data Center,TX,Denton County,79688.0,33.004502129194734,-97.24615495491396,im3_us_data_center_locations,im3_us_data_center_locations.gpkg::building
00817338831,Amazon IAD140,VA,Loudoun County,215095.0,38.98145515417609,-77.4175500441367,im3_us_data_center_locations,im3_us_data_center_locations.gpkg::building
00817338832,Amazon IAD141,VA,Loudoun County,216850.0,38.98238771254631,-77.4167856863848,im3_us_data_center_locations,im3_us_data_center_locations.gpkg::building
00818167571,1623 Farnam,NE,Douglas County,35689.0,41.25729103361583,-95.93784939082518,im3_us_data_center_locations,im3_us_data_center_locations.gpkg::building
00818790301,Credit Suisse: Clifton Data Center,NJ,Passaic County,140278.0,40.83344999607061,-74.1402186895567,im3_us_data_center_locations,im3_us_data_center_locations.gpkg::building
00819981888,,TN,Davidson County,93318.0,36.03268133759001,-86.63779793677823,im3_us_data_center_locations,im3_us_data_center_locations.gpkg::building
00821081357,Amazon Web Services,OH,Franklin County,151703.0,40.10257307151942,-83.1996986090437,im3_us_data_center_locations,im3_us_data_center_locations.gpkg::building
00821081358,Amazon Web Services,OH,Franklin County,159123.0,40.103586628963164,-83.1997637520824,im3_us_data_center_locations,im3_us_data_center_locations.gpkg::building
00828135845,Amazon IAD84,VA,Prince William County,152692.0,38.8161031223026,-77.65249934084503,im3_us_data_center_locations,im3_us_data_center_locations.gpkg::building
00828228235,StrongMind,AZ,Maricopa County,20604.0,33.342616247713266,-111.84097388722815,im3_us_data_center_locations,im3_us_data_center_locations.gpkg::building
00830138727,BB&T Data Center,NC,Wake County,143011.0,35.839325206702256,-78.32812683838715,im3_us_data_center_locations,im3_us_data_center_locations.gpkg::building
00830881731,Microsoft,IA,Polk County,153956.0,41.51674074828143,-93.70254178906356,im3_us_data_center_locations,im3_us_data_center_locations.gpkg::building
00830881732,Microsoft,IA,Polk County,149149.0,41.51584274137181,-93.70251346931218,im3_us_data_center_locations,im3_us_data_center_locations.gpkg::building
00830881733,Microsoft,IA,Polk County,144428.0,41.5158179370744,-93.70630110395007,im3_us_data_center_locations,im3_us_data_center_locations.gpkg::building
00830881734,Microsoft,IA,Polk County,146482.0,41.51671171276783,-93.70635081713183,im3_us_data_center_locations,im3_us_data_center_locations.gpkg::building
00830881742,Microsoft,IA,Polk County,145134.0,41.51850163161288,-93.70633127239608,im3_us_data_center_locations,im3_us_data_center_locations.gpkg::building
00830881743,Microsoft,IA,Polk County,143145.0,41.517606606016116,-93.7063124996927,im3_us_data_center_locations,im3_us_data_center_locations.gpkg::building
00830881744,Microsoft,IA,Polk County,141016.0,41.51764119065465,-93.70249272354833,im3_us_data_center_locations,im3_us_data_center_locations.gpkg::building
00830881745,Microsoft,IA,Polk County,141225.0,41.51853822500233,-93.70252494893269,im3_us_data_center_locations,im3_us_data_center_locations.gpkg::building
00830885773,Microsoft,IA,Warren County,239270.0,41.49787064306023,-93.78703936226475,im3_us_data_center_locations,im3_us_data_center_locations.gpkg::building
00830885774,Microsoft,IA,Warren County,243678.0,41.49891302864557,-93.78707464281725,im3_us_data_center_locations,im3_us_data_center_locations.gpkg::building
00830931210,Facebook Altoona Data Center 5,IA,Polk County,628003.0,41.67117312225116,-93.51662854518422,im3_us_data_center_locations,im3_us_data_center_locations.gpkg::building
00832622369,,NY,Niagara County,16242.0,43.07483783638032,-78.94480168233245,im3_us_data_center_locations,im3_us_data_center_locations.gpkg::building
00835601088,Lumen,UT,Washington County,1833.0,37.062799199655686,-113.54474869182133,im3_us_data_center_locations,im3_us_data_center_locations.gpkg::building
00836947535,Myndshift Technologies,AZ,Maricopa County,21279.0,33.47542082249551,-111.71916515034209,im3_us_data_center_locations,im3_us_data_center_locations.gpkg::building
00837139011,ForceAmp.com,IA,Johnson County,2709.0,41.703998424478854,-91.58707810457734,im3_us_data_center_locations,im3_us_data_center_locations.gpkg::building
00838817907,TierPoint - Charlotte Data Center,NC,Mecklenburg County,61578.0,35.17319550189212,-80.9281209975006,im3_us_data_center_locations,im3_us_data_center_locations.gpkg::building
00838817943,SEGRA,NC,Mecklenburg County,18094.0,35.180053426012265,-80.92635689076968,im3_us_data_center_locations,im3_us_data_center_locations.gpkg::building
00841813139,CoreSite Chicago Data Center (CH2),IL,Cook County,61773.0,41.86279831305618,-87.64130393635244,im3_us_data_center_locations,im3_us_data_center_locations.gpkg::building
00842544718,Norma Beach Cable Landing Station,WA,Snohomish County,2369.0,47.86469753279464,-122.28415777716295,im3_us_data_center_locations,im3_us_data_center_locations.gpkg::building
00843314844,,AZ,Pima County,14373.0,32.092706483207095,-110.78742365957719,im3_us_data_center_locations,im3_us_data_center_locations.gpkg::building
00844359206,Google,NV,Clark County,143869.0,36.056288380442616,-115.00857680765697,im3_us_data_center_locations,im3_us_data_center_locations.gpkg::building
00844359207,Google,NV,Clark County,141227.0,36.05880161382709,-115.00879721733386,im3_us_data_center_locations,im3_us_data_center_locations.gpkg::building
00844371952,Google,AL,Jackson County,144996.0,34.9136919358168,-85.74742813692481,im3_us_data_center_locations,im3_us_data_center_locations.gpkg::building
00844371953,Google,AL,Jackson County,141947.0,34.91367641738197,-85.74593535678355,im3_us_data_center_locations,im3_us_data_center_locations.gpkg::building
00844374689,,VA,Loudoun County,140157.0,39.05060777386236,-77.5400258996867,im3_us_data_center_locations,im3_us_data_center_locations.gpkg::building
00844386860,Google,TX,Ellis County,144574.0,32.44212970719258,-97.06248797347524,im3_us_data_center_locations,im3_us_data_center_locations.gpkg::building
00844386861,Google,TX,Ellis County,138230.0,32.44355545089075,-97.06333284249686,im3_us_data_center_locations,im3_us_data_center_locations.gpkg::building
00844389014,Google,TN,Montgomery County,169736.0,36.62458167653138,-87.26129639057423,im3_us_data_center_locations,im3_us_data_center_locations.gpkg::building
00844391358,Google NBY-1,OH,Licking County,145177.0,40.06114460722927,-82.76429366972576,im3_us_data_center_locations,im3_us_data_center_locations.gpkg::building
00844394339,Meta Sarpy Data center,NE,Sarpy County,666382.0,41.12354217069119,-96.14419028998033,im3_us_data_center_locations,im3_us_data_center_locations.gpkg::building
00844394340,Meta Sarpy Data center,NE,Sarpy County,515084.0,41.120731999310195,-96.14485433047682,im3_us_data_center_locations,im3_us_data_center_locations.gpkg::building
00844394357,Google,NE,Sarpy County,152487.0,41.13497469466853,-96.14672977480356,im3_us_data_center_locations,im3_us_data_center_locations.gpkg::building
00845775548,JPMorgan Chase,CO,Broomfield County,188160.0,39.98908743748672,-105.02070322444693,im3_us_data_center_locations,im3_us_data_center_locations.gpkg::building
00850342266,Marquette-Adams Telephone Coop,WI,Marquette County,8257.0,43.78218427328896,-89.57480850448691,im3_us_data_center_locations,im3_us_data_center_locations.gpkg::building
00850965775,Compass Data Center,TX,Ellis County,41692.0,32.53872184532015,-96.804396257992,im3_us_data_center_locations,im3_us_data_center_locations.gpkg::building
00852039781,Amazon IAD119,VA,Loudoun County,127104.0,39.01693014125531,-77.43938662806684,im3_us_data_center_locations,im3_us_data_center_locations.gpkg::building
00860433344,Flexential Portland - Hillsboro 4,OR,Washington County,97536.0,45.55520512998273,-122.93988400686503,im3_us_data_center_locations,im3_us_data_center_locations.gpkg::building
00863162820,Stream Chicago II,IL,Cook County,215922.0,41.99912438131275,-87.95776458161538,im3_us_data_center_locations,im3_us_data_center_locations.gpkg::building
00863162822,STACK Chicago CHI01,IL,Cook County,298471.0,42.006843875852,-87.96519018575371,im3_us_data_center_locations,im3_us_data_center_locations.gpkg::building
00863162825,Stream Chicago I,IL,Cook County,120616.0,42.00260065820328,-87.95113481547399,im3_us_data_center_locations,im3_us_data_center_locations.gpkg::building
00871694597,Turnkey Internet,NY,Albany County,10465.0,42.74544108847024,-73.75919958242348,im3_us_data_center_locations,im3_us_data_center_locations.gpkg::building
00871745265,Microsoft,IA,Dallas County,220735.0,41.540709217348976,-93.82789533434017,im3_us_data_center_locations,im3_us_data_center_locations.gpkg::building
00873137563,,NC,Catawba County,203410.0,35.5903923643093,-81.26456965310366,im3_us_data_center_locations,im3_us_data_center_locations.gpkg::building
00874506250,Amazon Web Services,OH,Franklin County,161757.0,40.06014718926057,-83.13490722876958,im3_us_data_center_locations,im3_us_data_center_locations.gpkg::building
00876020641,Iron Mountain,WA,Spokane County,14085.0,47.594616140243275,-117.53714762552474,im3_us_data_center_locations,im3_us_data_center_locations.gpkg::building
00878795698,amnet Data Center,CT,Western Connecticut Planning Region,10526.0,41.09183280598617,-73.51671558521066,im3_us_data_center_locations,im3_us_data_center_locations.gpkg::building
00880052062,,KS,Johnson County,58095.0,38.94066934722939,-94.75523183735761,im3_us_data_center_locations,im3_us_data_center_locations.gpkg::building
00882977350,CloudHQ MCC1,VA,Prince William County,399915.0,38.717028377885455,-77.49989682110625,im3_us_data_center_locations,im3_us_data_center_locations.gpkg::building
00883809860,Meta Forest City datacenter,NC,Rutherford County,319829.0,35.316554514924,-81.82513233085027,im3_us_data_center_locations,im3_us_data_center_locations.gpkg::building
00886028872,Amazon IAD128,VA,Loudoun County,105735.0,39.01608221259819,-77.43838436569268,im3_us_data_center_locations,im3_us_data_center_locations.gpkg::building
00886330269,Microsoft,VA,Loudoun County,155317.0,39.07478688334023,-77.56412899431636,im3_us_data_center_locations,im3_us_data_center_locations.gpkg::building
00888253616,NTT Silicon Valley SV1 Data Center,CA,Santa Clara County,38759.0,37.36905321130347,-121.95533775020122,im3_us_data_center_locations,im3_us_data_center_locations.gpkg::building
00891031651,T5 Data Center,GA,Fulton County,149055.0,34.07592247657671,-84.26431627074264,im3_us_data_center_locations,im3_us_data_center_locations.gpkg::building
00894425613,,TN,Davidson County,191585.0,36.21535165955505,-86.78368364527593,im3_us_data_center_locations,im3_us_data_center_locations.gpkg::building
00897226574,Amazon IAD125,VA,Loudoun County,104431.0,38.948089538166386,-77.56054492011098,im3_us_data_center_locations,im3_us_data_center_locations.gpkg::building
00897226575,Amazon IAD124,VA,Loudoun County,104434.0,38.94989544830295,-77.56045170040849,im3_us_data_center_locations,im3_us_data_center_locations.gpkg::building
00899634245,Stack Infrastructure Portland 3 Data Center -Bld POR3a,OR,Washington County,94010.0,45.554197103944304,-122.93791223873745,im3_us_data_center_locations,im3_us_data_center_locations.gpkg::building
00903236619,,MI,Wayne County,46220.0,42.32617958756391,-83.06975885855375,im3_us_data_center_locations,im3_us_data_center_locations.gpkg::building
00903642490,Family History Center,ID,Bear Lake County,4081.0,42.317295842348535,-111.3042449169628,im3_us_data_center_locations,im3_us_data_center_locations.gpkg::building
00904453635,,TN,Grainger County,1232.0,36.328073950553836,-83.37670351660657,im3_us_data_center_locations,im3_us_data_center_locations.gpkg::building
00909455922,42310 THUNDERBALL DR,VA,Loudoun County,78907.0,39.04409911181553,-77.5396744253525,im3_us_data_center_locations,im3_us_data_center_locations.gpkg::building
00909742340,QTS Data Center Bld 2,OR,Washington County,172698.0,45.55876356137954,-122.92963139645839,im3_us_data_center_locations,im3_us_data_center_locations.gpkg::building
00914613836,Amazon PDX91,OR,Morrow County,210994.0,45.83792394838973,-119.68835481078412,im3_us_data_center_locations,im3_us_data_center_locations.gpkg::building
00914616809,Amazon PDX92,OR,Morrow County,211026.0,45.837540247569144,-119.69312909809459,im3_us_data_center_locations,im3_us_data_center_locations.gpkg::building
00914616810,Amazon Web Services us-west-2,OR,Morrow County,211938.0,45.846654614374444,-119.60564495354758,im3_us_data_center_locations,im3_us_data_center_locations.gpkg::building
00916046040,,CO,Arapahoe County,184275.0,39.729478071116986,-104.71275427482882,im3_us_data_center_locations,im3_us_data_center_locations.gpkg::building
00916148870,,NY,Erie County,41938.0,43.04498475079566,-78.74920687191288,im3_us_data_center_locations,im3_us_data_center_locations.gpkg::building
00918871786,QTS Data Center Bld 3,OR,Washington County,171585.0,45.55877963410689,-122.93190590213918,im3_us_data_center_locations,im3_us_data_center_locations.gpkg::building
00918871787,QTS Data Center Bld 5,OR,Washington County,168921.0,45.55880139187874,-122.93522042560193,im3_us_data_center_locations,im3_us_data_center_locations.gpkg::building
00918871788,QTS Data Center Bld 4,OR,Washington County,173993.0,45.5587812168356,-122.93294634090127,im3_us_data_center_locations,im3_us_data_center_locations.gpkg::building
00918873142,Flexential Portland - Hillsboro 3,OR,Washington County,337274.0,45.559469442156384,-122.93824742619341,im3_us_data_center_locations,im3_us_data_center_locations.gpkg::building
00919948160,,WI,Racine County,9094.0,42.67566516635273,-87.91840525370044,im3_us_data_center_locations,im3_us_data_center_locations.gpkg::building
00923148801,Lumen Cleveland,OH,Cuyahoga County,29490.0,41.50506588325723,-81.65777529837548,im3_us_data_center_locations,im3_us_data_center_locations.gpkg::building
00930043986,SU Green Data Center,NY,Onondaga County,12169.0,43.01207616834648,-76.11592528923454,im3_us_data_center_locations,im3_us_data_center_locations.gpkg::building
00930849744,Amazon IAD163,VA,Loudoun County,131936.0,39.03230534445815,-77.42970207458241,im3_us_data_center_locations,im3_us_data_center_locations.gpkg::building
00931369845,Johns Hopkins Data Center,MD,Baltimore city,3880.0,39.29355879768687,-76.55173790938491,im3_us_data_center_locations,im3_us_data_center_locations.gpkg::building
00931732650,Ebay,UT,Salt Lake County,146408.0,40.56409515233066,-112.05062821391914,im3_us_data_center_locations,im3_us_data_center_locations.gpkg::building
00933393863,Edgeconnex Data Center,CA,Sacramento County,29318.0,38.59229735741739,-121.27743720748433,im3_us_data_center_locations,im3_us_data_center_locations.gpkg::building
00938592711,,AZ,Maricopa County,224651.0,33.43946838545604,-112.3770584915453,im3_us_data_center_locations,im3_us_data_center_locations.gpkg::building
00940821791,Omnis Network,AZ,Maricopa County,16956.0,33.39440984512777,-111.95249099702062,im3_us_data_center_locations,im3_us_data_center_locations.gpkg::building
00942557184,Travelers Insurance,NE,Sarpy County,182408.0,41.12784313945287,-96.14504543454542,im3_us_data_center_locations,im3_us_data_center_locations.gpkg::building
00942604537,Flexential Nashville - Franklin,TN,Williamson County,74934.0,35.92045930433349,-86.81557369600324,im3_us_data_center_locations,im3_us_data_center_locations.gpkg::building
00944024849,,IA,Polk County,6991.0,41.55808334363262,-93.52766189092017,im3_us_data_center_locations,im3_us_data_center_locations.gpkg::building
00944024851,,IA,Polk County,16920.0,41.55813064318698,-93.52815685258032,im3_us_data_center_locations,im3_us_data_center_locations.gpkg::building
00946014659,,OK,Tulsa County,8589.0,36.08125144033206,-95.8541491705349,im3_us_data_center_locations,im3_us_data_center_locations.gpkg::building
00954433119,Amazon IAD175,VA,Loudoun County,86503.0,38.979867991405555,-77.42547991599417,im3_us_data_center_locations,im3_us_data_center_locations.gpkg::building
00958153770,,GA,Muscogee County,116660.0,32.49826721190269,-84.8835713174046,im3_us_data_center_locations,im3_us_data_center_locations.gpkg::building
00958662382,Amazon IAD147,VA,Loudoun County,102767.0,38.99501200382876,-77.43535922197498,im3_us_data_center_locations,im3_us_data_center_locations.gpkg::building
00958728802,E-Foam,FL,Orange County,8403.0,28.577943298712636,-81.56454528552736,im3_us_data_center_locations,im3_us_data_center_locations.gpkg::building
00959969621,,CT,South Central Connecticut Planning Region,53967.0,41.47880657858901,-72.80100588134881,im3_us_data_center_locations,im3_us_data_center_locations.gpkg::building
00961071564,SimpleHelix,AL,Madison County,16411.0,34.7454310001572,-86.69188299975418,im3_us_data_center_locations,im3_us_data_center_locations.gpkg::building
00965755845,CenturyLink,OR,Marion County,24529.0,44.93802973611572,-123.03368547875327,im3_us_data_center_locations,im3_us_data_center_locations.gpkg::building
00975064000,Digital Realty Atlanta ATL11,GA,Douglas County,313479.0,33.746561602113815,-84.57973805393436,im3_us_data_center_locations,im3_us_data_center_locations.gpkg::building
00975064000,Digital Realty Atlanta ATL11,GA,Cobb County,313479.0,33.746561602113815,-84.57973805393436,im3_us_data_center_locations,im3_us_data_center_locations.gpkg::building
00975064004,Switch Data Center,GA,Douglas County,171499.0,33.75502503782062,-84.58726858074978,im3_us_data_center_locations,im3_us_data_center_locations.gpkg::building
00975484796,Amazon Web Services,OH,Franklin County,170922.0,40.059325155885155,-83.13460627634682,im3_us_data_center_locations,im3_us_data_center_locations.gpkg::building
00975484797,Amazon Web Services,OH,Franklin County,133709.0,40.05830889449401,-83.13409055935804,im3_us_data_center_locations,im3_us_data_center_locations.gpkg::building
00975484798,Amazon Web Services,OH,Franklin County,142297.0,40.06077960066598,-83.13275276040426,im3_us_data_center_locations,im3_us_data_center_locations.gpkg::building
00977653854,CyrusOne PHX7,AZ,Maricopa County,138671.0,33.266358037761506,-111.88190865991771,im3_us_data_center_locations,im3_us_data_center_locations.gpkg::building
00977653858,CyrusOne PHX4,AZ,Maricopa County,103008.0,33.2687661963882,-111.88251618115733,im3_us_data_center_locations,im3_us_data_center_locations.gpkg::building
00977653859,CyrusOne PHX5,AZ,Maricopa County,102958.0,33.269741071416476,-111.88158696587298,im3_us_data_center_locations,im3_us_data_center_locations.gpkg::building
00978632013,Northwest Data Center and Communications Hub,CA,Santa Clara County,10145.0,37.43343706484073,-122.18073854179177,im3_us_data_center_locations,im3_us_data_center_locations.gpkg::building
00978934687,Digital Crossroad,IN,Lake County,116014.0,41.707418451036666,-87.52019308155617,im3_us_data_center_locations,im3_us_data_center_locations.gpkg::building
00983627455,CyrusOne NVA7,VA,Loudoun County,60930.0,39.02630118372146,-77.43402771215538,im3_us_data_center_locations,im3_us_data_center_locations.gpkg::building
00984796364,Switch Las Vegas 10,NV,Clark County,206411.0,36.055585829479206,-115.2230609078074,im3_us_data_center_locations,im3_us_data_center_locations.gpkg::building
00984953813,Amazon IAD174,VA,Loudoun County,132388.0,39.02891562520285,-77.42747327984164,im3_us_data_center_locations,im3_us_data_center_locations.gpkg::building
00984953814,Amazon IAD164,VA,Loudoun County,132374.0,39.03047299575455,-77.42894228408753,im3_us_data_center_locations,im3_us_data_center_locations.gpkg::building
00985207884,Vantage VA12,VA,Loudoun County,115613.0,39.00177881929864,-77.43807112136984,im3_us_data_center_locations,im3_us_data_center_locations.gpkg::building
00986829280,Microsoft,VA,Loudoun County,97581.0,39.07550786595816,-77.56303534723706,im3_us_data_center_locations,im3_us_data_center_locations.gpkg::building
00989325195,Verizon Wireless Mew Building,TX,Tarrant County,176383.0,32.97215494101558,-97.15661083483384,im3_us_data_center_locations,im3_us_data_center_locations.gpkg::building
00989735623,Amazon IAD152,VA,Loudoun County,156644.0,38.91657561831895,-77.47974227140159,im3_us_data_center_locations,im3_us_data_center_locations.gpkg::building
00989735624,Amazon IAD151,VA,Loudoun County,155542.0,38.916150911627575,-77.47870521719227,im3_us_data_center_locations,im3_us_data_center_locations.gpkg::building
00990537813,Amazon IAD83,VA,Loudoun County,156166.0,38.947946059437584,-77.52310750749479,im3_us_data_center_locations,im3_us_data_center_locations.gpkg::building
00990537821,Amazon Web Services,VA,Loudoun County,16739.0,38.946539218555614,-77.52218796260958,im3_us_data_center_locations,im3_us_data_center_locations.gpkg::building
00990537857,Amazon IAD122,VA,Loudoun County,153273.0,38.955863227653474,-77.49717993007393,im3_us_data_center_locations,im3_us_data_center_locations.gpkg::building
00990537858,CyrusOne Sterling IX,VA,Loudoun County,266078.0,38.95830777005175,-77.50575020782452,im3_us_data_center_locations,im3_us_data_center_locations.gpkg::building
00996723585,Iron Mountain VA-2,VA,Prince William County,158664.0,38.77724872325061,-77.54596524435513,im3_us_data_center_locations,im3_us_data_center_locations.gpkg::building
00996723586,Iron Mountain VA-1,VA,Prince William County,163790.0,38.77791724644345,-77.547073196661,im3_us_data_center_locations,im3_us_data_center_locations.gpkg::building
00996723587,Amazon Web Services,VA,Prince William County,149064.0,38.78015146527289,-77.53988381836808,im3_us_data_center_locations,im3_us_data_center_locations.gpkg::building
00996723588,Amazon Web Services,VA,Prince William County,214748.0,38.77845091390774,-77.53942706487335,im3_us_data_center_locations,im3_us_data_center_locations.gpkg::building
00996723589,Amazon Web Services,VA,Prince William County,214662.0,38.779342501302715,-77.54289591312165,im3_us_data_center_locations,im3_us_data_center_locations.gpkg::building
00996899486,Amazon IAD102,VA,Prince William County,214338.0,38.73597010187111,-77.50490133103251,im3_us_data_center_locations,im3_us_data_center_locations.gpkg::building
00996899487,Amazon IAD101,VA,Prince William County,214330.0,38.735440154226055,-77.50569511718139,im3_us_data_center_locations,im3_us_data_center_locations.gpkg::building
00996899488,Amazon IAD100,VA,Prince William County,214611.0,38.73459785381264,-77.506642396707,im3_us_data_center_locations,im3_us_data_center_locations.gpkg::building
00996899489,CloudHQ MCC2,VA,Prince William County,351091.0,38.723181946660446,-77.49900908655816,im3_us_data_center_locations,im3_us_data_center_locations.gpkg::building
00998933381,Rackspace Somerset NYC1,NJ,Somerset County,18407.0,40.54452566835303,-74.53775798797324,im3_us_data_center_locations,im3_us_data_center_locations.gpkg::building
00998933389,Rackspace Belmont NYC2,NJ,Somerset County,57471.0,40.54083886834628,-74.53749197400815,im3_us_data_center_locations,im3_us_data_center_locations.gpkg::building
01000784035,Amazon Web Services,VA,Prince William County,112502.0,38.74305258344758,-77.53338365008187,im3_us_data_center_locations,im3_us_data_center_locations.gpkg::building
01003348567,QTS Ashburn-Shellhorn DC1,VA,Loudoun County,156810.0,38.99807915433332,-77.47557114316258,im3_us_data_center_locations,im3_us_data_center_locations.gpkg::building
01007825570,QTS Atlanta Data Center 2,GA,Fulton County,283307.0,33.77750521515184,-84.41955232430595,im3_us_data_center_locations,im3_us_data_center_locations.gpkg::building
01010260674,,TX,Bexar County,109489.0,29.418988042416917,-98.78747099882361,im3_us_data_center_locations,im3_us_data_center_locations.gpkg::building
01010260675,Microsoft TRP3 (SAT46),TX,Medina County,228897.0,29.412976988788397,-98.80637444993899,im3_us_data_center_locations,im3_us_data_center_locations.gpkg::building
01010260676,Microsoft,TX,Bexar County,228882.0,29.41579676372189,-98.80331595094908,im3_us_data_center_locations,im3_us_data_center_locations.gpkg::building
01010260677,Microsoft,TX,Bexar County,228885.0,29.415795638786996,-98.80451479994059,im3_us_data_center_locations,im3_us_data_center_locations.gpkg::building
01011125238,Pewaukee Data Center,WI,Waukesha County,47298.0,43.05138860290855,-88.21666504030928,im3_us_data_center_locations,im3_us_data_center_locations.gpkg::building
01013396352,CenturyLink,NV,Clark County,11601.0,36.18299775012923,-115.06266954999842,im3_us_data_center_locations,im3_us_data_center_locations.gpkg::building
01015704066,EdgeConneX PHX02 Data Center,AZ,Maricopa County,654105.0,33.35201067934632,-111.64752987065916,im3_us_data_center_locations,im3_us_data_center_locations.gpkg::building
01015995259,Amazon IAD601,VA,Prince William County,14469.0,38.77885736291117,-77.55711533400657,im3_us_data_center_locations,im3_us_data_center_locations.gpkg::building
01017048670,Switch Edge 1,NV,Clark County,27670.0,36.05914890088559,-115.21368205577333,im3_us_data_center_locations,im3_us_data_center_locations.gpkg::building
01017460713,Switch Las Vegas 4,NV,Clark County,27777.0,36.143646142312384,-115.07677875306494,im3_us_data_center_locations,im3_us_data_center_locations.gpkg::building
01017460715,Switch Las Vegas 5,NV,Clark County,15026.0,36.14276349998916,-115.0766965000049,im3_us_data_center_locations,im3_us_data_center_locations.gpkg::building
01017518460,T-Mobile Everglades MSO Data Center,FL,Broward County,49233.0,26.184996941375054,-80.28691594165383,im3_us_data_center_locations,im3_us_data_center_locations.gpkg::building
01019812125,EdgeConneX Data Center,OR,Washington County,111564.0,45.556621303589225,-122.91221283734207,im3_us_data_center_locations,im3_us_data_center_locations.gpkg::building
01020374277,Amazon Web Services  CMH53,OH,Licking County,154029.0,40.093616439444084,-82.75145548070124,im3_us_data_center_locations,im3_us_data_center_locations.gpkg::building
01020374278,Amazon Web Services CMH56,OH,Licking County,154677.0,40.09653435041937,-82.75205114610061,im3_us_data_center_locations,im3_us_data_center_locations.gpkg::building
01020374279,Amazon Web Services  CMH59,OH,Licking County,161123.0,40.09404615807959,-82.74749104888826,im3_us_data_center_locations,im3_us_data_center_locations.gpkg::building
01020721870,Searcy Information Technologies,AR,White County,4580.0,35.2492158371357,-91.74090585909379,im3_us_data_center_locations,im3_us_data_center_locations.gpkg::building
01020877488,Amazon Web Services,VA,Loudoun County,131476.0,38.9958476154284,-77.4712911922763,im3_us_data_center_locations,im3_us_data_center_locations.gpkg::building
01020877489,Amazon Web Services,VA,Loudoun County,131482.0,38.99660796472238,-77.47326247561796,im3_us_data_center_locations,im3_us_data_center_locations.gpkg::building
01024051963,Meta Eagle Mountain Data Center,UT,Utah County,344790.0,40.26828850505122,-112.01507681579746,im3_us_data_center_locations,im3_us_data_center_locations.gpkg::building
01024051997,Meta Eagle Mountain Data Center,UT,Utah County,626371.0,40.2655639892377,-112.01512736677897,im3_us_data_center_locations,im3_us_data_center_locations.gpkg::building
01024384322,,KS,Johnson County,4912.0,38.926805991335975,-94.7683727731216,im3_us_data_center_locations,im3_us_data_center_locations.gpkg::building
01025002889,Digital Realty IAD42,VA,Loudoun County,218174.0,39.00571934215422,-77.44944907275473,im3_us_data_center_locations,im3_us_data_center_locations.gpkg::building
01027471509,Amazon Web Services us-west-2,OR,Morrow County,211938.0,45.846667814374484,-119.60703845354756,im3_us_data_center_locations,im3_us_data_center_locations.gpkg::building
01027471510,Amazon Web Services us-west-2,OR,Morrow County,221562.0,45.846753781437606,-119.60906254768787,im3_us_data_center_locations,im3_us_data_center_locations.gpkg::building
01030970564,Meta Henrico Data Center,VA,Henrico County,327920.0,37.481963263600264,-77.23380499305182,im3_us_data_center_locations,im3_us_data_center_locations.gpkg::building
01034230196,,FL,Polk County,22578.0,28.29407690335012,-81.83484809231037,im3_us_data_center_locations,im3_us_data_center_locations.gpkg::building
01034475557,DataBank Las Vegas LAS1,NV,Clark County,58547.0,36.05972751073122,-115.14721141845385,im3_us_data_center_locations,im3_us_data_center_locations.gpkg::building
01035123473,Meta Eagle Mountain Data Center,UT,Utah County,628165.0,40.27233431054834,-112.01505471830352,im3_us_data_center_locations,im3_us_data_center_locations.gpkg::building
01037871048,Amazon IAD601,VA,Loudoun County,14384.0,39.015262930158144,-77.43777001853674,im3_us_data_center_locations,im3_us_data_center_locations.gpkg::building
01042260902,,AZ,Cochise County,7539.0,31.972674750091073,-110.3047516999998,im3_us_data_center_locations,im3_us_data_center_locations.gpkg::building
01054387471,,GA,Newton County,660258.0,33.6013709927818,-83.70541734238208,im3_us_data_center_locations,im3_us_data_center_locations.gpkg::building
01056658555,Flexential Salt Lake City - Millcreek,UT,Salt Lake County,28092.0,40.68552518346084,-111.88504405838351,im3_us_data_center_locations,im3_us_data_center_locations.gpkg::building
01057230915,Amazon PDX93,OR,Morrow County,213828.0,45.83654228757941,-119.68986643174063,im3_us_data_center_locations,im3_us_data_center_locations.gpkg::building
01059030596,Amazon Web Services,VA,Prince William County,111697.0,38.74428601144499,-77.53332238839505,im3_us_data_center_locations,im3_us_data_center_locations.gpkg::building
01059036248,,VA,Prince William County,257960.0,38.745958588783616,-77.53750921534285,im3_us_data_center_locations,im3_us_data_center_locations.gpkg::building
01059037050,COPT Innovation Park Data Center,VA,Prince William County,149206.0,38.74388634728904,-77.53062487747106,im3_us_data_center_locations,im3_us_data_center_locations.gpkg::building
01059037051,COPT Data Center Bldg 2,VA,Prince William County,104114.0,38.74405494832178,-77.5291961000727,im3_us_data_center_locations,im3_us_data_center_locations.gpkg::building
01065780801,Amazon,CA,Santa Clara County,98142.0,37.389932721842904,-121.96598983231347,im3_us_data_center_locations,im3_us_data_center_locations.gpkg::building
01069388067,,SC,Berkeley County,182645.0,33.06202195137125,-80.03831641068669,im3_us_data_center_locations,im3_us_data_center_locations.gpkg::building
01069388075,Google,SC,Berkeley County,181261.0,33.06217398793264,-80.03966007767937,im3_us_data_center_locations,im3_us_data_center_locations.gpkg::building
01069388095,Google,SC,Berkeley County,206252.0,33.0620532330343,-80.041154478933,im3_us_data_center_locations,im3_us_data_center_locations.gpkg::building
01069388141,Google,SC,Berkeley County,181645.0,33.064311956552835,-80.03845634859405,im3_us_data_center_locations,im3_us_data_center_locations.gpkg::building
01069388147,Google,SC,Berkeley County,131216.0,33.06643643704493,-80.0384282206963,im3_us_data_center_locations,im3_us_data_center_locations.gpkg::building
01069388156,Google,SC,Berkeley County,249320.0,33.06415660970066,-80.0435751320087,im3_us_data_center_locations,im3_us_data_center_locations.gpkg::building
01069388186,Google,SC,Berkeley County,697831.0,33.062000589098496,-80.04505685925874,im3_us_data_center_locations,im3_us_data_center_locations.gpkg::building
01069388211,Google,SC,Berkeley County,145533.0,33.064434801539036,-80.04606755156347,im3_us_data_center_locations,im3_us_data_center_locations.gpkg::building
01070895993,,GA,Newton County,763506.0,33.60009367954904,-83.69683907912508,im3_us_data_center_locations,im3_us_data_center_locations.gpkg::building
01070895994,,GA,Newton County,342886.0,33.59802145151715,-83.69501281261269,im3_us_data_center_locations,im3_us_data_center_locations.gpkg::building
01071772119,Microsoft EAT02,WA,Douglas County,246129.0,47.416868024109554,-120.20768784943974,im3_us_data_center_locations,im3_us_data_center_locations.gpkg::building
01071774674,Intergate Columbia D,WA,Douglas County,135020.0,47.40758548151772,-120.19160109219082,im3_us_data_center_locations,im3_us_data_center_locations.gpkg::building
01073720208,Google,IA,Pottawattamie County,76005.0,41.17734372844027,-95.80485695055478,im3_us_data_center_locations,im3_us_data_center_locations.gpkg::building
01073720209,Google,IA,Pottawattamie County,318940.0,41.17727415208592,-95.80637969473155,im3_us_data_center_locations,im3_us_data_center_locations.gpkg::building
01073720210,Google,IA,Pottawattamie County,258223.0,41.17745636098298,-95.8032146599412,im3_us_data_center_locations,im3_us_data_center_locations.gpkg::building
01073720211,Google,IA,Pottawattamie County,211543.0,41.17748290529598,-95.80096717468035,im3_us_data_center_locations,im3_us_data_center_locations.gpkg::building
01073720212,Google,IA,Pottawattamie County,131491.0,41.175540121144294,-95.80676284722783,im3_us_data_center_locations,im3_us_data_center_locations.gpkg::building
01073720213,Google,IA,Pottawattamie County,129827.0,41.17554005850446,-95.80565239909376,im3_us_data_center_locations,im3_us_data_center_locations.gpkg::building
01073720214,Google,IA,Pottawattamie County,132118.0,41.17554283490945,-95.80449329746104,im3_us_data_center_locations,im3_us_data_center_locations.gpkg::building
01073720215,Google,IA,Pottawattamie County,132254.0,41.175543648575314,-95.8033895382722,im3_us_data_center_locations,im3_us_data_center_locations.gpkg::building
01073720216,Google,IA,Pottawattamie County,130820.0,41.175547389125526,-95.80222393205067,im3_us_data_center_locations,im3_us_data_center_locations.gpkg::building
01073720217,Google,IA,Pottawattamie County,129628.0,41.175545298097475,-95.80111944856117,im3_us_data_center_locations,im3_us_data_center_locations.gpkg::building
01073720218,Google,IA,Pottawattamie County,134444.0,41.17555376295006,-95.79994803209584,im3_us_data_center_locations,im3_us_data_center_locations.gpkg::building
01073720219,Google,IA,Pottawattamie County,174264.0,41.1726347246986,-95.80402364214318,im3_us_data_center_locations,im3_us_data_center_locations.gpkg::building
01073720220,Google,IA,Pottawattamie County,174583.0,41.172640078023726,-95.80252143647043,im3_us_data_center_locations,im3_us_data_center_locations.gpkg::building
01073720221,Google,IA,Pottawattamie County,158241.0,41.17261142832355,-95.8011477197886,im3_us_data_center_locations,im3_us_data_center_locations.gpkg::building
01075278060,Microsoft,IA,Warren County,242270.0,41.49683039481866,-93.78699632287525,im3_us_data_center_locations,im3_us_data_center_locations.gpkg::building
01075278061,Microsoft,IA,Dallas County,90065.0,41.5398138870052,-93.82631357913507,im3_us_data_center_locations,im3_us_data_center_locations.gpkg::building
01075278062,Microsoft,IA,Dallas County,80538.0,41.539670453163886,-93.82866540068237,im3_us_data_center_locations,im3_us_data_center_locations.gpkg::building
01075445245,,CA,Santa Clara County,108346.0,37.3611399057634,-121.9423061882177,im3_us_data_center_locations,im3_us_data_center_locations.gpkg::building
01077131079,xAI Macrohardrr,MS,DeSoto County,812955.0,34.99348804291279,-90.03416995691286,im3_us_data_center_locations,im3_us_data_center_locations.gpkg::building
01080170579,Flexential Portland - Hillsboro 4 Expansion,OR,Washington County,20041.0,45.55539062526872,-122.94108717504778,im3_us_data_center_locations,im3_us_data_center_locations.gpkg::building
01080170580,Flexential Portland - Hillsboro 5,OR,Washington County,180357.0,45.55642410414443,-122.93929618708306,im3_us_data_center_locations,im3_us_data_center_locations.gpkg::building
01081973944,QTS San Antonio II,TX,Bexar County,140321.0,29.4491563911304,-98.65314490826424,im3_us_data_center_locations,im3_us_data_center_locations.gpkg::building
01083841125,T5@Colorado Springs,CO,El Paso County,74307.0,38.78617187499131,-104.7885349003077,im3_us_data_center_locations,im3_us_data_center_locations.gpkg::building
01085608797,Flexential Tampa - North,FL,Hillsborough County,30643.0,28.07385598681517,-82.3683379069368,im3_us_data_center_locations,im3_us_data_center_locations.gpkg::building
01088203906,Amazon Web Services,VA,Loudoun County,96372.0,39.01674414789713,-77.45200064122655,im3_us_data_center_locations,im3_us_data_center_locations.gpkg::building
01088203907,Amazon Web Services,VA,Loudoun County,96367.0,39.01588594875254,-77.45314511765301,im3_us_data_center_locations,im3_us_data_center_locations.gpkg::building
01088241977,Aligned IAD02,VA,Loudoun County,208188.0,39.01041104054181,-77.47518883996233,im3_us_data_center_locations,im3_us_data_center_locations.gpkg::building
01090837713,QTS Manassas DC5,VA,Prince William County,153531.0,38.75469273948548,-77.51744670998576,im3_us_data_center_locations,im3_us_data_center_locations.gpkg::building
01091128478,PHX-11,AZ,Maricopa County,248866.0,33.40903088866142,-112.3648033961419,im3_us_data_center_locations,im3_us_data_center_locations.gpkg::building
01092283612,,NY,Rockland County,262772.0,41.05233000835496,-73.97183915643684,im3_us_data_center_locations,im3_us_data_center_locations.gpkg::building
01097502168,Flexential Atlanta - Douglasville 1,GA,Douglas County,213895.0,33.73105742976977,-84.61608084611743,im3_us_data_center_locations,im3_us_data_center_locations.gpkg::building
01103333136,Google,TN,Montgomery County,169733.0,36.62483034098189,-87.26351478308135,im3_us_data_center_locations,im3_us_data_center_locations.gpkg::building
01103333137,SPC3A,TN,Montgomery County,169748.0,36.62430276342711,-87.25902652953205,im3_us_data_center_locations,im3_us_data_center_locations.gpkg::building
01106454555,Amazon Web Services,VA,Loudoun County,132491.0,38.97955740282415,-77.41749033094966,im3_us_data_center_locations,im3_us_data_center_locations.gpkg::building
01109643936,,NY,Niagara County,61559.0,43.082056267934384,-79.03072271617526,im3_us_data_center_locations,im3_us_data_center_locations.gpkg::building
01109881281,TierPoint Valley Forge,PA,Montgomery County,62375.0,40.12187904293604,-75.42087693876488,im3_us_data_center_locations,im3_us_data_center_locations.gpkg::building
01114969101,,OR,Washington County,155423.0,45.55406423294568,-122.94931170322877,im3_us_data_center_locations,im3_us_data_center_locations.gpkg::building
01116775094,,NV,Storey County,628883.0,39.514067828488315,-119.47551375087221,im3_us_data_center_locations,im3_us_data_center_locations.gpkg::building
01116775095,,NV,Storey County,296544.0,39.51387049344325,-119.48485275056315,im3_us_data_center_locations,im3_us_data_center_locations.gpkg::building
01121188409,Flexential Salt Lake City - Fair Park,UT,Salt Lake County,12565.0,40.76678608763819,-111.92029244663202,im3_us_data_center_locations,im3_us_data_center_locations.gpkg::building
01121592786,CyrusOne San Antonio IV,TX,Bexar County,92543.0,29.470679241649435,-98.67062972115531,im3_us_data_center_locations,im3_us_data_center_locations.gpkg::building
01123249721,Equinix Ashburn DC16,VA,Loudoun County,87843.0,39.02425729354276,-77.45232686183614,im3_us_data_center_locations,im3_us_data_center_locations.gpkg::building
01124864831,Microsoft IAD11,VA,Loudoun County,242344.0,38.94825818613084,-77.5559109545917,im3_us_data_center_locations,im3_us_data_center_locations.gpkg::building
01126159710,Amazon PDX63,OR,Umatilla County,227376.0,45.901449845508274,-119.32052237838585,im3_us_data_center_locations,im3_us_data_center_locations.gpkg::building
01126159711,Amazon PDX65,OR,Umatilla County,217425.0,45.90276331956975,-119.32049760712083,im3_us_data_center_locations,im3_us_data_center_locations.gpkg::building
01126159714,Amazon PDX67,OR,Umatilla County,219900.0,45.90385105351774,-119.32048702148562,im3_us_data_center_locations,im3_us_data_center_locations.gpkg::building
01126159715,Amazon PDX69,OR,Umatilla County,219735.0,45.9050943707071,-119.32016656388497,im3_us_data_center_locations,im3_us_data_center_locations.gpkg::building
01127951468,,OR,Umatilla County,15313.0,45.915709847092806,-119.26998056724547,im3_us_data_center_locations,im3_us_data_center_locations.gpkg::building
01128589933,,VA,Loudoun County,242639.0,39.06964742434577,-77.56077132424072,im3_us_data_center_locations,im3_us_data_center_locations.gpkg::building
01128589934,,VA,Loudoun County,247061.0,39.0696544548206,-77.55943345346945,im3_us_data_center_locations,im3_us_data_center_locations.gpkg::building
01132541700,Meta Henrico Data Center,VA,Henrico County,604696.0,37.47784537590615,-77.22645499748526,im3_us_data_center_locations,im3_us_data_center_locations.gpkg::building
01132632705,QTS,AZ,Maricopa County,156513.0,33.460806376980806,-111.99712196333098,im3_us_data_center_locations,im3_us_data_center_locations.gpkg::building
01133944585,,IL,Madison County,204.0,38.81056014127996,-89.94870327621621,im3_us_data_center_locations,im3_us_data_center_locations.gpkg::building
01134104431,CoreSite Reston Campus VA2,VA,Fairfax County,40517.0,38.95145144209857,-77.3640040682946,im3_us_data_center_locations,im3_us_data_center_locations.gpkg::building
01134911640,AWS IAD105,VA,Prince William County,214270.0,38.747595868302135,-77.51947530248223,im3_us_data_center_locations,im3_us_data_center_locations.gpkg::building
01134911641,AWS IAD104,VA,Prince William County,214258.0,38.748373835423195,-77.52070480173404,im3_us_data_center_locations,im3_us_data_center_locations.gpkg::building
01134911642,QTS Manassas DC1,VA,Prince William County,123471.0,38.75251711498091,-77.51311070311338,im3_us_data_center_locations,im3_us_data_center_locations.gpkg::building
01143804764,,MD,Howard County,112205.0,39.13368478590359,-76.85140715035047,im3_us_data_center_locations,im3_us_data_center_locations.gpkg::building
01152747559,,OR,Crook County,455401.0,44.30167224151622,-120.89459613565029,im3_us_data_center_locations,im3_us_data_center_locations.gpkg::building
01152748037,,OR,Crook County,241183.0,44.299287947754344,-120.89459469330099,im3_us_data_center_locations,im3_us_data_center_locations.gpkg::building
01153935548,Digital Realty PDX11 Data Center,OR,Washington County,287848.0,45.568459285228734,-122.919968912523,im3_us_data_center_locations,im3_us_data_center_locations.gpkg::building
01154349280,Datacenter (386),IL,DuPage County,12413.0,41.707134165979966,-87.97595597595401,im3_us_data_center_locations,im3_us_data_center_locations.gpkg::building
01154503131,Amazon Web Services,OH,Franklin County,150776.0,40.10176652448264,-83.1995825830434,im3_us_data_center_locations,im3_us_data_center_locations.gpkg::building
01154503132,Amazon Web Services,OH,Franklin County,150211.0,40.100768130406955,-83.19947533976502,im3_us_data_center_locations,im3_us_data_center_locations.gpkg::building
01154503133,Amazon Web Services,OH,Franklin County,131786.0,40.09978650124,-83.1992604839832,im3_us_data_center_locations,im3_us_data_center_locations.gpkg::building
01154636644,NTT Chicago CH1,IL,DuPage County,113535.0,41.98791937605658,-88.00726495418601,im3_us_data_center_locations,im3_us_data_center_locations.gpkg::building
01157356188,,WI,Dunn County,3368.0,44.87716526998907,-91.91999887343924,im3_us_data_center_locations,im3_us_data_center_locations.gpkg::building
01160688107,CoreSite SV7,CA,Santa Clara County,60989.0,37.37607876788322,-121.97305665064762,im3_us_data_center_locations,im3_us_data_center_locations.gpkg::building
01160814413,Meta Huntsville Data center,AL,Madison County,578342.0,34.847333791994075,-86.6269185980179,im3_us_data_center_locations,im3_us_data_center_locations.gpkg::building
01160814415,Meta Huntsville Data center,AL,Madison County,352651.0,34.843182229068525,-86.62886566493462,im3_us_data_center_locations,im3_us_data_center_locations.gpkg::building
01160814416,Meta Huntsville Data center,AL,Madison County,857148.0,34.84043160671047,-86.62884123942305,im3_us_data_center_locations,im3_us_data_center_locations.gpkg::building
01161094246,Amazon Web Services,VA,Loudoun County,129566.0,38.979147452313484,-77.41990459458856,im3_us_data_center_locations,im3_us_data_center_locations.gpkg::building
01173537116,Microsoft EAT03,WA,Douglas County,235418.0,47.41832392189266,-120.20770997491815,im3_us_data_center_locations,im3_us_data_center_locations.gpkg::building
01173537117,Microsoft EAT04,WA,Douglas County,234834.0,47.419636588714944,-120.21382073657306,im3_us_data_center_locations,im3_us_data_center_locations.gpkg::building
01173569101,Microsoft,IA,Dallas County,250486.0,41.534990295223466,-93.86344403715006,im3_us_data_center_locations,im3_us_data_center_locations.gpkg::building
01173770902,Google: Arcola 2,VA,Loudoun County,289889.0,38.941821463981825,-77.52742942359154,im3_us_data_center_locations,im3_us_data_center_locations.gpkg::building
01173822721,EAT14,WA,Chelan County,241836.0,47.35949692084332,-120.16009077106149,im3_us_data_center_locations,im3_us_data_center_locations.gpkg::building
01173822722,EAT13,WA,Chelan County,232237.0,47.35842571835008,-120.15997586326914,im3_us_data_center_locations,im3_us_data_center_locations.gpkg::building
01173822723,EAT12,WA,Chelan County,248918.0,47.3574330116489,-120.15954624801125,im3_us_data_center_locations,im3_us_data_center_locations.gpkg::building
01177794153,,TX,Dallas County,141788.0,32.89476229626733,-96.98194594256125,im3_us_data_center_locations,im3_us_data_center_locations.gpkg::building
01177893426,Amazon IAD603,VA,Loudoun County,14733.0,38.981546018635534,-77.41935734925377,im3_us_data_center_locations,im3_us_data_center_locations.gpkg::building
01177975782,,WY,Laramie County,29178.0,41.125398685682946,-104.9075161092094,im3_us_data_center_locations,im3_us_data_center_locations.gpkg::building
01177975783,,WY,Laramie County,33657.0,41.12645973663428,-104.89953749554007,im3_us_data_center_locations,im3_us_data_center_locations.gpkg::building
01177975784,,WY,Laramie County,51590.0,41.12541097703015,-104.90197773507904,im3_us_data_center_locations,im3_us_data_center_locations.gpkg::building
01177975788,,WY,Laramie County,218419.0,41.12226600580698,-104.90814229902796,im3_us_data_center_locations,im3_us_data_center_locations.gpkg::building
01177975789,,WY,Laramie County,216879.0,41.12224618145857,-104.90951695028599,im3_us_data_center_locations,im3_us_data_center_locations.gpkg::building
01178609569,Flexential Philadelphia - Collegeville,PA,Montgomery County,110941.0,40.15222044689243,-75.47762899857408,im3_us_data_center_locations,im3_us_data_center_locations.gpkg::building
01181391920,Amazon IAD86,VA,Loudoun County,150112.0,38.91725619520494,-77.49567435184785,im3_us_data_center_locations,im3_us_data_center_locations.gpkg::building
01181391921,Amazon IAD130,VA,Prince William County,103128.0,38.76036060090534,-77.51930184592597,im3_us_data_center_locations,im3_us_data_center_locations.gpkg::building
01181391922,Amazon IAD131,VA,Prince William County,104697.0,38.76110475090396,-77.51822099585065,im3_us_data_center_locations,im3_us_data_center_locations.gpkg::building
01184066765,Meta Data Center,MO,Clay County,615937.0,39.322650867796824,-94.59806356908611,im3_us_data_center_locations,im3_us_data_center_locations.gpkg::building
01188680247,QTS Ashburn-Shellhorn DC2,VA,Loudoun County,152471.0,38.99877154862717,-77.47426402852584,im3_us_data_center_locations,im3_us_data_center_locations.gpkg::building
01188680253,QTS Ashburn Lockridge,VA,Loudoun County,153253.0,38.995355290859365,-77.45518312796617,im3_us_data_center_locations,im3_us_data_center_locations.gpkg::building
01188680254,QTS Ashburn Lockridge,VA,Loudoun County,135570.0,38.995198628642754,-77.45688789743473,im3_us_data_center_locations,im3_us_data_center_locations.gpkg::building
01188680255,Amazon IAD192,VA,Loudoun County,132942.0,38.989553544254186,-77.4348013050765,im3_us_data_center_locations,im3_us_data_center_locations.gpkg::building
01188691867,,VA,Loudoun County,91264.0,39.01710249054327,-77.47326655981455,im3_us_data_center_locations,im3_us_data_center_locations.gpkg::building
01188691868,NTT Ashburn VA8 Data Centre,VA,Loudoun County,111241.0,39.02019007893849,-77.47553126117117,im3_us_data_center_locations,im3_us_data_center_locations.gpkg::building
01188691869,DataBank Ashburn IAD3,VA,Loudoun County,146234.0,39.017878446923135,-77.48182767102682,im3_us_data_center_locations,im3_us_data_center_locations.gpkg::building
01188715508,PowerHouse ABX-1,VA,Loudoun County,131309.0,39.01957792722464,-77.45046549748376,im3_us_data_center_locations,im3_us_data_center_locations.gpkg::building
01188715510,,VA,Loudoun County,158127.0,39.01794777387917,-77.45947386528228,im3_us_data_center_locations,im3_us_data_center_locations.gpkg::building
01191496040,Meta,NM,Valencia County,588490.0,34.825839640241206,-106.77888911307576,im3_us_data_center_locations,im3_us_data_center_locations.gpkg::building
01193914601,,WA,Grant County,280235.0,47.24481075189648,-119.81798352548935,im3_us_data_center_locations,im3_us_data_center_locations.gpkg::building
01193914602,,WA,Grant County,147278.0,47.24427568966153,-119.81481251567007,im3_us_data_center_locations,im3_us_data_center_locations.gpkg::building
01202051225,Lightedge Des Moines 2,IA,Polk County,56626.0,41.66679862807146,-93.45595524492184,im3_us_data_center_locations,im3_us_data_center_locations.gpkg::building
01210199365,,NV,Washoe County,89816.0,39.56971060147777,-119.5378594125417,im3_us_data_center_locations,im3_us_data_center_locations.gpkg::building
01210199366,,NV,Washoe County,89816.0,39.570052601477805,-119.53709171254167,im3_us_data_center_locations,im3_us_data_center_locations.gpkg::building
01210199367,,NV,Washoe County,89821.0,39.57059170801203,-119.53603404605106,im3_us_data_center_locations,im3_us_data_center_locations.gpkg::building
01210199368,,NV,Washoe County,89824.0,39.57098620148502,-119.5353175625486,im3_us_data_center_locations,im3_us_data_center_locations.gpkg::building
01210421871,Carrier Services Group,OH,Mahoning County,75379.0,41.04105972873746,-80.63309049266806,im3_us_data_center_locations,im3_us_data_center_locations.gpkg::building
01210515186,Flexential Nashville - Cool Springs,TN,Williamson County,69261.0,35.9510406627101,-86.83338099610178,im3_us_data_center_locations,im3_us_data_center_locations.gpkg::building
01211362828,,WI,Columbia County,361.0,43.63833310938071,-89.72140293849328,im3_us_data_center_locations,im3_us_data_center_locations.gpkg::building
01217649348,Aligned Data Center - Chicago ORD-01,IL,Cook County,194551.0,41.91398308559336,-87.91746545885744,im3_us_data_center_locations,im3_us_data_center_locations.gpkg::building
01217649350,Aligned Data Center - Chicago ORD-02,IL,Cook County,111422.0,41.91296223024628,-87.91749234723224,im3_us_data_center_locations,im3_us_data_center_locations.gpkg::building
01219083552,,IL,Cook County,110471.0,42.02314332706365,-87.97218622171744,im3_us_data_center_locations,im3_us_data_center_locations.gpkg::building
01219083554,T5 Chicago II,IL,Cook County,163237.0,42.02304233326569,-87.97555687597257,im3_us_data_center_locations,im3_us_data_center_locations.gpkg::building
01221574918,Cortex supercomputer,TX,Travis County,427833.0,30.21539943501369,-97.61896045736678,im3_us_data_center_locations,im3_us_data_center_locations.gpkg::building
01221862807,AWS IAD106,VA,Prince William County,205206.0,38.74697497598997,-77.51852812758843,im3_us_data_center_locations,im3_us_data_center_locations.gpkg::building
01222007663,Google NBY-2,OH,Licking County,138878.0,40.05963281203005,-82.76452657909626,im3_us_data_center_locations,im3_us_data_center_locations.gpkg::building
01222134968,Amazon Web Services,VA,Loudoun County,14235.0,38.94913486865636,-77.52358042964754,im3_us_data_center_locations,im3_us_data_center_locations.gpkg::building
01226436454,,IA,Pottawattamie County,117949.0,41.21209899075678,-95.87791366422857,im3_us_data_center_locations,im3_us_data_center_locations.gpkg::building
01226439731,Amazon Web Services,OR,Morrow County,213843.0,45.836184457262725,-119.69404769468917,im3_us_data_center_locations,im3_us_data_center_locations.gpkg::building
01227550179,Novartis,TX,Tarrant County,42691.0,32.65123418104135,-97.31970940523344,im3_us_data_center_locations,im3_us_data_center_locations.gpkg::building
01227604493,Equinix SV11,CA,Santa Clara County,76977.0,37.24260507449007,-121.7839986384854,im3_us_data_center_locations,im3_us_data_center_locations.gpkg::building
01227612684,Amazon IAD103,VA,Prince William County,141914.0,38.73698426710412,-77.50407510523524,im3_us_data_center_locations,im3_us_data_center_locations.gpkg::building
01227614670,CloudHQ MCC3,VA,Prince William County,122891.0,38.714970310843384,-77.49512778426042,im3_us_data_center_locations,im3_us_data_center_locations.gpkg::building
01227682824,CyrusOne PHX8,AZ,Maricopa County,138766.0,33.26634359950168,-111.88328970114857,im3_us_data_center_locations,im3_us_data_center_locations.gpkg::building
01227684019,CyrusOne PHX3,AZ,Maricopa County,107618.0,33.271968058402116,-111.88162712790563,im3_us_data_center_locations,im3_us_data_center_locations.gpkg::building
01227684020,CyrusOne PHX4,AZ,Maricopa County,108957.0,33.27193710235771,-111.88328211364427,im3_us_data_center_locations,im3_us_data_center_locations.gpkg::building
01227777116,Vantage VA13,VA,Loudoun County,261859.0,39.00310829243192,-77.43985079751437,im3_us_data_center_locations,im3_us_data_center_locations.gpkg::building
01227883682,Lightedge Des Moines 1,IA,Polk County,30078.0,41.66765686470181,-93.45548176472273,im3_us_data_center_locations,im3_us_data_center_locations.gpkg::building
01235150788,Yahoo,NE,Sarpy County,237691.0,41.180499991010024,-96.08489874916177,im3_us_data_center_locations,im3_us_data_center_locations.gpkg::building
01235255415,,NM,Doña Ana County,31837.0,32.30965547587507,-106.72917107190823,im3_us_data_center_locations,im3_us_data_center_locations.gpkg::building
01235846520,Verizon North Las Vegas,NV,Clark County,25096.0,36.22189342504773,-115.14705545021235,im3_us_data_center_locations,im3_us_data_center_locations.gpkg::building
01237493975,Google,NE,Sarpy County,292941.0,41.13491995864724,-96.1440729015135,im3_us_data_center_locations,im3_us_data_center_locations.gpkg::building
01237494981,Google,NE,Sarpy County,297438.0,41.13439327581521,-96.15590606506956,im3_us_data_center_locations,im3_us_data_center_locations.gpkg::building
01238705019,Involta Independence,OH,Cuyahoga County,26393.0,41.36106237331226,-81.63280479310477,im3_us_data_center_locations,im3_us_data_center_locations.gpkg::building
01238955720,Bloomberg Data Center,NY,Rockland County,182539.0,41.0362703541861,-73.98749369632571,im3_us_data_center_locations,im3_us_data_center_locations.gpkg::building
01238955733,fifteenfortyseven CSR ORNY1,NY,Rockland County,151516.0,41.034484503180394,-73.97576449873921,im3_us_data_center_locations,im3_us_data_center_locations.gpkg::building
01243089554,Stack Infrastructure Portland 3 Data Center -Bld POR3b,OR,Washington County,91092.0,45.554215595612916,-122.93942746009343,im3_us_data_center_locations,im3_us_data_center_locations.gpkg::building
01243089555,Stack Infrastructure Portland 3 Data Center -Bld POR3c,OR,Washington County,93274.0,45.55421716185695,-122.94093896568214,im3_us_data_center_locations,im3_us_data_center_locations.gpkg::building
01252196797,Amazon Web Services,VA,Fairfax County,120946.0,38.90434587232984,-77.45247339430483,im3_us_data_center_locations,im3_us_data_center_locations.gpkg::building
01252196798,Amazon Web Services,VA,Fairfax County,118988.0,38.90483706376053,-77.45475996912757,im3_us_data_center_locations,im3_us_data_center_locations.gpkg::building
01252196799,Amazon Web Services,VA,Loudoun County,87645.0,38.915904671232965,-77.49055174718535,im3_us_data_center_locations,im3_us_data_center_locations.gpkg::building
01252196800,Amazon Web Services,VA,Loudoun County,13879.0,38.91498995679571,-77.49097634789652,im3_us_data_center_locations,im3_us_data_center_locations.gpkg::building
01252196801,Amazon Web Services CMH62,OH,Licking County,136329.0,40.09298279215547,-82.74763713445286,im3_us_data_center_locations,im3_us_data_center_locations.gpkg::building
01252196802,Amazon Web Services,OH,Licking County,214329.0,40.09344044223075,-82.7321598268788,im3_us_data_center_locations,im3_us_data_center_locations.gpkg::building
01252196803,Amazon Web Services,OH,Licking County,214261.0,40.09215828085437,-82.72755119564094,im3_us_data_center_locations,im3_us_data_center_locations.gpkg::building
01252196804,Amazon Web Services,OH,Licking County,14223.0,40.092965346506006,-82.72649053707603,im3_us_data_center_locations,im3_us_data_center_locations.gpkg::building
01252196805,Amazon Web Services,OH,Union County,218032.0,40.11625887855608,-83.20139113655297,im3_us_data_center_locations,im3_us_data_center_locations.gpkg::building
01252196806,,OH,Union County,213349.0,40.11739966334843,-83.20208181892225,im3_us_data_center_locations,im3_us_data_center_locations.gpkg::building
01252196807,Amazon Web Services,OH,Union County,13652.0,40.11904802129847,-83.20025962657277,im3_us_data_center_locations,im3_us_data_center_locations.gpkg::building
01252196808,Amazon Web Services,OH,Franklin County,220580.0,40.04935754088761,-83.17546025829033,im3_us_data_center_locations,im3_us_data_center_locations.gpkg::building
01252196809,,OH,Franklin County,217845.0,40.04813089818562,-83.17528384542761,im3_us_data_center_locations,im3_us_data_center_locations.gpkg::building
01252196810,Amazon Web Services,OH,Franklin County,14456.0,40.04790974075581,-83.17754692245403,im3_us_data_center_locations,im3_us_data_center_locations.gpkg::building
01252196811,Google NBY-3,OH,Licking County,284807.0,40.05795740696205,-82.76528495795795,im3_us_data_center_locations,im3_us_data_center_locations.gpkg::building
01252196812,Google NBY-4,OH,Franklin County,294201.0,40.059342128156295,-82.77177556209224,im3_us_data_center_locations,im3_us_data_center_locations.gpkg::building
01252196813,Meta New Albany Data Center,OH,Licking County,608761.0,40.060379703786474,-82.75098831560908,im3_us_data_center_locations,im3_us_data_center_locations.gpkg::building
01252196814,Google,OH,Franklin County,289874.0,39.85209794675051,-82.99487523065918,im3_us_data_center_locations,im3_us_data_center_locations.gpkg::building
01252196815,Google,VA,Prince William County,289731.0,38.776122951150654,-77.58252358239119,im3_us_data_center_locations,im3_us_data_center_locations.gpkg::building
01252196816,Amazon Web Services,OR,Morrow County,210570.0,45.85874996159125,-119.60509631980196,im3_us_data_center_locations,im3_us_data_center_locations.gpkg::building
01252196817,Amazon Web Services,OR,Morrow County,211904.0,45.86008348238562,-119.60513360298897,im3_us_data_center_locations,im3_us_data_center_locations.gpkg::building
01252196818,Amazon Web Services,OR,Morrow County,216528.0,45.8609694312574,-119.6051531215301,im3_us_data_center_locations,im3_us_data_center_locations.gpkg::building
01252196819,Amazon Web Services,OR,Morrow County,13765.0,45.841481031506696,-119.6517767921927,im3_us_data_center_locations,im3_us_data_center_locations.gpkg::building
01252196820,Amazon Web Services,OR,Umatilla County,216430.0,45.9206369354048,-119.23183081247244,im3_us_data_center_locations,im3_us_data_center_locations.gpkg::building
01252196821,Amazon Web Services,OR,Umatilla County,211240.0,45.92064708433544,-119.22998114838396,im3_us_data_center_locations,im3_us_data_center_locations.gpkg::building
01252196822,Amazon Web Services,OR,Umatilla County,216777.0,45.79777489027666,-119.361958718014,im3_us_data_center_locations,im3_us_data_center_locations.gpkg::building
01252196823,Amazon Web Services,OR,Umatilla County,216903.0,45.799165042059165,-119.3666580013381,im3_us_data_center_locations,im3_us_data_center_locations.gpkg::building
01252196824,Google,OH,Fairfield County,289253.0,39.724010166114695,-82.69112739236837,im3_us_data_center_locations,im3_us_data_center_locations.gpkg::building
01252196825,Amazon Web Services,VA,Prince William County,212702.0,38.746145819498636,-77.51721534270156,im3_us_data_center_locations,im3_us_data_center_locations.gpkg::building
01252196826,Amazon Web Services,VA,Loudoun County,133944.0,38.92131351222202,-77.48579976531855,im3_us_data_center_locations,im3_us_data_center_locations.gpkg::building
01253282099,Amazon Web Services,VA,Loudoun County,14683.0,38.99509407061763,-77.47107161222901,im3_us_data_center_locations,im3_us_data_center_locations.gpkg::building
01253282100,Meta Sarpy Data center,NE,Sarpy County,628560.0,41.123572980157554,-96.13289444072417,im3_us_data_center_locations,im3_us_data_center_locations.gpkg::building
01253282101,Meta Sarpy Data center,NE,Sarpy County,625288.0,41.114329237977906,-96.1428365153122,im3_us_data_center_locations,im3_us_data_center_locations.gpkg::building
01253282102,Meta Sarpy Data center,NE,Sarpy County,286253.0,41.11216327459793,-96.14155463388816,im3_us_data_center_locations,im3_us_data_center_locations.gpkg::building
01253282103,Meta,IA,Polk County,493366.0,41.67557150002093,-93.50965654880697,im3_us_data_center_locations,im3_us_data_center_locations.gpkg::building
01253282104,Meta,IA,Polk County,601076.0,41.67582283535729,-93.50603124097204,im3_us_data_center_locations,im3_us_data_center_locations.gpkg::building
01258702591,Flexential Atlanta - Douglasville 2,GA,Douglas County,311176.0,33.73070271823669,-84.61123970385259,im3_us_data_center_locations,im3_us_data_center_locations.gpkg::building
01263819877,,NV,Clark County,241776.0,36.06402201453284,-115.22111213586722,im3_us_data_center_locations,im3_us_data_center_locations.gpkg::building
01268789798,Windbreak Cable,WY,Laramie County,1114.0,41.18260120002003,-104.0684982999999,im3_us_data_center_locations,im3_us_data_center_locations.gpkg::building
01269259655,,VA,Manassas city,95987.0,38.740435867935545,-77.50398435557676,im3_us_data_center_locations,im3_us_data_center_locations.gpkg::building
01271571726,NTT Chicago CH2,IL,DuPage County,115555.0,41.98896681192547,-88.00725702699874,im3_us_data_center_locations,im3_us_data_center_locations.gpkg::building
01276373853,,OR,Crook County,275217.0,44.28575425519378,-120.8699210224936,im3_us_data_center_locations,im3_us_data_center_locations.gpkg::building
01276518679,Amazon IAD214,VA,Loudoun County,113421.0,38.986526005508004,-77.435175737807,im3_us_data_center_locations,im3_us_data_center_locations.gpkg::building
01276518684,Aligned IAD03,VA,Loudoun County,79844.0,38.988620947417836,-77.4407518987356,im3_us_data_center_locations,im3_us_data_center_locations.gpkg::building
01276518687,Digital Realty IAD55,VA,Loudoun County,85319.0,38.99226912328289,-77.43393215610038,im3_us_data_center_locations,im3_us_data_center_locations.gpkg::building
01278541792,Involta-Akron,OH,Summit County,59427.0,41.057431068795566,-81.52197151267426,im3_us_data_center_locations,im3_us_data_center_locations.gpkg::building
01280340212,Amazon Web Services,VA,Loudoun County,13569.0,38.94736148494224,-77.5202261632775,im3_us_data_center_locations,im3_us_data_center_locations.gpkg::building
01280340213,Amazon Web Services,VA,Loudoun County,14079.0,38.98357495375973,-77.41752673157097,im3_us_data_center_locations,im3_us_data_center_locations.gpkg::building
01280340214,Amazon Web Services,VA,Prince William County,129225.0,38.80289734729966,-77.6221271999352,im3_us_data_center_locations,im3_us_data_center_locations.gpkg::building
01280340215,Amazon Web Services,VA,Prince William County,14507.0,38.7451198113642,-77.53309395336687,im3_us_data_center_locations,im3_us_data_center_locations.gpkg::building
01280340216,Amazon Web Services,VA,Prince William County,14389.0,38.81459760122616,-77.65433143122239,im3_us_data_center_locations,im3_us_data_center_locations.gpkg::building
01280340217,Amazon Web Services,VA,Prince William County,149332.0,38.81696824406837,-77.65215913005484,im3_us_data_center_locations,im3_us_data_center_locations.gpkg::building
01280344148,Amazon Web Services,OH,Union County,233609.0,40.13418977024933,-83.21583366417357,im3_us_data_center_locations,im3_us_data_center_locations.gpkg::building
01280344149,Amazon Web Services,OR,Umatilla County,225421.0,45.92059672458088,-119.22880463589557,im3_us_data_center_locations,im3_us_data_center_locations.gpkg::building
01280344150,Amazon Web Services,OR,Umatilla County,217375.0,45.920560005801455,-119.22700425422059,im3_us_data_center_locations,im3_us_data_center_locations.gpkg::building
01280344151,Amazon Web Services,OR,Umatilla County,16064.0,45.919515285726376,-119.22609033042734,im3_us_data_center_locations,im3_us_data_center_locations.gpkg::building
01280344153,Amazon Web Services,OR,Umatilla County,218698.0,45.88251750222229,-119.3416517837596,im3_us_data_center_locations,im3_us_data_center_locations.gpkg::building
01280344154,Amazon Web Services,OR,Morrow County,211930.0,45.86225295877379,-119.60511168543225,im3_us_data_center_locations,im3_us_data_center_locations.gpkg::building
01280344155,Amazon Web Services,OR,Morrow County,12811.0,45.85803760730771,-119.60487161226038,im3_us_data_center_locations,im3_us_data_center_locations.gpkg::building
01280344156,Amazon Web Services,OR,Morrow County,13923.0,45.840670297393935,-119.65130207689772,im3_us_data_center_locations,im3_us_data_center_locations.gpkg::building
01280344157,Amazon Web Services,OR,Morrow County,212775.0,45.81993095962179,-119.63208588156591,im3_us_data_center_locations,im3_us_data_center_locations.gpkg::building
01282332209,UPS Data Center,GA,Forsyth County,173693.0,34.10338317620051,-84.2149739266172,im3_us_data_center_locations,im3_us_data_center_locations.gpkg::building
01283698132,Iron Mountain VA-3,VA,Prince William County,181174.0,38.77550687563078,-77.54520013096746,im3_us_data_center_locations,im3_us_data_center_locations.gpkg::building
01283734104,Microsoft,AZ,Maricopa County,238581.0,33.44634015387983,-112.37391953991316,im3_us_data_center_locations,im3_us_data_center_locations.gpkg::building
01287260553,Google,VA,Prince William County,289621.0,38.7744165289811,-77.58562711780785,im3_us_data_center_locations,im3_us_data_center_locations.gpkg::building
01287260554,Amazon Web Services,VA,Prince William County,127010.0,38.80185736221658,-77.62121027768342,im3_us_data_center_locations,im3_us_data_center_locations.gpkg::building
01287260555,Amazon Web Services,VA,Prince William County,130170.0,38.80125678726276,-77.62048061962223,im3_us_data_center_locations,im3_us_data_center_locations.gpkg::building
01287260556,Iron Mountain VA-4,VA,Prince William County,89044.0,38.77442331044019,-77.54222100424613,im3_us_data_center_locations,im3_us_data_center_locations.gpkg::building
01287260557,Iron Mountain VA-5,VA,Prince William County,106629.0,38.77304294726684,-77.54116863541392,im3_us_data_center_locations,im3_us_data_center_locations.gpkg::building
01287260558,QTS Manassas DC2,VA,Prince William County,137971.0,38.75319464399268,-77.51079702257591,im3_us_data_center_locations,im3_us_data_center_locations.gpkg::building
01287260559,,VA,Prince William County,139592.0,38.758875222417394,-77.51665238523324,im3_us_data_center_locations,im3_us_data_center_locations.gpkg::building
01287260560,Google,IA,Pottawattamie County,294718.0,41.17359488843065,-95.79220329121617,im3_us_data_center_locations,im3_us_data_center_locations.gpkg::building
01287260561,Google,IA,Pottawattamie County,296835.0,41.17359750472643,-95.78867836937772,im3_us_data_center_locations,im3_us_data_center_locations.gpkg::building
01292897241,42311 THUNDERBALL DR,VA,Loudoun County,40683.0,39.042552536948456,-77.53829965963824,im3_us_data_center_locations,im3_us_data_center_locations.gpkg::building
01292897242,42255 THUNDERBALL DR,VA,Loudoun County,60458.0,39.04162316420013,-77.53922373708994,im3_us_data_center_locations,im3_us_data_center_locations.gpkg::building
01292897243,42254 THUNDERBALL DR,VA,Loudoun County,77498.0,39.04350173521111,-77.54087429950766,im3_us_data_center_locations,im3_us_data_center_locations.gpkg::building
01294595615,Meta Gallatin Data Center,TN,Sumner County,626571.0,36.411865445114714,-86.36966140352041,im3_us_data_center_locations,im3_us_data_center_locations.gpkg::building
01296163129,Modesto Junior College West Data Center,CA,Stanislaus County,6017.0,37.66514737401328,-121.04003747175075,im3_us_data_center_locations,im3_us_data_center_locations.gpkg::building
01296723872,GVTC,TX,Bexar County,445.0,29.68640301722139,-98.4626474985889,im3_us_data_center_locations,im3_us_data_center_locations.gpkg::building
01300765126,Stream Data Centers,TX,Dallas County,280635.0,32.9836681552358,-96.65427329455417,im3_us_data_center_locations,im3_us_data_center_locations.gpkg::building
01301654223,,VA,Loudoun County,130181.0,38.94801698707017,-77.55898682593282,im3_us_data_center_locations,im3_us_data_center_locations.gpkg::building
01301654224,,VA,Loudoun County,130174.0,38.95006466711818,-77.55887032015698,im3_us_data_center_locations,im3_us_data_center_locations.gpkg::building
01304357577,Iron Mountain VA-6,VA,Prince William County,181918.0,38.76814288611768,-77.53864812619635,im3_us_data_center_locations,im3_us_data_center_locations.gpkg::building
01307072785,Ark Duluth Data Center,MN,St. Louis County,27162.0,46.82746658999977,-92.13043071418325,im3_us_data_center_locations,im3_us_data_center_locations.gpkg::building
01307920829,Flexential Charlotte - North,NC,Mecklenburg County,62809.0,35.32975386752092,-80.76578188627896,im3_us_data_center_locations,im3_us_data_center_locations.gpkg::building
01309123033,Equinix Ashburn DC6,VA,Loudoun County,70526.0,39.01519834588525,-77.4595379709394,im3_us_data_center_locations,im3_us_data_center_locations.gpkg::building
01309123034,Equinix Ashburn DC4,VA,Loudoun County,101052.0,39.016407623551665,-77.46188736227928,im3_us_data_center_locations,im3_us_data_center_locations.gpkg::building
01310628998,,TX,Bexar County,36241.0,29.580141455082334,-98.54132736832202,im3_us_data_center_locations,im3_us_data_center_locations.gpkg::building
01312792611,,IL,DeKalb County,568454.0,41.88853040860736,-88.72185807435966,im3_us_data_center_locations,im3_us_data_center_locations.gpkg::building
01312792612,,IL,DeKalb County,568442.0,41.88928381978822,-88.73105377072714,im3_us_data_center_locations,im3_us_data_center_locations.gpkg::building
01312792613,,IL,DeKalb County,320184.0,41.89027497092366,-88.72635519613044,im3_us_data_center_locations,im3_us_data_center_locations.gpkg::building
01312795639,Meta Gallatin Data Center,TN,Sumner County,626568.0,36.41135065140836,-86.3660125010422,im3_us_data_center_locations,im3_us_data_center_locations.gpkg::building
01312795640,Meta Gallatin Data Center,TN,Sumner County,626683.0,36.40604868216981,-86.36660783519794,im3_us_data_center_locations,im3_us_data_center_locations.gpkg::building
01312801354,Google,NE,Sarpy County,297414.0,41.1379099302681,-96.15143114556095,im3_us_data_center_locations,im3_us_data_center_locations.gpkg::building
01313995085,,CA,Santa Clara County,124069.0,37.370642952923895,-121.97450722223287,im3_us_data_center_locations,im3_us_data_center_locations.gpkg::building
01314010354,Vantage Santa Clara CA2,CA,Santa Clara County,132031.0,37.36403183434052,-121.9468448755741,im3_us_data_center_locations,im3_us_data_center_locations.gpkg::building
01314012931,Digital Realty Silicon Valley SJC37,CA,Santa Clara County,155689.0,37.37093636866237,-121.9472163527582,im3_us_data_center_locations,im3_us_data_center_locations.gpkg::building
01315636714,QTS,AZ,Maricopa County,162484.0,33.46474691950877,-111.99753426906965,im3_us_data_center_locations,im3_us_data_center_locations.gpkg::building
01317733642,Digital Realty Northern Virginia IAD44,VA,Loudoun County,399540.0,38.96085555401278,-77.49143162866764,im3_us_data_center_locations,im3_us_data_center_locations.gpkg::building
01318322071,Microsoft,IA,Warren County,247197.0,41.49580619609169,-93.78705539830351,im3_us_data_center_locations,im3_us_data_center_locations.gpkg::building
01318322073,Microsoft,IA,Warren County,247201.0,41.494749896092024,-93.7870205983035,im3_us_data_center_locations,im3_us_data_center_locations.gpkg::building
01318322780,Apple,IA,Dallas County,313804.0,41.616851127761585,-93.92440196315309,im3_us_data_center_locations,im3_us_data_center_locations.gpkg::building
01319637945,,VA,Loudoun County,172204.0,38.94986181026408,-77.5495090011084,im3_us_data_center_locations,im3_us_data_center_locations.gpkg::building
01319724559,,OH,Delaware County,307645.0,40.22452425388648,-83.04586008454727,im3_us_data_center_locations,im3_us_data_center_locations.gpkg::building
01320038649,DC BLOX Myrtle Beach Cable Landing Station,SC,Horry County,91946.0,33.674583221801456,-78.94369603285817,im3_us_data_center_locations,im3_us_data_center_locations.gpkg::building
01320683840,,NV,Storey County,390893.0,39.51151960465572,-119.48330528884722,im3_us_data_center_locations,im3_us_data_center_locations.gpkg::building
01333205262,,VA,Loudoun County,200169.0,39.05842724907653,-77.54975704380365,im3_us_data_center_locations,im3_us_data_center_locations.gpkg::building
01333205263,,VA,Loudoun County,153155.0,39.066015331021106,-77.55856949362979,im3_us_data_center_locations,im3_us_data_center_locations.gpkg::building
01340746574,Meta,NM,Valencia County,588461.0,34.825823197722954,-106.78246827061649,im3_us_data_center_locations,im3_us_data_center_locations.gpkg::building
01343100173,DataBank,MN,Hennepin County,114648.0,45.14371136905177,-93.38712828955705,im3_us_data_center_locations,im3_us_data_center_locations.gpkg::building
01343760339,Vantage WA13,WA,Grant County,252025.0,47.25252755404145,-119.81362252658953,im3_us_data_center_locations,im3_us_data_center_locations.gpkg::building
01343761104,,WA,Grant County,119147.0,47.243644913836484,-119.86905124992496,im3_us_data_center_locations,im3_us_data_center_locations.gpkg::building
01343764880,,VA,Fairfax County,135479.0,38.92277280028818,-77.42787142077401,im3_us_data_center_locations,im3_us_data_center_locations.gpkg::building
01343764881,,VA,Fairfax County,130413.0,38.921124573021366,-77.42655352213022,im3_us_data_center_locations,im3_us_data_center_locations.gpkg::building
01343764882,,VA,Fairfax County,132753.0,38.9226915826871,-77.42630675543383,im3_us_data_center_locations,im3_us_data_center_locations.gpkg::building
01344369104,Amazon,TX,Bexar County,104910.0,29.450736236167327,-98.63871379564972,im3_us_data_center_locations,im3_us_data_center_locations.gpkg::building
01344369111,,TX,Bexar County,64212.0,29.41845384292862,-98.788807852764,im3_us_data_center_locations,im3_us_data_center_locations.gpkg::building
01344376231,Csquare SFO4,CA,Santa Clara County,32249.0,37.375755231047876,-121.95626909177358,im3_us_data_center_locations,im3_us_data_center_locations.gpkg::building
01344901567,,VA,Loudoun County,128835.0,39.00044576934913,-77.46077416535871,im3_us_data_center_locations,im3_us_data_center_locations.gpkg::building
01344901568,,VA,Loudoun County,130571.0,38.99911305239166,-77.46086691565762,im3_us_data_center_locations,im3_us_data_center_locations.gpkg::building
01344901575,Vantage VA2,VA,Loudoun County,187488.0,38.997958810114476,-77.4302535156073,im3_us_data_center_locations,im3_us_data_center_locations.gpkg::building
01351049826,DataBank Santa Clara SFO1,CA,Santa Clara County,26781.0,37.40729868242747,-121.96595642250189,im3_us_data_center_locations,im3_us_data_center_locations.gpkg::building
01365213539,PTC,OR,Linn County,2521.0,44.77521879334287,-122.61593123751021,im3_us_data_center_locations,im3_us_data_center_locations.gpkg::building
01368776076,,IA,Polk County,263940.0,41.51586406763058,-93.72031237839327,im3_us_data_center_locations,im3_us_data_center_locations.gpkg::building
01368776077,,IA,Polk County,248069.0,41.516863672550784,-93.71976722360252,im3_us_data_center_locations,im3_us_data_center_locations.gpkg::building
01371348227,CenturyLink,MO,Caldwell County,1433.0,39.74404823646494,-93.9973760190651,im3_us_data_center_locations,im3_us_data_center_locations.gpkg::building
01372772726,,AZ,Maricopa County,241211.0,33.35323014577916,-111.67808965639534,im3_us_data_center_locations,im3_us_data_center_locations.gpkg::building
01374895921,Amazon Web Services,OR,Umatilla County,218723.0,45.87953253861672,-119.34163563129185,im3_us_data_center_locations,im3_us_data_center_locations.gpkg::building
01374895922,Amazon Web Services,OR,Umatilla County,218708.0,45.88252484149941,-119.3396900641125,im3_us_data_center_locations,im3_us_data_center_locations.gpkg::building
01375443893,,OH,Licking County,95190.0,40.05924761990545,-82.76269811748983,im3_us_data_center_locations,im3_us_data_center_locations.gpkg::building
01375475071,Microsoft,IA,Dallas County,250490.0,41.53391629522377,-93.86343863715007,im3_us_data_center_locations,im3_us_data_center_locations.gpkg::building
01375475072,Microsoft,IA,Dallas County,250494.0,41.53283774495582,-93.86346169206517,im3_us_data_center_locations,im3_us_data_center_locations.gpkg::building
01375475073,Microsoft,IA,Dallas County,250498.0,41.53181414495484,-93.86344214206296,im3_us_data_center_locations,im3_us_data_center_locations.gpkg::building
01379421123,Flexential Las Vegas - Downtown,NV,Clark County,439.0,36.168643800000766,-115.14314455000994,im3_us_data_center_locations,im3_us_data_center_locations.gpkg::building
01380114462,,VA,Fauquier County,59703.0,38.73721263324728,-77.82624892405599,im3_us_data_center_locations,im3_us_data_center_locations.gpkg::building
01380114463,,VA,Fauquier County,107125.0,38.73822200703171,-77.82580618898835,im3_us_data_center_locations,im3_us_data_center_locations.gpkg::building
01381264361,xAI Colossus,TN,Shelby County,776966.0,35.05996022239821,-90.15645222216364,im3_us_data_center_locations,im3_us_data_center_locations.gpkg::building
01381994242,,VA,Loudoun County,460596.0,39.002357506539106,-77.47199251742943,im3_us_data_center_locations,im3_us_data_center_locations.gpkg::building
01382205749,T5@Cleveland,OH,Cuyahoga County,244723.0,41.44246938202044,-81.80215430324107,im3_us_data_center_locations,im3_us_data_center_locations.gpkg::building
01383913490,Databank LGA3,NY,Rockland County,197452.0,41.0399432449328,-73.98965093105873,im3_us_data_center_locations,im3_us_data_center_locations.gpkg::building
01383916144,CoreSite NY3,NJ,Hudson County,39679.0,40.784903830537054,-74.06535725613013,im3_us_data_center_locations,im3_us_data_center_locations.gpkg::building
01386016627,Amazon Web Services,OH,Licking County,213519.0,40.10242869167073,-82.75012924483033,im3_us_data_center_locations,im3_us_data_center_locations.gpkg::building
01386016628,Amazon Web Services,OH,Licking County,125656.0,40.10197816995511,-82.75191229497905,im3_us_data_center_locations,im3_us_data_center_locations.gpkg::building
01386016629,Amazon Web Services,OH,Licking County,213118.0,40.09421858757698,-82.73211149672552,im3_us_data_center_locations,im3_us_data_center_locations.gpkg::building
01386016630,Amazon Web Services,OH,Licking County,72426.0,40.09437825776618,-82.72928126568107,im3_us_data_center_locations,im3_us_data_center_locations.gpkg::building
01386016631,Amazon Web Services,OH,Licking County,211441.0,40.0955017340038,-82.73200435141196,im3_us_data_center_locations,im3_us_data_center_locations.gpkg::building
01386016632,Google NBY-5,OH,Franklin County,287008.0,40.05652000741912,-82.772048580204,im3_us_data_center_locations,im3_us_data_center_locations.gpkg::building
01386016633,Google NBY-6,OH,Franklin County,287583.0,40.05392734996134,-82.76761078944944,im3_us_data_center_locations,im3_us_data_center_locations.gpkg::building
01386016633,Google NBY-6,OH,Licking County,287583.0,40.05392734996134,-82.76761078944944,im3_us_data_center_locations,im3_us_data_center_locations.gpkg::building
01386016634,Meta,OH,Licking County,365548.0,40.06149628180154,-82.74054460541299,im3_us_data_center_locations,im3_us_data_center_locations.gpkg::building
01386016635,Meta,OH,Licking County,304109.0,40.065239403615855,-82.74114938512078,im3_us_data_center_locations,im3_us_data_center_locations.gpkg::building
01386016636,Amazon Web Services,OH,Union County,210421.0,40.13579696334773,-83.21264447651147,im3_us_data_center_locations,im3_us_data_center_locations.gpkg::building
01386016637,Amazon Web Services,OH,Union County,156855.0,40.12007223395813,-83.19930886076622,im3_us_data_center_locations,im3_us_data_center_locations.gpkg::building
01386016638,Amazon Web Services,OH,Union County,211969.0,40.11930148042772,-83.20321748466178,im3_us_data_center_locations,im3_us_data_center_locations.gpkg::building
01386016639,Amazon Web Services,OH,Union County,216190.0,40.11811210088951,-83.20252284370741,im3_us_data_center_locations,im3_us_data_center_locations.gpkg::building
01386016640,Amazon Web Services,OH,Franklin County,214085.0,40.05017566216084,-83.17552394889911,im3_us_data_center_locations,im3_us_data_center_locations.gpkg::building
01386016641,Amazon Web Services,OH,Franklin County,211155.0,40.05152799488423,-83.17571627041164,im3_us_data_center_locations,im3_us_data_center_locations.gpkg::building
01386016642,Amazon Web Services,OH,Franklin County,212842.0,40.01641808152992,-83.12585830529049,im3_us_data_center_locations,im3_us_data_center_locations.gpkg::building
01386016643,Amazon Web Services,OH,Franklin County,217920.0,40.02101728573019,-83.12602357320513,im3_us_data_center_locations,im3_us_data_center_locations.gpkg::building
01386017490,Amazon Web Services,OR,Morrow County,214042.0,45.85173142305967,-119.61966295645043,im3_us_data_center_locations,im3_us_data_center_locations.gpkg::building
01386017491,Amazon Web Services,OR,Morrow County,210337.0,45.85310039256019,-119.61968497991583,im3_us_data_center_locations,im3_us_data_center_locations.gpkg::building
01386017492,Amazon Web Services,OR,Morrow County,210662.0,45.81870682167566,-119.63200543136975,im3_us_data_center_locations,im3_us_data_center_locations.gpkg::building
01386017493,Amazon Web Services,OR,Morrow County,215555.0,45.8186963213564,-119.63626874113693,im3_us_data_center_locations,im3_us_data_center_locations.gpkg::building
01386017494,Amazon Web Services,OR,Morrow County,209033.0,45.819956584120796,-119.6362869627198,im3_us_data_center_locations,im3_us_data_center_locations.gpkg::building
01386017495,Amazon Web Services,OR,Umatilla County,211502.0,45.80963737114029,-119.26861513231998,im3_us_data_center_locations,im3_us_data_center_locations.gpkg::building
01386017496,Amazon Web Services,OR,Umatilla County,212806.0,45.808273447298724,-119.26861305271855,im3_us_data_center_locations,im3_us_data_center_locations.gpkg::building
01386017497,Amazon Web Services,OR,Umatilla County,215405.0,45.79902106441417,-119.36173272155504,im3_us_data_center_locations,im3_us_data_center_locations.gpkg::building
01386017498,Amazon Web Services,OR,Umatilla County,13837.0,45.799686801643226,-119.35844453136586,im3_us_data_center_locations,im3_us_data_center_locations.gpkg::building
01386017499,Amazon Web Services,OR,Umatilla County,13867.0,45.79773907760564,-119.3589196247444,im3_us_data_center_locations,im3_us_data_center_locations.gpkg::building
01386017500,CYS41 Datacenter,WY,Laramie County,46211.0,41.12439345701424,-104.89701277770264,im3_us_data_center_locations,im3_us_data_center_locations.gpkg::building
01386017501,CYS42 Datacenter,WY,Laramie County,60368.0,41.12538272388359,-104.90891013785874,im3_us_data_center_locations,im3_us_data_center_locations.gpkg::building
01386926534,xAI Macrohard Colossus 2,TN,Shelby County,961601.0,34.997983048006375,-90.03486737827305,im3_us_data_center_locations,im3_us_data_center_locations.gpkg::building
01387080629,,OK,Muskogee County,112466.0,35.56813484793012,-95.51241664405323,im3_us_data_center_locations,im3_us_data_center_locations.gpkg::building
01387391201,TikTok Data Center,VA,Loudoun County,169768.0,39.04424691818141,-77.53799755610363,im3_us_data_center_locations,im3_us_data_center_locations.gpkg::building
01391966326,Encompass Minneapolis Facility,MN,Anoka County,74101.0,45.13219704691406,-93.09562181940242,im3_us_data_center_locations,im3_us_data_center_locations.gpkg::building
01392657385,,KS,Johnson County,86525.0,38.939199687290184,-94.86018510466296,im3_us_data_center_locations,im3_us_data_center_locations.gpkg::building
01411056682,,OH,Franklin County,89315.0,40.05267287889233,-83.12742344787743,im3_us_data_center_locations,im3_us_data_center_locations.gpkg::building
01414729942,,WY,Campbell County,5975.0,44.18923686731807,-105.61048019591456,im3_us_data_center_locations,im3_us_data_center_locations.gpkg::building
01417637306,State of Montana Data Center,MT,Custer County,8493.0,46.40689745786043,-105.82064474453561,im3_us_data_center_locations,im3_us_data_center_locations.gpkg::building
01421212901,Switch Las Vegas 14,NV,Clark County,223997.0,36.065207561022845,-115.22204498756159,im3_us_data_center_locations,im3_us_data_center_locations.gpkg::building
01422101108,Google,NE,Douglas County,290161.0,41.339141584175756,-96.08466909067687,im3_us_data_center_locations,im3_us_data_center_locations.gpkg::building
01422101112,Google,NE,Douglas County,290130.0,41.34193880105854,-96.08771931019497,im3_us_data_center_locations,im3_us_data_center_locations.gpkg::building
01422101116,Google,NE,Douglas County,290105.0,41.345162392266765,-96.0935333091696,im3_us_data_center_locations,im3_us_data_center_locations.gpkg::building
01425043212,QTS NAL 2 DC1,OH,Licking County,163319.0,40.0556836587917,-82.75637526337734,im3_us_data_center_locations,im3_us_data_center_locations.gpkg::building
01425043213,QTS NAL 2 DC2,OH,Licking County,147657.0,40.053119892107304,-82.75657723017025,im3_us_data_center_locations,im3_us_data_center_locations.gpkg::building
01425043214,QTS NAL1 DC2,OH,Licking County,226711.0,40.06356213641001,-82.75816917488658,im3_us_data_center_locations,im3_us_data_center_locations.gpkg::building
01425043215,QTS NAL1 DC1,OH,Licking County,225116.0,40.06510848413083,-82.75805608235054,im3_us_data_center_locations,im3_us_data_center_locations.gpkg::building
01426146790,,IL,DuPage County,169253.0,41.795384289880126,-88.2469228118375,im3_us_data_center_locations,im3_us_data_center_locations.gpkg::building
01426525184,Google,TX,Ellis County,288830.0,32.5389942949367,-96.79316889732078,im3_us_data_center_locations,im3_us_data_center_locations.gpkg::building
01426525212,Compass Data Center,TX,Ellis County,248978.0,32.54551791172823,-96.80209872095472,im3_us_data_center_locations,im3_us_data_center_locations.gpkg::building
01426525213,Compass Data Center,TX,Ellis County,248985.0,32.54420541262749,-96.80208059236521,im3_us_data_center_locations,im3_us_data_center_locations.gpkg::building
01426525214,Compass Data Center,TX,Ellis County,248988.0,32.542912612627966,-96.80208539236521,im3_us_data_center_locations,im3_us_data_center_locations.gpkg::building
01426525215,Compass Data Center,TX,Ellis County,248989.0,32.541602011729644,-96.80209902095476,im3_us_data_center_locations,im3_us_data_center_locations.gpkg::building
01426525216,Compass Data Center,TX,Ellis County,247998.0,32.54029016067398,-96.80210588253378,im3_us_data_center_locations,im3_us_data_center_locations.gpkg::building
01426525217,Compass Data Center,TX,Ellis County,251939.0,32.54267431004566,-96.79361041648711,im3_us_data_center_locations,im3_us_data_center_locations.gpkg::building
01426525218,Compass Data Center,TX,Ellis County,251912.0,32.54399253578879,-96.7936108455581,im3_us_data_center_locations,im3_us_data_center_locations.gpkg::building
01426525219,Compass Data Center,TX,Ellis County,251911.0,32.54529698511378,-96.79364757119879,im3_us_data_center_locations,im3_us_data_center_locations.gpkg::building
01426525220,Compass Data Center,TX,Ellis County,251923.0,32.543965285497585,-96.7885069389561,im3_us_data_center_locations,im3_us_data_center_locations.gpkg::building
01426525221,Compass Data Center,TX,Ellis County,251941.0,32.545296653507904,-96.7884905818255,im3_us_data_center_locations,im3_us_data_center_locations.gpkg::building
01426663252,,VA,Fairfax County,113584.0,38.92310082624394,-77.42497941796181,im3_us_data_center_locations,im3_us_data_center_locations.gpkg::building
01426663253,,VA,Fairfax County,131768.0,38.936479140978506,-77.42469054341261,im3_us_data_center_locations,im3_us_data_center_locations.gpkg::building
01427613543,Google NBY-7,OH,Licking County,175532.0,40.05393985497952,-82.7644472443362,im3_us_data_center_locations,im3_us_data_center_locations.gpkg::building
01427613544,Vantage Building 1,OH,Licking County,245446.0,40.10249753450011,-82.74695373508102,im3_us_data_center_locations,im3_us_data_center_locations.gpkg::building
01427613545,Vantage Building 2,OH,Licking County,237734.0,40.1005314675866,-82.74711627367479,im3_us_data_center_locations,im3_us_data_center_locations.gpkg::building
01427613546,Vantage Building 3,OH,Licking County,222450.0,40.098765283375776,-82.74724322674068,im3_us_data_center_locations,im3_us_data_center_locations.gpkg::building
01429883881,Microsoft,WA,Grant County,143441.0,47.238592409813435,-119.88741175976489,im3_us_data_center_locations,im3_us_data_center_locations.gpkg::building
01432637060,,TX,Bexar County,154443.0,29.449680291111807,-98.71438661856558,im3_us_data_center_locations,im3_us_data_center_locations.gpkg::building
01432637061,,TX,Bexar County,154441.0,29.450930841457122,-98.71389142350314,im3_us_data_center_locations,im3_us_data_center_locations.gpkg::building
01432637062,,TX,Bexar County,154439.0,29.452230540342494,-98.71404701630988,im3_us_data_center_locations,im3_us_data_center_locations.gpkg::building
01433936352,,MO,Clay County,307414.0,39.32263663463124,-94.59492397885744,im3_us_data_center_locations,im3_us_data_center_locations.gpkg::building
01443187163,CloudHQ LC3,VA,Loudoun County,241208.0,39.01121179839231,-77.46040491955637,im3_us_data_center_locations,im3_us_data_center_locations.gpkg::building
01443620406,Alinged Data Center,TX,Tarrant County,188257.0,32.54982270825038,-97.07485524976093,im3_us_data_center_locations,im3_us_data_center_locations.gpkg::building
01443922527,,VA,Loudoun County,149008.0,39.05599415738426,-77.54733847235092,im3_us_data_center_locations,im3_us_data_center_locations.gpkg::building
01443922528,,VA,Loudoun County,106352.0,39.05781905081905,-77.54673255066474,im3_us_data_center_locations,im3_us_data_center_locations.gpkg::building
01443922535,,VA,Loudoun County,200733.0,39.08219102890557,-77.56511220760098,im3_us_data_center_locations,im3_us_data_center_locations.gpkg::building
01446350367,NTT Chicago CH3,IL,DuPage County,83897.0,41.98691359199497,-88.00800375413563,im3_us_data_center_locations,im3_us_data_center_locations.gpkg::building
01446350370,NTT Chicago CH4,IL,DuPage County,101346.0,41.98909513231781,-88.00476482597362,im3_us_data_center_locations,im3_us_data_center_locations.gpkg::building
01447029365,Microsoft Data Center 2,VA,Prince William County,247070.0,38.79995610690815,-77.58337970648039,im3_us_data_center_locations,im3_us_data_center_locations.gpkg::building
01447049070,,OH,Franklin County,261665.0,40.0207608591313,-83.12417577793775,im3_us_data_center_locations,im3_us_data_center_locations.gpkg::building
01447049071,,OH,Franklin County,130027.0,40.0212015751041,-83.12318764145307,im3_us_data_center_locations,im3_us_data_center_locations.gpkg::building
01454573842,,MN,Dakota County,328419.0,44.7347589273926,-93.06186047500412,im3_us_data_center_locations,im3_us_data_center_locations.gpkg::building
01454573843,,MN,Dakota County,273743.0,44.734508305632374,-93.06488082739824,im3_us_data_center_locations,im3_us_data_center_locations.gpkg::building
01454813845,,IA,Polk County,263944.0,41.514853067630966,-93.72088557839349,im3_us_data_center_locations,im3_us_data_center_locations.gpkg::building
01454813846,,IA,Polk County,263950.0,41.51388771763131,-93.72140957839251,im3_us_data_center_locations,im3_us_data_center_locations.gpkg::building
01455361421,IONIC Digital Cedarvale,TX,Ward County,2238928.0,31.513473610030374,-103.44862076924288,im3_us_data_center_locations,im3_us_data_center_locations.gpkg::building
01455915217,,ID,Ada County,311564.0,43.46314906556169,-116.26822782648121,im3_us_data_center_locations,im3_us_data_center_locations.gpkg::building
01455915218,,ID,Ada County,374271.0,43.46334884091311,-116.27208493714188,im3_us_data_center_locations,im3_us_data_center_locations.gpkg::building
01456953254,East Kentucky Network Datacenter,KY,Floyd County,15594.0,37.600176716138854,-82.67876276810777,im3_us_data_center_locations,im3_us_data_center_locations.gpkg::building
01456975947,,AZ,Maricopa County,652528.0,33.34718733044236,-111.6324625173746,im3_us_data_center_locations,im3_us_data_center_locations.gpkg::building
01456975948,,AZ,Maricopa County,652573.0,33.346322514530925,-111.6289166123353,im3_us_data_center_locations,im3_us_data_center_locations.gpkg::building
01456975949,,AZ,Maricopa County,337459.0,33.347168811477516,-111.62596778673522,im3_us_data_center_locations,im3_us_data_center_locations.gpkg::building
01457383500,,TX,Angelina County,12987.0,31.194175662576733,-94.79677175730814,im3_us_data_center_locations,im3_us_data_center_locations.gpkg::building
01458626323,Google,TX,Ellis County,282284.0,32.44011676786547,-97.06091510587594,im3_us_data_center_locations,im3_us_data_center_locations.gpkg::building
01460776170,,VA,Loudoun County,139936.0,39.05526150263189,-77.54482173192463,im3_us_data_center_locations,im3_us_data_center_locations.gpkg::building
01460776171,,VA,Loudoun County,116829.0,39.05412168578732,-77.54599489429808,im3_us_data_center_locations,im3_us_data_center_locations.gpkg::building
01460776174,,VA,Loudoun County,303500.0,39.051020513612634,-77.5347491015584,im3_us_data_center_locations,im3_us_data_center_locations.gpkg::building
01460847458,EdgeCore Silicon Valley,CA,Santa Clara County,80443.0,37.38371826652648,-121.96538823847324,im3_us_data_center_locations,im3_us_data_center_locations.gpkg::building
01460855151,STACK SVY02,CA,Santa Clara County,136083.0,37.36193156366279,-121.95374429776638,im3_us_data_center_locations,im3_us_data_center_locations.gpkg::building
01460861317,Amazon AWS SAT - 12807 Donop,TX,Bexar County,110391.0,29.293005176230842,-98.39162546590185,im3_us_data_center_locations,im3_us_data_center_locations.gpkg::building
01461896928,Prime DFW01-01,TX,Dallas County,49683.0,32.83781408062895,-96.87984573921815,im3_us_data_center_locations,im3_us_data_center_locations.gpkg::building
01462886682,,OH,Franklin County,100131.0,40.115815974371074,-83.00154872692079,im3_us_data_center_locations,im3_us_data_center_locations.gpkg::building
01464257783,Google,VA,Prince William County,289592.0,38.779293094525954,-77.58633953014488,im3_us_data_center_locations,im3_us_data_center_locations.gpkg::building
01464257784,QTS Manassas DC1,VA,Prince William County,128120.0,38.752551271861215,-77.51252254455412,im3_us_data_center_locations,im3_us_data_center_locations.gpkg::building
01470108469,,WA,Grant County,504350.0,47.240178688965116,-119.86320668797937,im3_us_data_center_locations,im3_us_data_center_locations.gpkg::building
01470261550,SPC4A,TN,Montgomery County,169749.0,36.62405506342714,-87.25691732953204,im3_us_data_center_locations,im3_us_data_center_locations.gpkg::building
01472128597,QTS,GA,Fayette County,227238.0,33.44836060805451,-84.52265191627977,im3_us_data_center_locations,im3_us_data_center_locations.gpkg::building
01472128598,QTS,GA,Fayette County,340589.0,33.450931799506705,-84.52361886278894,im3_us_data_center_locations,im3_us_data_center_locations.gpkg::building
01473440674,,UT,Utah County,378788.0,40.26585616535565,-112.0194203234161,im3_us_data_center_locations,im3_us_data_center_locations.gpkg::building
01473440676,,UT,Utah County,310201.0,40.26987560376367,-112.01945256629081,im3_us_data_center_locations,im3_us_data_center_locations.gpkg::building
00009474864,Google Data Center,NC,Caldwell County,3407194.0,35.89473769568106,-81.54651452543965,im3_us_data_center_locations,im3_us_data_center_locations.gpkg::campus
00013924557,Project Alluvion,IA,Polk County,11169421.0,41.515966831711985,-93.71182964871085,im3_us_data_center_locations,im3_us_data_center_locations.gpkg::campus
00014593270,Apple - Maiden Data Center,NC,Catawba County,5431080.0,35.588771360781784,-81.26180877040838,im3_us_data_center_locations,im3_us_data_center_locations.gpkg::campus
00014997588,Meta Henrico Data Center,VA,Henrico County,4671056.0,37.482763284885785,-77.23645509442149,im3_us_data_center_locations,im3_us_data_center_locations.gpkg::campus
00018518989,Meta Huntsville Data Center,AL,Madison County,14435561.0,34.844244678024516,-86.62831680386925,im3_us_data_center_locations,im3_us_data_center_locations.gpkg::campus
00019988712,Meta Prineville Datacenter,OR,Crook County,17379079.0,44.29844323079028,-120.88638228128598,im3_us_data_center_locations,im3_us_data_center_locations.gpkg::campus
00019993392,Apple Prineville Datacenter,OR,Crook County,15637431.0,44.28455821302781,-120.86588333153831,im3_us_data_center_locations,im3_us_data_center_locations.gpkg::campus
00034770750,Hewlett-Packard,GA,Fulton County,1294301.0,34.0822260639216,-84.26744994290632,im3_us_data_center_locations,im3_us_data_center_locations.gpkg::campus
00231769626,Google Data Center The Dalles Oregon,OR,Wasco County,1487396.0,45.63204799165709,-121.20130223060461,im3_us_data_center_locations,im3_us_data_center_locations.gpkg::campus
00283051472,Intergate Quincy Data Center,WA,Grant County,4318512.0,47.24532712863972,-119.81593119578889,im3_us_data_center_locations,im3_us_data_center_locations.gpkg::campus
00283051474,H5 Data Center,WA,Grant County,2700606.0,47.251411489874954,-119.8187531190913,im3_us_data_center_locations,im3_us_data_center_locations.gpkg::campus
00283051477,Yahoo Data Center,WA,Grant County,2171290.0,47.24698453090597,-119.82778184700375,im3_us_data_center_locations,im3_us_data_center_locations.gpkg::campus
00283051487,NTTData Data Center,WA,Grant County,3068566.0,47.24435998530277,-119.86463264336115,im3_us_data_center_locations,im3_us_data_center_locations.gpkg::campus
00414055237,Microsoft CYS Datacenter,WY,Laramie County,8353216.0,41.12341444962218,-104.90530165717429,im3_us_data_center_locations,im3_us_data_center_locations.gpkg::campus
00450078003,Equinix CU2,VA,Culpeper County,1299936.0,38.454936889103365,-77.97818714607277,im3_us_data_center_locations,im3_us_data_center_locations.gpkg::campus
00460053028,Amazon Web Services Datacenter Complex,VA,Loudoun County,1088049.0,39.0265748165722,-77.45106545332197,im3_us_data_center_locations,im3_us_data_center_locations.gpkg::campus
00460053030,Amazon Web Services,VA,Loudoun County,1022344.0,39.02886985735719,-77.4586618970949,im3_us_data_center_locations,im3_us_data_center_locations.gpkg::campus
00460056018,,VA,Loudoun County,709715.0,38.9865020849492,-77.44219586774605,im3_us_data_center_locations,im3_us_data_center_locations.gpkg::campus
00460067220,Amazon Web Services Datacenter Complex,OH,Licking County,1106310.0,40.09388273554784,-82.75171093377944,im3_us_data_center_locations,im3_us_data_center_locations.gpkg::campus
00460067225,Amazon AWS: Hilliard Data Center,OH,Franklin County,2578490.0,40.059902191478876,-83.13425799033122,im3_us_data_center_locations,im3_us_data_center_locations.gpkg::campus
00460167190,Intergate Columbia,WA,Douglas County,2771098.0,47.40758787947685,-120.19173054919484,im3_us_data_center_locations,im3_us_data_center_locations.gpkg::campus
00495115494,,CA,Los Angeles County,25505.0,34.04791495021397,-118.2555689501841,im3_us_data_center_locations,im3_us_data_center_locations.gpkg::campus
00545730285,Altoona Meta Data Center,IA,Polk County,26568553.0,41.66969372876868,-93.51143854964342,im3_us_data_center_locations,im3_us_data_center_locations.gpkg::campus
00567575428,Apple Mesa Data Center,AZ,Maricopa County,3983906.0,33.34679827603292,-111.60431805940925,im3_us_data_center_locations,im3_us_data_center_locations.gpkg::campus
00578412815,Meta Los Lunas Data Center,NM,Valencia County,21836553.0,34.8302282334924,-106.77989614196927,im3_us_data_center_locations,im3_us_data_center_locations.gpkg::campus
00578435601,Google Datacenter - Douglas County,GA,Douglas County,2608502.0,33.7505902365265,-84.58522343651347,im3_us_data_center_locations,im3_us_data_center_locations.gpkg::campus
00578438011,Google,IA,Pottawattamie County,2304742.0,41.22165804807755,-95.86449775401766,im3_us_data_center_locations,im3_us_data_center_locations.gpkg::campus
00626226408,Google Berkeley County Data Center,SC,Berkeley County,8310940.0,33.06378014460109,-80.04215854242156,im3_us_data_center_locations,im3_us_data_center_locations.gpkg::campus
00635022480,Ascent - Atlanta Data Center,GA,Fulton County,595317.0,34.05713671179483,-84.27302456443608,im3_us_data_center_locations,im3_us_data_center_locations.gpkg::campus
00640148472,CyrusOne Quincy,WA,Grant County,1779563.0,47.243696120678365,-119.86960399091235,im3_us_data_center_locations,im3_us_data_center_locations.gpkg::campus
00649365745,NTT Ashburn Campus,VA,Loudoun County,2116133.0,39.017730318422956,-77.47198105085518,im3_us_data_center_locations,im3_us_data_center_locations.gpkg::campus
00675108684,Microsoft Boydton Data Center,VA,Mecklenburg County,11273954.0,36.685373308018725,-78.37655327186563,im3_us_data_center_locations,im3_us_data_center_locations.gpkg::campus
00688722307,Bank of America Data Center,VA,Henrico County,2209960.0,37.49580861055279,-77.23828608770066,im3_us_data_center_locations,im3_us_data_center_locations.gpkg::campus
00696985482,,VA,Loudoun County,402308.0,38.99945874398648,-77.4498761385079,im3_us_data_center_locations,im3_us_data_center_locations.gpkg::campus
00696992451,,VA,Prince William County,989045.0,38.79098152194525,-77.54831684502851,im3_us_data_center_locations,im3_us_data_center_locations.gpkg::campus
00697021949,,VA,Prince William County,1278242.0,38.81581597741176,-77.65269565653946,im3_us_data_center_locations,im3_us_data_center_locations.gpkg::campus
00700001774,Microsoft MWH Data Center,WA,Grant County,8381014.0,47.23776925865819,-119.88771018102906,im3_us_data_center_locations,im3_us_data_center_locations.gpkg::campus
00700431553,Google Taylor Lake Data Center,OR,Wasco County,1100932.0,45.63852891759573,-121.20240398131145,im3_us_data_center_locations,im3_us_data_center_locations.gpkg::campus
00706726088,Stonewall Creek Business Park,VA,Loudoun County,1291753.0,39.051431729239994,-77.53939966702264,im3_us_data_center_locations,im3_us_data_center_locations.gpkg::campus
00708155014,QTS Richmond Data Center,VA,Henrico County,3801096.0,37.48900065235947,-77.24588647315302,im3_us_data_center_locations,im3_us_data_center_locations.gpkg::campus
00708931343,Google Montgomery Data Center,TN,Montgomery County,26612163.0,36.628576033072235,-87.2600112195247,im3_us_data_center_locations,im3_us_data_center_locations.gpkg::campus
00711811006,,WY,Laramie County,571755.0,41.12869983787105,-104.89703157236751,im3_us_data_center_locations,im3_us_data_center_locations.gpkg::campus
00714120969,DataBank Plano Data Center,TX,Collin County,375691.0,33.08756902002124,-96.81513069944252,im3_us_data_center_locations,im3_us_data_center_locations.gpkg::campus
00714139864,Equinix,NJ,Hudson County,535110.0,40.77506789883385,-74.0686769901749,im3_us_data_center_locations,im3_us_data_center_locations.gpkg::campus
00714622339,Google Data Center,VA,Loudoun County,2143143.0,38.942771434884214,-77.52625036711285,im3_us_data_center_locations,im3_us_data_center_locations.gpkg::campus
00714622340,Amazon Fadeley III,VA,Loudoun County,1654964.0,38.94833223285257,-77.5215991553083,im3_us_data_center_locations,im3_us_data_center_locations.gpkg::campus
00714776107,Skybox Houston One,TX,Harris County,344540.0,29.80286842346413,-95.75545033077461,im3_us_data_center_locations,im3_us_data_center_locations.gpkg::campus
00714889192,Google Jackson County Data Center,AL,Jackson County,7582142.0,34.914333709146234,-85.74826082398661,im3_us_data_center_locations,im3_us_data_center_locations.gpkg::campus
00714941629,Sarpy Meta Data Center,NE,Sarpy County,5922319.0,41.121753730397295,-96.14372146857282,im3_us_data_center_locations,im3_us_data_center_locations.gpkg::campus
00715098032,T5 Charlotte Campus,NC,Cleveland County,379990.0,35.25044990396285,-81.3950094307914,im3_us_data_center_locations,im3_us_data_center_locations.gpkg::campus
00723117951,STACK New Albany,OH,Franklin County,563283.0,40.106353701609386,-82.8007477594743,im3_us_data_center_locations,im3_us_data_center_locations.gpkg::campus
00795853621,Sarpy Meta Data Center,NE,Sarpy County,6242843.0,41.12194722186616,-96.13364372425686,im3_us_data_center_locations,im3_us_data_center_locations.gpkg::campus
00813688320,Actapio,WA,Douglas County,362519.0,47.407417055353164,-120.21413428085418,im3_us_data_center_locations,im3_us_data_center_locations.gpkg::campus
00819981908,TierPoint,TN,Williamson County,285740.0,35.92450968308544,-86.85568727257493,im3_us_data_center_locations,im3_us_data_center_locations.gpkg::campus
00826001605,,TN,Williamson County,1834566.0,36.02321854497319,-86.7915321749878,im3_us_data_center_locations,im3_us_data_center_locations.gpkg::campus
00827888890,EdgeCore Digital,AZ,Maricopa County,1602504.0,33.3442978188128,-111.62196431898784,im3_us_data_center_locations,im3_us_data_center_locations.gpkg::campus
00830885779,Project Osmium,IA,Madison County,3691114.0,41.4982126945884,-93.78856494092211,im3_us_data_center_locations,im3_us_data_center_locations.gpkg::campus
00830885779,Project Osmium,IA,Warren County,3691114.0,41.4982126945884,-93.78856494092211,im3_us_data_center_locations,im3_us_data_center_locations.gpkg::campus
00836908998,Sungard Systems International,AL,Jefferson County,665569.0,33.40471562419184,-86.91145719083487,im3_us_data_center_locations,im3_us_data_center_locations.gpkg::campus
00840582927,Middletown Data Center,VA,Frederick County,273198.0,39.017644447296405,-78.29095951194115,im3_us_data_center_locations,im3_us_data_center_locations.gpkg::campus
00844359205,Google Data Center,NV,Clark County,2037873.0,36.05779722778458,-115.00905166700049,im3_us_data_center_locations,im3_us_data_center_locations.gpkg::campus
00876120402,DBT Data - Harrisonburg Center,VA,Harrisonburg city,505755.0,38.46254477041857,-78.8567969651793,im3_us_data_center_locations,im3_us_data_center_locations.gpkg::campus
00883809862,Facebook Forest City Data Center,NC,Rutherford County,4849510.0,35.315698382784056,-81.82474729583835,im3_us_data_center_locations,im3_us_data_center_locations.gpkg::campus
00897226573,Arcola Tech Park,VA,Loudoun County,1735467.0,38.94928209940735,-77.55535615935244,im3_us_data_center_locations,im3_us_data_center_locations.gpkg::campus
00923167491,,NC,Union County,608141.0,35.179383199219835,-80.57017464245234,im3_us_data_center_locations,im3_us_data_center_locations.gpkg::campus
00931729011,,TX,Collin County,605006.0,33.00895262021403,-96.67610355446038,im3_us_data_center_locations,im3_us_data_center_locations.gpkg::campus
00943987942,Wave Broadband Tahoma Terra Facility,WA,Thurston County,9139.0,46.94142447057516,-122.62504386293934,im3_us_data_center_locations,im3_us_data_center_locations.gpkg::campus
00958153769,DLI ONE,GA,Muscogee County,420795.0,32.4980963034713,-84.88357121180205,im3_us_data_center_locations,im3_us_data_center_locations.gpkg::campus
00998245264,Microsoft Data Center - Hoffman Estates,IL,Cook County,2105271.0,42.07695198404611,-88.13389076420349,im3_us_data_center_locations,im3_us_data_center_locations.gpkg::campus
01019770124,DeKalb Meta Data Center,IL,DeKalb County,12793294.0,41.889040347505414,-88.72856898056978,im3_us_data_center_locations,im3_us_data_center_locations.gpkg::campus
01020953454,Digital Loudoun Plaza,VA,Loudoun County,686547.0,39.0046791526227,-77.48497952310191,im3_us_data_center_locations,im3_us_data_center_locations.gpkg::campus
01020953461,Digital Loudoun Plaza,VA,Loudoun County,2859895.0,39.00169800147741,-77.48159549467017,im3_us_data_center_locations,im3_us_data_center_locations.gpkg::campus
01022744244,AWS,VA,Loudoun County,1789925.0,38.98103411725457,-77.41779460624687,im3_us_data_center_locations,im3_us_data_center_locations.gpkg::campus
01022744248,AWS,VA,Loudoun County,1069380.0,38.98782988809138,-77.41110852642319,im3_us_data_center_locations,im3_us_data_center_locations.gpkg::campus
01022757169,AWS,VA,Loudoun County,1128056.0,38.981619328745744,-77.42605829279701,im3_us_data_center_locations,im3_us_data_center_locations.gpkg::campus
01022757170,,VA,Loudoun County,384105.0,38.98473223230382,-77.4257836910691,im3_us_data_center_locations,im3_us_data_center_locations.gpkg::campus
01035123482,Meta Eagle Mountain Data Center,UT,Utah County,22734233.0,40.26819070295294,-112.01771937397096,im3_us_data_center_locations,im3_us_data_center_locations.gpkg::campus
01038780426,Sarpy Meta Data Center,NE,Sarpy County,7817408.0,41.11410707210003,-96.14365637259768,im3_us_data_center_locations,im3_us_data_center_locations.gpkg::campus
01054387470,Meta Stanton Springs Data Center,GA,Newton County,9032398.0,33.60076107577663,-83.70034219452744,im3_us_data_center_locations,im3_us_data_center_locations.gpkg::campus
01083297858,Meta Data Center,AZ,Maricopa County,14850970.0,33.343592283212516,-111.6303055253432,im3_us_data_center_locations,im3_us_data_center_locations.gpkg::campus
01126774147,Meta Kansas City Data Center,MO,Clay County,13516765.0,39.32235240495545,-94.59555838490552,im3_us_data_center_locations,im3_us_data_center_locations.gpkg::campus
01126774147,Meta Kansas City Data Center,MO,Platte County,13516765.0,39.32235240495545,-94.59555838490552,im3_us_data_center_locations,im3_us_data_center_locations.gpkg::campus
01161730862,,VA,Loudoun County,1524370.0,38.95733457436757,-77.49759322033701,im3_us_data_center_locations,im3_us_data_center_locations.gpkg::campus
01178649864,Meta Kuna Data Center,ID,Ada County,15951730.0,43.4631412647369,-116.26750729921301,im3_us_data_center_locations,im3_us_data_center_locations.gpkg::campus
01207052719,QTS Suwanee,GA,Gwinnett County,1452037.0,34.03623058231168,-84.05926627312874,im3_us_data_center_locations,im3_us_data_center_locations.gpkg::campus
01213758201,Gallatin Data Center,TN,Sumner County,17045005.0,36.408653770477216,-86.37031411803846,im3_us_data_center_locations,im3_us_data_center_locations.gpkg::campus
01227539675,Equinix DC14,VA,Prince William County,222846.0,38.803345027236205,-77.51061642582921,im3_us_data_center_locations,im3_us_data_center_locations.gpkg::campus
01254161871,Dynamics Mining,KY,Hopkins County,442423.0,37.362990903258414,-87.54712130515388,im3_us_data_center_locations,im3_us_data_center_locations.gpkg::campus
01281982556,"Google Lockbourne, OH",OH,Franklin County,11463730.0,39.848752677367955,-82.99616096097107,im3_us_data_center_locations,im3_us_data_center_locations.gpkg::campus
01281982572,Amazon New Albany: Jug and Beach Road,OH,Licking County,1524640.0,40.09907370699043,-82.75147401690785,im3_us_data_center_locations,im3_us_data_center_locations.gpkg::campus
01282875386,MineOne Wyoming Data Center,WY,Laramie County,306030.0,41.125124440694,-104.89498384404324,im3_us_data_center_locations,im3_us_data_center_locations.gpkg::campus
01292169104,T5@Cleveland,OH,Cuyahoga County,974789.0,41.44249497050612,-81.80285198960169,im3_us_data_center_locations,im3_us_data_center_locations.gpkg::campus
01301559332,MARA Data Center,TX,Hood County,1768886.0,32.34174517429652,-97.73122803004239,im3_us_data_center_locations,im3_us_data_center_locations.gpkg::campus
01312295357,Meta Aiken Data Center,SC,Aiken County,3608146.0,33.642273149086826,-81.84262698059472,im3_us_data_center_locations,im3_us_data_center_locations.gpkg::campus
01314355599,Switch Las Vegas 12,NV,Clark County,484037.0,36.05813028989026,-115.21038851286191,im3_us_data_center_locations,im3_us_data_center_locations.gpkg::campus
01333289545,Meta Rosemount Data Center,MN,Dakota County,10334558.0,44.73502983558099,-93.06262672085373,im3_us_data_center_locations,im3_us_data_center_locations.gpkg::campus
01343769701,QTS Ashburn-Shellhorn,VA,Loudoun County,829536.0,38.998536773549944,-77.47494238152574,im3_us_data_center_locations,im3_us_data_center_locations.gpkg::campus
01343774537,CloudHQ Ashburn Campus,VA,Loudoun County,1553192.0,39.01071824022996,-77.46211284959409,im3_us_data_center_locations,im3_us_data_center_locations.gpkg::campus
01344366214,CyrusOne SAT10 & SAT11,TX,Bexar County,934177.0,29.418348645320783,-98.78780547219755,im3_us_data_center_locations,im3_us_data_center_locations.gpkg::campus
01344376232,NTT Silicon Valley data center campus,CA,Santa Clara County,143246.0,37.36897448736602,-121.95536447297926,im3_us_data_center_locations,im3_us_data_center_locations.gpkg::campus
01346610234,CyrusOne Cincinnati-Hamilton CIN4,OH,Butler County,1543625.0,39.38523874936671,-84.5661312857646,im3_us_data_center_locations,im3_us_data_center_locations.gpkg::campus
01377162298,Meta Bowling Green Data Center,OH,Wood County,21498189.0,41.46529826036125,-83.63835552524,im3_us_data_center_locations,im3_us_data_center_locations.gpkg::campus
01387391200,True North Data Centers,VA,Loudoun County,4583218.0,39.04372564306367,-77.53741191978271,im3_us_data_center_locations,im3_us_data_center_locations.gpkg::campus
01422191450,Applied Digital / Ellendale Data Center,ND,Dickey County,2706037.0,46.013549459536904,-98.57244091744637,im3_us_data_center_locations,im3_us_data_center_locations.gpkg::campus
01450418654,Riot Rockdale,TX,Milam County,4357993.0,30.57331452461579,-97.08018498547703,im3_us_data_center_locations,im3_us_data_center_locations.gpkg::campus
01450422488,Riot Corsiana,TX,Navarro County,11717820.0,31.969859243171552,-96.51328904143112,im3_us_data_center_locations,im3_us_data_center_locations.gpkg::campus
01450788161,Riot Kentucky,KY,McCracken County,223516.0,37.08923909811934,-88.70305756107939,im3_us_data_center_locations,im3_us_data_center_locations.gpkg::campus
01453996659,Meta Beaver Dam Data Center,WI,Dodge County,18261491.0,43.510374241426895,-88.81652212808933,im3_us_data_center_locations,im3_us_data_center_locations.gpkg::campus
01455907959,Meta Cheyenne Data Center,WY,Laramie County,11352010.0,41.0779035259037,-104.82549757192865,im3_us_data_center_locations,im3_us_data_center_locations.gpkg::campus
01459680304,Newrays Two LLC Mining,TN,Henry County,85491.0,36.3270316008224,-88.32007315006497,im3_us_data_center_locations,im3_us_data_center_locations.gpkg::campus
01459880367,Amazon Canton Data Center,MS,Madison County,16581378.0,32.597993067055405,-90.0918524305196,im3_us_data_center_locations,im3_us_data_center_locations.gpkg::campus
01465196735,QTS North HIL3 North Building,OR,Washington County,176342.0,45.572027578605635,-122.91848930131913,im3_us_data_center_locations,im3_us_data_center_locations.gpkg::campus
01465196736,QTS North HIL3 South Building,OR,Washington County,215922.0,45.57007707507895,-122.91989791093344,im3_us_data_center_locations,im3_us_data_center_locations.gpkg::campus
00254756938,CenturyLink,NV,Clark County,49212.0,36.143716212884904,-115.08338594607392,im3_us_data_center_locations,im3_us_data_center_locations.gpkg::campus
00509611414,Texas Cryptologic Center,TX,Bexar County,465165.0,29.447408414068715,-98.64068795395536,im3_us_data_center_locations,im3_us_data_center_locations.gpkg::campus
00518921099,Google Data Center,AZ,Maricopa County,7905597.0,33.35397593532737,-111.67591118204943,im3_us_data_center_locations,im3_us_data_center_locations.gpkg::campus
00680666647,Centeris,WA,Pierce County,1848925.0,47.15959194833818,-122.2796841184508,im3_us_data_center_locations,im3_us_data_center_locations.gpkg::campus
00685011021,Iron Mountain AZP-2,AZ,Maricopa County,463636.0,33.45214088175117,-111.97730491362317,im3_us_data_center_locations,im3_us_data_center_locations.gpkg::campus
00713411278,,TX,Travis County,505061.0,30.207137561725276,-97.70066952274375,im3_us_data_center_locations,im3_us_data_center_locations.gpkg::campus
00713411279,,TX,Travis County,249430.0,30.205950600248734,-97.69793314800336,im3_us_data_center_locations,im3_us_data_center_locations.gpkg::campus
00714139868,CoreSite Secaucus Campus,NJ,Hudson County,438062.0,40.78433424839382,-74.06526820534951,im3_us_data_center_locations,im3_us_data_center_locations.gpkg::campus
00844391357,Google Data Center,OH,Franklin County,22688090.0,40.05820687502756,-82.76621082766692,im3_us_data_center_locations,im3_us_data_center_locations.gpkg::campus
00844391357,Google Data Center,OH,Licking County,22688090.0,40.05820687502756,-82.76621082766692,im3_us_data_center_locations,im3_us_data_center_locations.gpkg::campus
00897226569,Microsoft Data Center,VA,Loudoun County,1575278.0,38.949312045394976,-77.5594854254625,im3_us_data_center_locations,im3_us_data_center_locations.gpkg::campus
00930540164,,CA,San Diego County,13597.0,33.15360010009989,-117.23884634999425,im3_us_data_center_locations,im3_us_data_center_locations.gpkg::campus
00936368014,,NJ,Somerset County,284322.0,40.5242144195126,-74.54801971324707,im3_us_data_center_locations,im3_us_data_center_locations.gpkg::campus
00989352911,,NJ,Somerset County,259234.0,40.543339080969226,-74.53843497464507,im3_us_data_center_locations,im3_us_data_center_locations.gpkg::campus
01012918195,,GA,Fulton County,174649.0,34.06098518875687,-84.27398204266025,im3_us_data_center_locations,im3_us_data_center_locations.gpkg::campus
01052182309,,AZ,Maricopa County,365629.0,33.49340636611736,-112.07061506346676,im3_us_data_center_locations,im3_us_data_center_locations.gpkg::campus
01092757323,Compute North,NE,Buffalo County,356125.0,40.72592346991134,-99.03832882211478,im3_us_data_center_locations,im3_us_data_center_locations.gpkg::campus
01226436457,CyrusOne OCB1 Council Bluffs,IA,Pottawattamie County,382799.0,41.2122139766782,-95.87801936248775,im3_us_data_center_locations,im3_us_data_center_locations.gpkg::campus
01317915930,Centersquare Ashburn IAD4 Data Center,VA,Loudoun County,287687.0,39.02194771328794,-77.45319381679391,im3_us_data_center_locations,im3_us_data_center_locations.gpkg::campus
01339825480,,NE,Douglas County,21448981.0,41.3425757499019,-96.09132616357905,im3_us_data_center_locations,im3_us_data_center_locations.gpkg::campus
01356594646,NTT PH1 Datacenter,AZ,Maricopa County,3498780.0,33.353820971794995,-111.61234316481308,im3_us_data_center_locations,im3_us_data_center_locations.gpkg::campus
01357825755,Iron Mountain AZP-1,AZ,Maricopa County,1290579.0,33.45448755055384,-111.97645506133327,im3_us_data_center_locations,im3_us_data_center_locations.gpkg::campus
